### AUTO_GENERATED FILE - DO NOT EDIT MANUALLY! ###;;;;;;;;;;;;;;x
light_armor_brigade_design_hidden;Light Armour Designs;;;;;;;;;;;;x
light_armor_brigade_design_hidden_1;Model 1935;;;;;;;;;;;;x
light_armor_brigade_design_hidden_2;Model 1937;;;;;;;;;;;;x
light_armor_brigade_design_hidden_3;Model 1938;;;;;;;;;;;;x
light_armor_brigade_design_hidden_4;Model 1939;;;;;;;;;;;;x
light_armor_brigade_design_hidden_5;Model 1940;;;;;;;;;;;;x
light_armor_brigade_design_hidden_6;Model 1941;;;;;;;;;;;;x
light_armor_brigade_design_hidden_7;Model 1942;;;;;;;;;;;;x
light_armor_brigade_design_hidden_8;Model 1943;;;;;;;;;;;;x
light_armor_brigade_design_hidden_9;Model 1944;;;;;;;;;;;;x
light_armor_brigade_design_hidden_10;Model 1945;;;;;;;;;;;;x
light_armor_brigade_design_hidden_11;Model 1946;;;;;;;;;;;;x
light_armor_brigade_design_hidden_12;Model 1947;;;;;;;;;;;;x
light_armor_brigade_design_hidden_13;Model 1948;;;;;;;;;;;;x
light_armor_brigade_design_hidden_14;Model 1949;;;;;;;;;;;;x
light_armor_brigade_design_hidden_15;Model 1950;;;;;;;;;;;;x
light_armor_brigade_design_hidden_16;Model 1951;;;;;;;;;;;;x
light_armor_brigade_design_hidden_17;Model 1952;;;;;;;;;;;;x
light_armor_brigade_design_hidden_18;Model 1953;;;;;;;;;;;;x
light_armor_brigade_design_hidden_19;Model 1954;;;;;;;;;;;;x
light_armor_brigade_design_hidden_20;Model 1955;;;;;;;;;;;;x
light_armor_brigade_design_hidden_21;Model 1956;;;;;;;;;;;;x
light_armor_brigade_design_hidden_22;Model 1957;;;;;;;;;;;;x
light_armor_brigade_design_hidden_23;Model 1958;;;;;;;;;;;;x
light_armor_brigade_design_hidden_24;Model 1959;;;;;;;;;;;;x
armor_brigade_design_hidden;Medium Armour Designs;;;;;;;;;;;;x
armor_brigade_design_hidden_1;Model 1937;;;;;;;;;;;;x
armor_brigade_design_hidden_2;Model 1938;;;;;;;;;;;;x
armor_brigade_design_hidden_3;Model 1939;;;;;;;;;;;;x
armor_brigade_design_hidden_4;Model 1940;;;;;;;;;;;;x
armor_brigade_design_hidden_5;Model 1941;;;;;;;;;;;;x
armor_brigade_design_hidden_6;Model 1942;;;;;;;;;;;;x
armor_brigade_design_hidden_7;Model 1943;;;;;;;;;;;;x
armor_brigade_design_hidden_8;Model 1944;;;;;;;;;;;;x
armor_brigade_design_hidden_9;Model 1945;;;;;;;;;;;;x
armor_brigade_design_hidden_10;Model 1946;;;;;;;;;;;;x
armor_brigade_design_hidden_11;Model 1947;;;;;;;;;;;;x
armor_brigade_design_hidden_12;Model 1948;;;;;;;;;;;;x
armor_brigade_design_hidden_13;Model 1949;;;;;;;;;;;;x
armor_brigade_design_hidden_14;Model 1950;;;;;;;;;;;;x
armor_brigade_design_hidden_15;Model 1951;;;;;;;;;;;;x
armor_brigade_design_hidden_16;Model 1952;;;;;;;;;;;;x
armor_brigade_design_hidden_17;Model 1953;;;;;;;;;;;;x
armor_brigade_design_hidden_18;Model 1954;;;;;;;;;;;;x
armor_brigade_design_hidden_19;Model 1955;;;;;;;;;;;;x
armor_brigade_design_hidden_20;Model 1956;;;;;;;;;;;;x
armor_brigade_design_hidden_21;Model 1957;;;;;;;;;;;;x
armor_brigade_design_hidden_22;Model 1958;;;;;;;;;;;;x
armor_brigade_design_hidden_23;Model 1959;;;;;;;;;;;;x
armor_brigade_design_hidden_24;Model 1960;;;;;;;;;;;;x
gasoline_engine_design_hidden;Gasoline engines;;;;;;;;;;;;x
gasoline_engine_design_hidden_1;Model 1935;;;;;;;;;;;;x
gasoline_engine_design_hidden_2;Model 1938;;;;;;;;;;;;x
gasoline_engine_design_hidden_3;Model 1941;;;;;;;;;;;;x
gasoline_engine_design_hidden_4;Model 1944;;;;;;;;;;;;x
gasoline_engine_design_hidden_5;Model 1947;;;;;;;;;;;;x
gasoline_engine_design_hidden_6;Model 1950;;;;;;;;;;;;x
gasoline_engine_design_hidden_7;Model 1953;;;;;;;;;;;;x
gasoline_engine_design_hidden_8;Model 1956;;;;;;;;;;;;x
gasoline_engine_design_hidden_9;Model 1959;;;;;;;;;;;;x
gasoline_engine_design_hidden_10;Model 1962;;;;;;;;;;;;x
gasoline_engine_design_hidden_11;Model 1965;;;;;;;;;;;;x
gasoline_engine_design_hidden_12;Model 1968;;;;;;;;;;;;x
diesel_engine_design_hidden;Diesel Engines;;;;;;;;;;;;x
diesel_engine_design_hidden_1;Model 1935;;;;;;;;;;;;x
diesel_engine_design_hidden_2;Model 1938;;;;;;;;;;;;x
diesel_engine_design_hidden_3;Model 1941;;;;;;;;;;;;x
diesel_engine_design_hidden_4;Model 1944;;;;;;;;;;;;x
diesel_engine_design_hidden_5;Model 1947;;;;;;;;;;;;x
diesel_engine_design_hidden_6;Model 1950;;;;;;;;;;;;x
diesel_engine_design_hidden_7;Model 1953;;;;;;;;;;;;x
diesel_engine_design_hidden_8;Model 1956;;;;;;;;;;;;x
diesel_engine_design_hidden_9;Model 1959;;;;;;;;;;;;x
diesel_engine_design_hidden_10;Model 1962;;;;;;;;;;;;x
diesel_engine_design_hidden_11;Model 1965;;;;;;;;;;;;x
diesel_engine_design_hidden_12;Model 1968;;;;;;;;;;;;x
small_calibre_gun_design_hidden;Small Calibre Tank Cannon and MGs;;;;;;;;;;;;x
small_calibre_gun_design_hidden_1;Model 1934;;;;;;;;;;;;x
small_calibre_gun_design_hidden_2;Model 1937;;;;;;;;;;;;x
small_calibre_gun_design_hidden_3;Model 1939;;;;;;;;;;;;x
small_calibre_gun_design_hidden_4;Model 1941;;;;;;;;;;;;x
small_calibre_gun_design_hidden_5;Model 1943;;;;;;;;;;;;x
small_calibre_gun_design_hidden_6;Model 1945;;;;;;;;;;;;x
small_calibre_gun_design_hidden_7;Model 1947;;;;;;;;;;;;x
small_calibre_gun_design_hidden_8;Model 1949;;;;;;;;;;;;x
small_calibre_gun_design_hidden_9;Model 1951;;;;;;;;;;;;x
small_calibre_gun_design_hidden_10;Model 1953;;;;;;;;;;;;x
medium_velocity_gun_hidden;Medium Velocity Gun;;;;;;;;;;;;x
medium_velocity_gun_hidden_1;Model 1937;;;;;;;;;;;;x
medium_velocity_gun_hidden_2;Model 1940;;;;;;;;;;;;x
medium_velocity_gun_hidden_3;Model 1942;;;;;;;;;;;;x
medium_velocity_gun_hidden_4;Model 1944;;;;;;;;;;;;x
medium_velocity_gun_hidden_5;Model 1946;;;;;;;;;;;;x
medium_velocity_gun_hidden_6;Model 1948;;;;;;;;;;;;x
medium_velocity_gun_hidden_7;Model 1950;;;;;;;;;;;;x
medium_velocity_gun_hidden_8;Model 1952;;;;;;;;;;;;x
medium_velocity_gun_hidden_9;Model 1954;;;;;;;;;;;;x
medium_velocity_gun_hidden_10;Model 1956;;;;;;;;;;;;x
artillery_support_gun_design_hidden;Short Barrel HE Tank Gun;;;;;;;;;;;;x
artillery_support_gun_design_hidden_1;Model 1937;;;;;;;;;;;;x
artillery_support_gun_design_hidden_2;Model 1940;;;;;;;;;;;;x
artillery_support_gun_design_hidden_3;Model 1942;;;;;;;;;;;;x
artillery_support_gun_design_hidden_4;Model 1944;;;;;;;;;;;;x
artillery_support_gun_design_hidden_5;Model 1946;;;;;;;;;;;;x
artillery_support_gun_design_hidden_6;Model 1948;;;;;;;;;;;;x
artillery_support_gun_design_hidden_7;Model 1950;;;;;;;;;;;;x
artillery_support_gun_design_hidden_8;Model 1952;;;;;;;;;;;;x
artillery_support_gun_design_hidden_9;Model 1954;;;;;;;;;;;;x
artillery_support_gun_design_hidden_10;Model 1956;;;;;;;;;;;;x
AFV_AA_defense_hidden;AFV AA Weapons;;;;;;;;;;;;x
AFV_AA_defense_hidden_1;Model 1938;;;;;;;;;;;;x
AFV_AA_defense_hidden_2;Model 1940;;;;;;;;;;;;x
AFV_AA_defense_hidden_3;Model 1942;;;;;;;;;;;;x
AFV_AA_defense_hidden_4;Model 1944;;;;;;;;;;;;x
AFV_AA_defense_hidden_5;Model 1946;;;;;;;;;;;;x
AFV_AA_defense_hidden_6;Model 1948;;;;;;;;;;;;x
heavy_aa_guns_hidden;Heavy AA Guns;;;;;;;;;;;;x
heavy_aa_guns_hidden_1;Model 1918;;;;;;;;;;;;x
heavy_aa_guns_hidden_2;Model 1936;;;;;;;;;;;;x
heavy_aa_guns_hidden_3;Model 1939;;;;;;;;;;;;x
heavy_aa_guns_hidden_4;Model 1942;;;;;;;;;;;;x
heavy_aa_guns_hidden_5;Model 1945;;;;;;;;;;;;x
heavy_aa_guns_hidden_6;Model 1948;;;;;;;;;;;;x
heavy_aa_guns_hidden_7;Model 1951;;;;;;;;;;;;x
heavy_aa_guns_hidden_8;Model 1954;;;;;;;;;;;;x
heavy_aa_guns_hidden_9;Model 1957;;;;;;;;;;;;x
heavy_aa_guns_hidden_10;Model 1960;;;;;;;;;;;;x
heavy_aa_guns_hidden_11;Model 1963;;;;;;;;;;;;x
heavy_aa_guns_hidden_12;Model 1966;;;;;;;;;;;;x
light_infantry_brigade_activation_hidden;Light Infantry Branch Upgrade;;;;;;;;;;;;x
light_infantry_brigade_activation_hidden_1;Model 1918;;;;;;;;;;;;x
light_infantry_brigade_activation_hidden_2;Model 1934;;;;;;;;;;;;x
light_infantry_brigade_activation_hidden_3;Model 1936;;;;;;;;;;;;x
light_infantry_brigade_activation_hidden_4;Model 1938;;;;;;;;;;;;x
light_infantry_brigade_activation_hidden_5;Model 1940;;;;;;;;;;;;x
light_infantry_brigade_activation_hidden_6;Model 1942;;;;;;;;;;;;x
light_infantry_brigade_activation_hidden_7;Model 1944;;;;;;;;;;;;x
light_infantry_brigade_activation_hidden_8;Model 1946;;;;;;;;;;;;x
light_infantry_brigade_activation_hidden_9;Model 1948;;;;;;;;;;;;x
light_infantry_brigade_activation_hidden_10;Model 1950;;;;;;;;;;;;x
light_infantry_brigade_activation_hidden_11;Model 1952;;;;;;;;;;;;x
light_infantry_brigade_activation_hidden_12;Model 1954;;;;;;;;;;;;x
Vehicle_reliability_hidden;Truck and Prime Mover Reliability;;;;;;;;;;;;x
Vehicle_reliability_hidden_1;Model 1935;;;;;;;;;;;;x
Vehicle_reliability_hidden_2;Model 1936;;;;;;;;;;;;x
Vehicle_reliability_hidden_3;Model 1938;;;;;;;;;;;;x
Vehicle_reliability_hidden_4;Model 1940;;;;;;;;;;;;x
Vehicle_reliability_hidden_5;Model 1942;;;;;;;;;;;;x
Vehicle_reliability_hidden_6;Model 1944;;;;;;;;;;;;x
Vehicle_reliability_hidden_7;Model 1946;;;;;;;;;;;;x
Vehicle_reliability_hidden_8;Model 1948;;;;;;;;;;;;x
Vehicle_reliability_hidden_9;Model 1950;;;;;;;;;;;;x
Vehicle_reliability_hidden_10;Model 1952;;;;;;;;;;;;x
Vehicle_reliability_hidden_11;Model 1954;;;;;;;;;;;;x
Vehicle_reliability_hidden_12;Model 1956;;;;;;;;;;;;x
intergrated_AFV_battalions_hidden;Integrated AFV Support Battalion;;;;;;;;;;;;x
intergrated_AFV_battalions_hidden_1;Model 1940;;;;;;;;;;;;x
smallarms_technology_hidden;Small Arms;;;;;;;;;;;;x
smallarms_technology_hidden_1;Model 1918;;;;;;;;;;;;x
smallarms_technology_hidden_2;Model 1934;;;;;;;;;;;;x
smallarms_technology_hidden_3;Model 1936;;;;;;;;;;;;x
smallarms_technology_hidden_4;Model 1938;;;;;;;;;;;;x
smallarms_technology_hidden_5;Model 1940;;;;;;;;;;;;x
smallarms_technology_hidden_6;Model 1942;;;;;;;;;;;;x
smallarms_technology_hidden_7;Model 1944;;;;;;;;;;;;x
smallarms_technology_hidden_8;Model 1946;;;;;;;;;;;;x
smallarms_technology_hidden_9;Model 1948;;;;;;;;;;;;x
smallarms_technology_hidden_10;Model 1950;;;;;;;;;;;;x
smallarms_technology_hidden_11;Model 1952;;;;;;;;;;;;x
smallarms_technology_hidden_12;Model 1954;;;;;;;;;;;;x
infantry_support_hidden;Infantry Support Weapons;;;;;;;;;;;;x
infantry_support_hidden_1;Model 1918;;;;;;;;;;;;x
infantry_support_hidden_2;Model 1934;;;;;;;;;;;;x
infantry_support_hidden_3;Model 1936;;;;;;;;;;;;x
infantry_support_hidden_4;Model 1938;;;;;;;;;;;;x
infantry_support_hidden_5;Model 1940;;;;;;;;;;;;x
infantry_support_hidden_6;Model 1942;;;;;;;;;;;;x
infantry_support_hidden_7;Model 1944;;;;;;;;;;;;x
infantry_support_hidden_8;Model 1946;;;;;;;;;;;;x
infantry_support_hidden_9;Model 1948;;;;;;;;;;;;x
infantry_support_hidden_10;Model 1950;;;;;;;;;;;;x
infantry_support_hidden_11;Model 1952;;;;;;;;;;;;x
infantry_support_hidden_12;Model 1954;;;;;;;;;;;;x
infantry_guns_hidden;Infantry Guns;;;;;;;;;;;;x
infantry_guns_hidden_1;Model 1918;;;;;;;;;;;;x
infantry_guns_hidden_2;Model 1934;;;;;;;;;;;;x
infantry_guns_hidden_3;Model 1936;;;;;;;;;;;;x
infantry_guns_hidden_4;Model 1938;;;;;;;;;;;;x
infantry_guns_hidden_5;Model 1940;;;;;;;;;;;;x
infantry_guns_hidden_6;Model 1942;;;;;;;;;;;;x
infantry_guns_hidden_7;Model 1944;;;;;;;;;;;;x
infantry_guns_hidden_8;Model 1946;;;;;;;;;;;;x
infantry_guns_hidden_9;Model 1948;;;;;;;;;;;;x
infantry_guns_hidden_10;Model 1950;;;;;;;;;;;;x
infantry_guns_hidden_11;Model 1952;;;;;;;;;;;;x
infantry_guns_hidden_12;Model 1954;;;;;;;;;;;;x
infantry_at_hidden;Infantry Anti-Tank Weapons;;;;;;;;;;;;x
infantry_at_hidden_1;Model 1918;;;;;;;;;;;;x
infantry_at_hidden_2;Model 1934;;;;;;;;;;;;x
infantry_at_hidden_3;Model 1936;;;;;;;;;;;;x
infantry_at_hidden_4;Model 1938;;;;;;;;;;;;x
infantry_at_hidden_5;Model 1940;;;;;;;;;;;;x
infantry_at_hidden_6;Model 1942;;;;;;;;;;;;x
infantry_at_hidden_7;Model 1944;;;;;;;;;;;;x
infantry_at_hidden_8;Model 1946;;;;;;;;;;;;x
infantry_at_hidden_9;Model 1948;;;;;;;;;;;;x
infantry_at_hidden_10;Model 1950;;;;;;;;;;;;x
infantry_at_hidden_11;Model 1952;;;;;;;;;;;;x
infantry_at_hidden_12;Model 1954;;;;;;;;;;;;x
engineer_brigade_activation_hidden;Engineer Unit Training;;;;;;;;;;;;x
engineer_brigade_activation_hidden_1;Model 1936;;;;;;;;;;;;x
engineer_brigade_activation_hidden_2;Model 1939;;;;;;;;;;;;x
engineer_brigade_activation_hidden_3;Model 1941;;;;;;;;;;;;x
engineer_brigade_activation_hidden_4;Model 1943;;;;;;;;;;;;x
engineer_brigade_activation_hidden_5;Model 1945;;;;;;;;;;;;x
engineer_brigade_activation_hidden_6;Model 1947;;;;;;;;;;;;x
engineer_assault_equipment_hidden;Assault Weapons;;;;;;;;;;;;x
engineer_assault_equipment_hidden_1;Model 1939;;;;;;;;;;;;x
engineer_assault_equipment_hidden_2;Model 1940;;;;;;;;;;;;x
engineer_assault_equipment_hidden_3;Model 1942;;;;;;;;;;;;x
engineer_assault_equipment_hidden_4;Model 1944;;;;;;;;;;;;x
engineer_assault_equipment_hidden_5;Model 1946;;;;;;;;;;;;x
engineer_assault_equipment_hidden_6;Model 1948;;;;;;;;;;;;x
engineer_assault_equipment_hidden_7;Model 1950;;;;;;;;;;;;x
engineer_assault_equipment_hidden_8;Model 1952;;;;;;;;;;;;x
engineer_assault_equipment_hidden_9;Model 1954;;;;;;;;;;;;x
engineer_assault_equipment_hidden_10;Model 1956;;;;;;;;;;;;x
engineer_assault_equipment_hidden_11;Model 1958;;;;;;;;;;;;x
engineer_assault_equipment_hidden_12;Model 1960;;;;;;;;;;;;x
improved_police_brigade_hidden;Improved Security Units;;;;;;;;;;;;x
improved_police_brigade_hidden_1;Model 1936;;;;;;;;;;;;x
improved_police_brigade_hidden_2;Model 1940;;;;;;;;;;;;x
improved_police_brigade_hidden_3;Model 1942;;;;;;;;;;;;x
improved_police_brigade_hidden_4;Model 1944;;;;;;;;;;;;x
improved_police_brigade_hidden_5;Model 1946;;;;;;;;;;;;x
improved_police_brigade_hidden_6;Model 1948;;;;;;;;;;;;x
improved_police_brigade_hidden_7;Model 1950;;;;;;;;;;;;x
improved_police_brigade_hidden_8;Model 1952;;;;;;;;;;;;x
improved_police_brigade_hidden_9;Model 1954;;;;;;;;;;;;x
improved_police_brigade_hidden_10;Model 1956;;;;;;;;;;;;x
improved_police_brigade_hidden_11;Model 1958;;;;;;;;;;;;x
improved_police_brigade_hidden_12;Model 1960;;;;;;;;;;;;x
assault_rifles_hidden;Assault Rifles;;;;;;;;;;;;x
assault_rifles_hidden_1;Model 1943;;;;;;;;;;;;x
camo_designs_hidden;Camouflage Designs;;;;;;;;;;;;x
camo_designs_hidden_1;Model 1936;;;;;;;;;;;;x
camo_designs_hidden_2;Model 1941;;;;;;;;;;;;x
camo_designs_hidden_3;Model 1944;;;;;;;;;;;;x
body_armour_hidden;Body Armour;;;;;;;;;;;;x
body_armour_hidden_1;Model 1936;;;;;;;;;;;;x
defense_work_designs_hidden;Defensive Position Designs;;;;;;;;;;;;x
defense_work_designs_hidden_1;Model 1936;;;;;;;;;;;;x
defense_work_designs_hidden_2;Model 1939;;;;;;;;;;;;x
defense_work_designs_hidden_3;Model 1941;;;;;;;;;;;;x
defense_work_designs_hidden_4;Model 1943;;;;;;;;;;;;x
defense_work_designs_hidden_5;Model 1945;;;;;;;;;;;;x
defense_work_designs_hidden_6;Model 1947;;;;;;;;;;;;x
Panzerfaust_Bazooka_AT_Tech_hidden;Rocket Propelled Anti Tank Weapons;;;;;;;;;;;;x
Panzerfaust_Bazooka_AT_Tech_hidden_1;Model 1942;;;;;;;;;;;;x
special_forces_upgrade_hidden;Special Forces Branch Upgrade;;;;;;;;;;;;x
special_forces_upgrade_hidden_1;Model 1918;;;;;;;;;;;;x
special_forces_upgrade_hidden_2;Model 1934;;;;;;;;;;;;x
special_forces_upgrade_hidden_3;Model 1936;;;;;;;;;;;;x
special_forces_upgrade_hidden_4;Model 1938;;;;;;;;;;;;x
special_forces_upgrade_hidden_5;Model 1940;;;;;;;;;;;;x
special_forces_upgrade_hidden_6;Model 1942;;;;;;;;;;;;x
special_forces_upgrade_hidden_7;Model 1944;;;;;;;;;;;;x
special_forces_upgrade_hidden_8;Model 1946;;;;;;;;;;;;x
special_forces_upgrade_hidden_9;Model 1948;;;;;;;;;;;;x
special_forces_upgrade_hidden_10;Model 1950;;;;;;;;;;;;x
special_forces_upgrade_hidden_11;Model 1952;;;;;;;;;;;;x
special_forces_upgrade_hidden_12;Model 1954;;;;;;;;;;;;x
desert_warfare_equipment_hidden;Desert Warfare Equipment;;;;;;;;;;;;x
desert_warfare_equipment_hidden_1;Model 1940;;;;;;;;;;;;x
jungle_warfare_equipment_hidden;Jungle Warfare Equipment;;;;;;;;;;;;x
jungle_warfare_equipment_hidden_1;Model 1941;;;;;;;;;;;;x
mountain_warfare_equipment_hidden;Mountain Warfare Equipment;;;;;;;;;;;;x
mountain_warfare_equipment_hidden_1;Model 1937;;;;;;;;;;;;x
artic_warfare_equipment_hidden;Arctic Warfare Equipment;;;;;;;;;;;;x
artic_warfare_equipment_hidden_1;Model 1940;;;;;;;;;;;;x
airborne_warfare_equipment_hidden;Airlanding Infantry and Equipment;;;;;;;;;;;;x
airborne_warfare_equipment_hidden_1;Model 1941;;;;;;;;;;;;x
Tenacious_defense_hidden;Tenacious Defense Training;;;;;;;;;;;;x
Tenacious_defense_hidden_1;Model 1944;;;;;;;;;;;;x
machine_gun_doctrine_hidden;Machine Gun Focused Battalions;;;;;;;;;;;;x
machine_gun_doctrine_hidden_1;Model 1917;;;;;;;;;;;;x
machine_gun_doctrine_hidden_2;Model 1944;;;;;;;;;;;;x
machine_gun_doctrine_hidden_3;Model 1945;;;;;;;;;;;;x
machine_gun_doctrine_hidden_4;Model 1946;;;;;;;;;;;;x
machine_gun_doctrine_hidden_5;Model 1947;;;;;;;;;;;;x
machine_gun_doctrine_hidden_6;Model 1948;;;;;;;;;;;;x
machine_gun_doctrine_hidden_7;Model 1949;;;;;;;;;;;;x
machine_gun_doctrine_hidden_8;Model 1950;;;;;;;;;;;;x
machine_gun_doctrine_hidden_9;Model 1951;;;;;;;;;;;;x
machine_gun_doctrine_hidden_10;Model 1952;;;;;;;;;;;;x
machine_gun_doctrine_hidden_11;Model 1953;;;;;;;;;;;;x
machine_gun_doctrine_hidden_12;Model 1954;;;;;;;;;;;;x
urban_Fighting_Equipment_and_Training_hidden;Urban Fighting Equipment;;;;;;;;;;;;x
urban_Fighting_Equipment_and_Training_hidden_1;Model 1940;;;;;;;;;;;;x
extreme_terrain_combat_tactics_hidden;Extreme Terrain Combat Tactics;;;;;;;;;;;;x
extreme_terrain_combat_tactics_hidden_1;Model 1940;;;;;;;;;;;;x
extreme_terrain_combat_tactics_hidden_2;Model 1941;;;;;;;;;;;;x
extreme_terrain_combat_tactics_hidden_3;Model 1943;;;;;;;;;;;;x
extreme_terrain_combat_tactics_hidden_4;Model 1945;;;;;;;;;;;;x
airbourne_warfare_research_hidden;Airbourne Warfare Research;;;;;;;;;;;;x
airbourne_warfare_research_hidden_1;Model 1941;;;;;;;;;;;;x
airbourne_warfare_research_hidden_2;Model 1942;;;;;;;;;;;;x
airbourne_warfare_research_hidden_3;Model 1943;;;;;;;;;;;;x
airbourne_warfare_research_hidden_4;Model 1944;;;;;;;;;;;;x
airbourne_warfare_research_hidden_5;Model 1945;;;;;;;;;;;;x
airbourne_warfare_research_hidden_6;Model 1946;;;;;;;;;;;;x
lightcruiser_antiaircraft_hidden;Light Anti-Aircraft Armament;;;;;;;;;;;;x
lightcruiser_antiaircraft_hidden_1;Model 1918;;;;;;;;;;;;x
lightcruiser_antiaircraft_hidden_2;Model 1933;;;;;;;;;;;;x
lightcruiser_antiaircraft_hidden_3;Model 1936;;;;;;;;;;;;x
lightcruiser_antiaircraft_hidden_4;Model 1939;;;;;;;;;;;;x
lightcruiser_antiaircraft_hidden_5;Model 1942;;;;;;;;;;;;x
lightcruiser_antiaircraft_hidden_6;Model 1945;;;;;;;;;;;;x
lightcruiser_antiaircraft_hidden_7;Model 1948;;;;;;;;;;;;x
lightcruiser_antiaircraft_hidden_8;Model 1951;;;;;;;;;;;;x
lightcruiser_antiaircraft_hidden_9;Model 1954;;;;;;;;;;;;x
lightcruiser_antiaircraft_hidden_10;Model 1957;;;;;;;;;;;;x
lightcruiser_antiaircraft_hidden_11;Model 1960;;;;;;;;;;;;x
lightcruiser_antiaircraft_hidden_12;Model 1963;;;;;;;;;;;;x
heavycruiser_antiaircraft_hidden;Medium Anti-Aircraft Armament;;;;;;;;;;;;x
heavycruiser_antiaircraft_hidden_1;Model 1921;;;;;;;;;;;;x
heavycruiser_antiaircraft_hidden_2;Model 1935;;;;;;;;;;;;x
heavycruiser_antiaircraft_hidden_3;Model 1938;;;;;;;;;;;;x
heavycruiser_antiaircraft_hidden_4;Model 1941;;;;;;;;;;;;x
heavycruiser_antiaircraft_hidden_5;Model 1944;;;;;;;;;;;;x
heavycruiser_antiaircraft_hidden_6;Model 1947;;;;;;;;;;;;x
heavycruiser_antiaircraft_hidden_7;Model 1950;;;;;;;;;;;;x
heavycruiser_antiaircraft_hidden_8;Model 1953;;;;;;;;;;;;x
heavycruiser_antiaircraft_hidden_9;Model 1956;;;;;;;;;;;;x
heavycruiser_antiaircraft_hidden_10;Model 1959;;;;;;;;;;;;x
heavycruiser_antiaircraft_hidden_11;Model 1962;;;;;;;;;;;;x
heavycruiser_antiaircraft_hidden_12;Model 1965;;;;;;;;;;;;x
battleship_antiaircraft_hidden;Heavy Anti-Aircraft Armament;;;;;;;;;;;;x
battleship_antiaircraft_hidden_1;Model 1924;;;;;;;;;;;;x
battleship_antiaircraft_hidden_2;Model 1937;;;;;;;;;;;;x
battleship_antiaircraft_hidden_3;Model 1940;;;;;;;;;;;;x
battleship_antiaircraft_hidden_4;Model 1943;;;;;;;;;;;;x
battleship_antiaircraft_hidden_5;Model 1946;;;;;;;;;;;;x
battleship_antiaircraft_hidden_6;Model 1949;;;;;;;;;;;;x
battleship_antiaircraft_hidden_7;Model 1952;;;;;;;;;;;;x
battleship_antiaircraft_hidden_8;Model 1955;;;;;;;;;;;;x
battleship_antiaircraft_hidden_9;Model 1958;;;;;;;;;;;;x
battleship_antiaircraft_hidden_10;Model 1961;;;;;;;;;;;;x
battleship_antiaircraft_hidden_11;Model 1964;;;;;;;;;;;;x
battleship_antiaircraft_hidden_12;Model 1967;;;;;;;;;;;;x
battleship_technology_hidden;Battleship;;;;;;;;;;;;x
battleship_technology_hidden_1;Model 1918;;;;;;;;;;;;x
battleship_technology_hidden_2;Model 1930;;;;;;;;;;;;x
battleship_technology_hidden_3;Model 1933;;;;;;;;;;;;x
pocket_battleship_activation_hidden;Pocket Battleship;;;;;;;;;;;;x
pocket_battleship_activation_hidden_1;Model 1933;;;;;;;;;;;;x
capitalship_armament_hidden;Capital Ship Main Armament;;;;;;;;;;;;x
capitalship_armament_hidden_1;Model 1918;;;;;;;;;;;;x
capitalship_armament_hidden_2;Model 1931;;;;;;;;;;;;x
capitalship_armament_hidden_3;Model 1934;;;;;;;;;;;;x
capitalship_armament_hidden_4;Model 1937;;;;;;;;;;;;x
capitalship_armament_hidden_5;Model 1940;;;;;;;;;;;;x
capitalship_armament_hidden_6;Model 1943;;;;;;;;;;;;x
capitalship_armament_hidden_7;Model 1946;;;;;;;;;;;;x
capitalship_armament_hidden_8;Model 1949;;;;;;;;;;;;x
capitalship_armament_hidden_9;Model 1952;;;;;;;;;;;;x
capitalship_armament_hidden_10;Model 1955;;;;;;;;;;;;x
capitalship_armament_hidden_11;Model 1958;;;;;;;;;;;;x
capitalship_armament_hidden_12;Model 1961;;;;;;;;;;;;x
capitalship_secondary_hidden;Capital Ship Secondary Guns;;;;;;;;;;;;x
capitalship_secondary_hidden_1;Model 1918;;;;;;;;;;;;x
capitalship_secondary_hidden_2;Model 1934;;;;;;;;;;;;x
capitalship_secondary_hidden_3;Model 1937;;;;;;;;;;;;x
capitalship_secondary_hidden_4;Model 1940;;;;;;;;;;;;x
capitalship_secondary_hidden_5;Model 1943;;;;;;;;;;;;x
capitalship_secondary_hidden_6;Model 1946;;;;;;;;;;;;x
capitalship_secondary_hidden_7;Model 1949;;;;;;;;;;;;x
capitalship_secondary_hidden_8;Model 1952;;;;;;;;;;;;x
capitalship_secondary_hidden_9;Model 1955;;;;;;;;;;;;x
capitalship_secondary_hidden_10;Model 1958;;;;;;;;;;;;x
capitalship_secondary_hidden_11;Model 1961;;;;;;;;;;;;x
capitalship_secondary_hidden_12;Model 1964;;;;;;;;;;;;x
battlecruiser_engine_hidden;Battlecruiser Engine;;;;;;;;;;;;x
battlecruiser_engine_hidden_1;Model 1918;;;;;;;;;;;;x
battlecruiser_engine_hidden_2;Model 1934;;;;;;;;;;;;x
battlecruiser_engine_hidden_3;Model 1937;;;;;;;;;;;;x
battlecruiser_engine_hidden_4;Model 1940;;;;;;;;;;;;x
battlecruiser_engine_hidden_5;Model 1943;;;;;;;;;;;;x
battlecruiser_engine_hidden_6;Model 1946;;;;;;;;;;;;x
battlecruiser_engine_hidden_7;Model 1949;;;;;;;;;;;;x
battlecruiser_engine_hidden_8;Model 1952;;;;;;;;;;;;x
battlecruiser_engine_hidden_9;Model 1955;;;;;;;;;;;;x
battlecruiser_engine_hidden_10;Model 1958;;;;;;;;;;;;x
battlecruiser_engine_hidden_11;Model 1961;;;;;;;;;;;;x
battlecruiser_engine_hidden_12;Model 1964;;;;;;;;;;;;x
battlecruiser_armour_hidden;Battlecruiser Armour;;;;;;;;;;;;x
battlecruiser_armour_hidden_1;Model 1918;;;;;;;;;;;;x
battlecruiser_armour_hidden_2;Model 1934;;;;;;;;;;;;x
battlecruiser_armour_hidden_3;Model 1937;;;;;;;;;;;;x
battlecruiser_armour_hidden_4;Model 1940;;;;;;;;;;;;x
battlecruiser_armour_hidden_5;Model 1943;;;;;;;;;;;;x
battlecruiser_armour_hidden_6;Model 1946;;;;;;;;;;;;x
battlecruiser_armour_hidden_7;Model 1949;;;;;;;;;;;;x
battlecruiser_armour_hidden_8;Model 1952;;;;;;;;;;;;x
battlecruiser_armour_hidden_9;Model 1955;;;;;;;;;;;;x
battlecruiser_armour_hidden_10;Model 1958;;;;;;;;;;;;x
battlecruiser_armour_hidden_11;Model 1961;;;;;;;;;;;;x
battlecruiser_armour_hidden_12;Model 1964;;;;;;;;;;;;x
battleship_engine_hidden;Battleship Engine;;;;;;;;;;;;x
battleship_engine_hidden_1;Model 1918;;;;;;;;;;;;x
battleship_engine_hidden_2;Model 1933;;;;;;;;;;;;x
battleship_engine_hidden_3;Model 1936;;;;;;;;;;;;x
battleship_engine_hidden_4;Model 1939;;;;;;;;;;;;x
battleship_engine_hidden_5;Model 1942;;;;;;;;;;;;x
battleship_engine_hidden_6;Model 1945;;;;;;;;;;;;x
battleship_engine_hidden_7;Model 1948;;;;;;;;;;;;x
battleship_engine_hidden_8;Model 1951;;;;;;;;;;;;x
battleship_engine_hidden_9;Model 1954;;;;;;;;;;;;x
battleship_engine_hidden_10;Model 1957;;;;;;;;;;;;x
battleship_engine_hidden_11;Model 1960;;;;;;;;;;;;x
battleship_engine_hidden_12;Model 1963;;;;;;;;;;;;x
battleship_armour_hidden;Battleship Armour;;;;;;;;;;;;x
battleship_armour_hidden_1;Model 1918;;;;;;;;;;;;x
battleship_armour_hidden_2;Model 1933;;;;;;;;;;;;x
battleship_armour_hidden_3;Model 1936;;;;;;;;;;;;x
battleship_armour_hidden_4;Model 1939;;;;;;;;;;;;x
battleship_armour_hidden_5;Model 1942;;;;;;;;;;;;x
battleship_armour_hidden_6;Model 1945;;;;;;;;;;;;x
battleship_armour_hidden_7;Model 1948;;;;;;;;;;;;x
battleship_armour_hidden_8;Model 1951;;;;;;;;;;;;x
battleship_armour_hidden_9;Model 1954;;;;;;;;;;;;x
battleship_armour_hidden_10;Model 1957;;;;;;;;;;;;x
battleship_armour_hidden_11;Model 1960;;;;;;;;;;;;x
battleship_armour_hidden_12;Model 1963;;;;;;;;;;;;x
super_heavy_battleship_technology_hidden;SH Battleship Construction;;;;;;;;;;;;x
super_heavy_battleship_technology_hidden_1;Model 1938;;;;;;;;;;;;x
super_heavy_battleship_technology_hidden_2;Model 1940;;;;;;;;;;;;x
super_heavy_battleship_technology_hidden_3;Model 1942;;;;;;;;;;;;x
super_heavy_battleship_technology_hidden_4;Model 1944;;;;;;;;;;;;x
super_heavy_battleship_technology_hidden_5;Model 1946;;;;;;;;;;;;x
fast_battleship_hidden;Fast Battleship Design Upgrade;;;;;;;;;;;;x
fast_battleship_hidden_1;Model 1937;;;;;;;;;;;;x
largewarship_radar_hidden;Large Warship Radar;;;;;;;;;;;;x
largewarship_radar_hidden_1;Model 1939;;;;;;;;;;;;x
largewarship_radar_hidden_2;Model 1940;;;;;;;;;;;;x
largewarship_radar_hidden_3;Model 1943;;;;;;;;;;;;x
largewarship_radar_hidden_4;Model 1946;;;;;;;;;;;;x
capitalship_damage_control_hidden;Capital-ship Damage Control System;;;;;;;;;;;;x
capitalship_damage_control_hidden_1;Model 1918;;;;;;;;;;;;x
capitalship_damage_control_hidden_2;Model 1934;;;;;;;;;;;;x
capitalship_damage_control_hidden_3;Model 1937;;;;;;;;;;;;x
capitalship_damage_control_hidden_4;Model 1940;;;;;;;;;;;;x
capitalship_damage_control_hidden_5;Model 1943;;;;;;;;;;;;x
capitalship_damage_control_hidden_6;Model 1946;;;;;;;;;;;;x
fire_control_computer_hidden;Capital-ship Fire Control System;;;;;;;;;;;;x
fire_control_computer_hidden_1;Model 1918;;;;;;;;;;;;x
fire_control_computer_hidden_2;Model 1934;;;;;;;;;;;;x
fire_control_computer_hidden_3;Model 1937;;;;;;;;;;;;x
fire_control_computer_hidden_4;Model 1940;;;;;;;;;;;;x
fire_control_computer_hidden_5;Model 1943;;;;;;;;;;;;x
fire_control_computer_hidden_6;Model 1946;;;;;;;;;;;;x
AAA_control_computer_hidden;Capital-ship Anti-Aircraft Fire Control;;;;;;;;;;;;x
AAA_control_computer_hidden_1;Model 1940;;;;;;;;;;;;x
AAA_control_computer_hidden_2;Model 1942;;;;;;;;;;;;x
AAA_control_computer_hidden_3;Model 1945;;;;;;;;;;;;x
floatplane_dev_hidden;Float Plane;;;;;;;;;;;;x
floatplane_dev_hidden_1;Model 1920;;;;;;;;;;;;x
floatplane_dev_hidden_2;Model 1934;;;;;;;;;;;;x
floatplane_dev_hidden_3;Model 1938;;;;;;;;;;;;x
carrier_engine_hidden;Aircraft Carrier Engine;;;;;;;;;;;;x
carrier_engine_hidden_1;Model 1918;;;;;;;;;;;;x
carrier_engine_hidden_2;Model 1935;;;;;;;;;;;;x
carrier_engine_hidden_3;Model 1938;;;;;;;;;;;;x
carrier_engine_hidden_4;Model 1941;;;;;;;;;;;;x
carrier_engine_hidden_5;Model 1944;;;;;;;;;;;;x
carrier_engine_hidden_6;Model 1947;;;;;;;;;;;;x
carrier_engine_hidden_7;Model 1950;;;;;;;;;;;;x
carrier_engine_hidden_8;Model 1953;;;;;;;;;;;;x
carrier_engine_hidden_9;Model 1956;;;;;;;;;;;;x
carrier_engine_hidden_10;Model 1959;;;;;;;;;;;;x
carrier_engine_hidden_11;Model 1962;;;;;;;;;;;;x
carrier_engine_hidden_12;Model 1965;;;;;;;;;;;;x
carrier_armour_hidden;Aircraft Carrier Armour;;;;;;;;;;;;x
carrier_armour_hidden_1;Model 1918;;;;;;;;;;;;x
carrier_armour_hidden_2;Model 1935;;;;;;;;;;;;x
carrier_armour_hidden_3;Model 1938;;;;;;;;;;;;x
carrier_armour_hidden_4;Model 1941;;;;;;;;;;;;x
carrier_armour_hidden_5;Model 1944;;;;;;;;;;;;x
carrier_armour_hidden_6;Model 1947;;;;;;;;;;;;x
carrier_armour_hidden_7;Model 1950;;;;;;;;;;;;x
carrier_armour_hidden_8;Model 1953;;;;;;;;;;;;x
carrier_armour_hidden_9;Model 1956;;;;;;;;;;;;x
carrier_armour_hidden_10;Model 1959;;;;;;;;;;;;x
carrier_armour_hidden_11;Model 1962;;;;;;;;;;;;x
carrier_armour_hidden_12;Model 1965;;;;;;;;;;;;x
carrier_hangar_hidden;Aircraft Carrier Hangar;;;;;;;;;;;;x
carrier_hangar_hidden_1;Model 1918;;;;;;;;;;;;x
carrier_hangar_hidden_2;Model 1935;;;;;;;;;;;;x
carrier_hangar_hidden_3;Model 1938;;;;;;;;;;;;x
carrier_hangar_hidden_4;Model 1941;;;;;;;;;;;;x
carrier_hangar_hidden_5;Model 1944;;;;;;;;;;;;x
carrier_hangar_hidden_6;Model 1947;;;;;;;;;;;;x
carrier_deck_armour_optimisation_hidden;Carrier Deck Armour Optimisation;;;;;;;;;;;;x
carrier_deck_armour_optimisation_hidden_1;Model 1940;;;;;;;;;;;;x
carrier_damage_control_hidden;Carrier Damage Control System;;;;;;;;;;;;x
carrier_damage_control_hidden_1;Model 1918;;;;;;;;;;;;x
carrier_damage_control_hidden_2;Model 1934;;;;;;;;;;;;x
carrier_damage_control_hidden_3;Model 1937;;;;;;;;;;;;x
carrier_damage_control_hidden_4;Model 1940;;;;;;;;;;;;x
carrier_damage_control_hidden_5;Model 1943;;;;;;;;;;;;x
carrier_damage_control_hidden_6;Model 1946;;;;;;;;;;;;x
carrier_AAA_control_computer_hidden;Carrier Anti-Aircraft Fire Control;;;;;;;;;;;;x
carrier_AAA_control_computer_hidden_1;Model 1940;;;;;;;;;;;;x
carrier_AAA_control_computer_hidden_2;Model 1942;;;;;;;;;;;;x
carrier_AAA_control_computer_hidden_3;Model 1945;;;;;;;;;;;;x
heavycruiser_engine_hidden;Heavy Cruiser Engine;;;;;;;;;;;;x
heavycruiser_engine_hidden_1;Model 1918;;;;;;;;;;;;x
heavycruiser_engine_hidden_2;Model 1933;;;;;;;;;;;;x
heavycruiser_engine_hidden_3;Model 1936;;;;;;;;;;;;x
heavycruiser_engine_hidden_4;Model 1939;;;;;;;;;;;;x
heavycruiser_engine_hidden_5;Model 1942;;;;;;;;;;;;x
heavycruiser_engine_hidden_6;Model 1945;;;;;;;;;;;;x
heavycruiser_engine_hidden_7;Model 1948;;;;;;;;;;;;x
heavycruiser_engine_hidden_8;Model 1951;;;;;;;;;;;;x
heavycruiser_engine_hidden_9;Model 1954;;;;;;;;;;;;x
heavycruiser_engine_hidden_10;Model 1957;;;;;;;;;;;;x
heavycruiser_engine_hidden_11;Model 1960;;;;;;;;;;;;x
heavycruiser_engine_hidden_12;Model 1963;;;;;;;;;;;;x
heavycruiser_armour_hidden;Heavy Cruiser Armour;;;;;;;;;;;;x
heavycruiser_armour_hidden_1;Model 1918;;;;;;;;;;;;x
heavycruiser_armour_hidden_2;Model 1933;;;;;;;;;;;;x
heavycruiser_armour_hidden_3;Model 1936;;;;;;;;;;;;x
heavycruiser_armour_hidden_4;Model 1939;;;;;;;;;;;;x
heavycruiser_armour_hidden_5;Model 1942;;;;;;;;;;;;x
heavycruiser_armour_hidden_6;Model 1945;;;;;;;;;;;;x
heavycruiser_armour_hidden_7;Model 1948;;;;;;;;;;;;x
heavycruiser_armour_hidden_8;Model 1951;;;;;;;;;;;;x
heavycruiser_armour_hidden_9;Model 1954;;;;;;;;;;;;x
heavycruiser_armour_hidden_10;Model 1957;;;;;;;;;;;;x
heavycruiser_armour_hidden_11;Model 1960;;;;;;;;;;;;x
heavycruiser_armour_hidden_12;Model 1963;;;;;;;;;;;;x
submarine_technology_hidden;Submarine Technology;;;;;;;;;;;;x
submarine_technology_hidden_1;Model 1918;;;;;;;;;;;;x
submarine_class_hidden;Submarine Class;;;;;;;;;;;;x
submarine_class_hidden_1;Model 1918;;;;;;;;;;;;x
submarine_class_hidden_2;Model 1934;;;;;;;;;;;;x
submarine_class_hidden_3;Model 1936;;;;;;;;;;;;x
submarine_class_hidden_4;Model 1938;;;;;;;;;;;;x
submarine_class_hidden_5;Model 1940;;;;;;;;;;;;x
submarine_class_hidden_6;Model 1942;;;;;;;;;;;;x
submarine_class_hidden_7;Model 1944;;;;;;;;;;;;x
submarine_class_hidden_8;Model 1946;;;;;;;;;;;;x
submarine_engine_hidden;Submarine Engine;;;;;;;;;;;;x
submarine_engine_hidden_1;Model 1918;;;;;;;;;;;;x
submarine_engine_hidden_2;Model 1933;;;;;;;;;;;;x
submarine_engine_hidden_3;Model 1935;;;;;;;;;;;;x
submarine_engine_hidden_4;Model 1937;;;;;;;;;;;;x
submarine_engine_hidden_5;Model 1939;;;;;;;;;;;;x
submarine_engine_hidden_6;Model 1941;;;;;;;;;;;;x
submarine_engine_hidden_7;Model 1943;;;;;;;;;;;;x
submarine_engine_hidden_8;Model 1945;;;;;;;;;;;;x
submarine_engine_hidden_9;Model 1947;;;;;;;;;;;;x
submarine_engine_hidden_10;Model 1949;;;;;;;;;;;;x
submarine_engine_hidden_11;Model 1951;;;;;;;;;;;;x
submarine_hull_hidden;Submarine Hull;;;;;;;;;;;;x
submarine_hull_hidden_1;Model 1918;;;;;;;;;;;;x
submarine_hull_hidden_2;Model 1933;;;;;;;;;;;;x
submarine_hull_hidden_3;Model 1935;;;;;;;;;;;;x
submarine_hull_hidden_4;Model 1937;;;;;;;;;;;;x
submarine_hull_hidden_5;Model 1939;;;;;;;;;;;;x
submarine_hull_hidden_6;Model 1941;;;;;;;;;;;;x
submarine_hull_hidden_7;Model 1943;;;;;;;;;;;;x
submarine_hull_hidden_8;Model 1945;;;;;;;;;;;;x
submarine_crew_berthing_hidden;Submarine Crew Berthing;;;;;;;;;;;;x
submarine_crew_berthing_hidden_1;Model 1918;;;;;;;;;;;;x
submarine_crew_berthing_hidden_2;Model 1933;;;;;;;;;;;;x
submarine_crew_berthing_hidden_3;Model 1935;;;;;;;;;;;;x
submarine_crew_berthing_hidden_4;Model 1937;;;;;;;;;;;;x
submarine_crew_berthing_hidden_5;Model 1939;;;;;;;;;;;;x
submarine_crew_berthing_hidden_6;Model 1941;;;;;;;;;;;;x
submarine_crew_berthing_hidden_7;Model 1943;;;;;;;;;;;;x
submarine_crew_berthing_hidden_8;Model 1945;;;;;;;;;;;;x
submarine_torpedo_tubes_hidden;Submarine Torpedo Tubes;;;;;;;;;;;;x
submarine_torpedo_tubes_hidden_1;Model 1918;;;;;;;;;;;;x
submarine_torpedo_tubes_hidden_2;Model 1933;;;;;;;;;;;;x
submarine_torpedo_tubes_hidden_3;Model 1936;;;;;;;;;;;;x
submarine_torpedo_tubes_hidden_4;Model 1939;;;;;;;;;;;;x
submarine_torpedo_tubes_hidden_5;Model 1942;;;;;;;;;;;;x
submarine_torpedo_tubes_hidden_6;Model 1945;;;;;;;;;;;;x
submarine_torpedo_tubes_hidden_7;Model 1948;;;;;;;;;;;;x
submarine_torpedo_tubes_hidden_8;Model 1951;;;;;;;;;;;;x
submarine_periscope_hidden;Submarine Periscope;;;;;;;;;;;;x
submarine_periscope_hidden_1;Model 1918;;;;;;;;;;;;x
submarine_periscope_hidden_2;Model 1933;;;;;;;;;;;;x
submarine_periscope_hidden_3;Model 1936;;;;;;;;;;;;x
submarine_periscope_hidden_4;Model 1939;;;;;;;;;;;;x
submarine_periscope_hidden_5;Model 1942;;;;;;;;;;;;x
submarine_periscope_hidden_6;Model 1945;;;;;;;;;;;;x
submarine_periscope_hidden_7;Model 1948;;;;;;;;;;;;x
submarine_periscope_hidden_8;Model 1951;;;;;;;;;;;;x
submarine_battery_hidden;Submarine Batteries;;;;;;;;;;;;x
submarine_battery_hidden_1;Model 1918;;;;;;;;;;;;x
submarine_battery_hidden_2;Model 1933;;;;;;;;;;;;x
submarine_battery_hidden_3;Model 1936;;;;;;;;;;;;x
submarine_battery_hidden_4;Model 1939;;;;;;;;;;;;x
submarine_battery_hidden_5;Model 1942;;;;;;;;;;;;x
submarine_battery_hidden_6;Model 1945;;;;;;;;;;;;x
submarine_battery_hidden_7;Model 1948;;;;;;;;;;;;x
submarine_battery_hidden_8;Model 1951;;;;;;;;;;;;x
submarine_antiaircraft_hidden;Submarine AA-Armament;;;;;;;;;;;;x
submarine_antiaircraft_hidden_1;Model 1918;;;;;;;;;;;;x
submarine_antiaircraft_hidden_2;Model 1934;;;;;;;;;;;;x
submarine_antiaircraft_hidden_3;Model 1937;;;;;;;;;;;;x
submarine_antiaircraft_hidden_4;Model 1940;;;;;;;;;;;;x
submarine_antiaircraft_hidden_5;Model 1943;;;;;;;;;;;;x
submarine_antiaircraft_hidden_6;Model 1946;;;;;;;;;;;;x
submarine_antiaircraft_hidden_7;Model 1949;;;;;;;;;;;;x
submarine_antiaircraft_hidden_8;Model 1952;;;;;;;;;;;;x
submarine_antiaircraft_hidden_9;Model 1955;;;;;;;;;;;;x
submarine_antiaircraft_hidden_10;Model 1958;;;;;;;;;;;;x
submarine_antiaircraft_hidden_11;Model 1961;;;;;;;;;;;;x
submarine_antiaircraft_hidden_12;Model 1964;;;;;;;;;;;;x
streamlined_hull_hidden;Streamlined Hull;;;;;;;;;;;;x
streamlined_hull_hidden_1;Model 1944;;;;;;;;;;;;x
air_independent_propulsion_hidden;Air Independent propulsion;;;;;;;;;;;;x
air_independent_propulsion_hidden_1;Model 1944;;;;;;;;;;;;x
submarine_sonar_hidden;Sonar and Detection Equipment;;;;;;;;;;;;x
submarine_sonar_hidden_1;Model 1924;;;;;;;;;;;;x
submarine_sonar_hidden_2;Model 1937;;;;;;;;;;;;x
submarine_sonar_hidden_3;Model 1940;;;;;;;;;;;;x
submarine_sonar_hidden_4;Model 1943;;;;;;;;;;;;x
submarine_sonar_hidden_5;Model 1946;;;;;;;;;;;;x
submarine_sonar_hidden_6;Model 1949;;;;;;;;;;;;x
torpedo_upgrade_hidden;Basic torpedo;;;;;;;;;;;;x
torpedo_upgrade_hidden_1;Model 1918;;;;;;;;;;;;x
submarine_torpedo_hidden;Submarine Torpedo;;;;;;;;;;;;x
submarine_torpedo_hidden_1;Model 1918;;;;;;;;;;;;x
submarine_torpedo_hidden_2;Model 1934;;;;;;;;;;;;x
submarine_torpedo_hidden_3;Model 1938;;;;;;;;;;;;x
submarine_torpedo_hidden_4;Model 1942;;;;;;;;;;;;x
submarine_torpedo_hidden_5;Model 1946;;;;;;;;;;;;x
submarine_torpedo_hidden_6;Model 1950;;;;;;;;;;;;x
submarine_torpedo_hidden_7;Model 1954;;;;;;;;;;;;x
submarine_torpedo_hidden_8;Model 1958;;;;;;;;;;;;x
submarine_torpedo_hidden_9;Model 1962;;;;;;;;;;;;x
submarine_torpedo_hidden_10;Model 1966;;;;;;;;;;;;x
submarine_torpedo_hidden_11;Model 1970;;;;;;;;;;;;x
submarine_torpedo_hidden_12;Model 1974;;;;;;;;;;;;x
torpedo_warhead_hidden;Warhead and Fuzing;;;;;;;;;;;;x
torpedo_warhead_hidden_1;Model 1918;;;;;;;;;;;;x
torpedo_warhead_hidden_2;Model 1934;;;;;;;;;;;;x
torpedo_warhead_hidden_3;Model 1938;;;;;;;;;;;;x
torpedo_warhead_hidden_4;Model 1942;;;;;;;;;;;;x
torpedo_warhead_hidden_5;Model 1946;;;;;;;;;;;;x
torpedo_warhead_hidden_6;Model 1950;;;;;;;;;;;;x
torpedo_warhead_hidden_7;Model 1954;;;;;;;;;;;;x
torpedo_warhead_hidden_8;Model 1958;;;;;;;;;;;;x
torpedo_warhead_hidden_9;Model 1962;;;;;;;;;;;;x
torpedo_warhead_hidden_10;Model 1966;;;;;;;;;;;;x
torpedo_warhead_hidden_11;Model 1970;;;;;;;;;;;;x
torpedo_warhead_hidden_12;Model 1974;;;;;;;;;;;;x
torpedo_targeting_hidden;Guidance;;;;;;;;;;;;x
torpedo_targeting_hidden_1;Model 1918;;;;;;;;;;;;x
torpedo_targeting_hidden_2;Model 1934;;;;;;;;;;;;x
torpedo_targeting_hidden_3;Model 1938;;;;;;;;;;;;x
torpedo_targeting_hidden_4;Model 1942;;;;;;;;;;;;x
torpedo_targeting_hidden_5;Model 1946;;;;;;;;;;;;x
torpedo_targeting_hidden_6;Model 1950;;;;;;;;;;;;x
torpedo_targeting_hidden_7;Model 1954;;;;;;;;;;;;x
torpedo_targeting_hidden_8;Model 1958;;;;;;;;;;;;x
torpedo_targeting_hidden_9;Model 1962;;;;;;;;;;;;x
torpedo_targeting_hidden_10;Model 1966;;;;;;;;;;;;x
torpedo_targeting_hidden_11;Model 1970;;;;;;;;;;;;x
torpedo_targeting_hidden_12;Model 1974;;;;;;;;;;;;x
torpedo_propulsion_hidden;Propulsion;;;;;;;;;;;;x
torpedo_propulsion_hidden_1;Model 1918;;;;;;;;;;;;x
torpedo_propulsion_hidden_2;Model 1934;;;;;;;;;;;;x
torpedo_propulsion_hidden_3;Model 1939;;;;;;;;;;;;x
torpedo_propulsion_hidden_4;Model 1944;;;;;;;;;;;;x
torpedo_propulsion_hidden_5;Model 1949;;;;;;;;;;;;x
torpedo_propulsion_hidden_6;Model 1954;;;;;;;;;;;;x
torpedo_propulsion_hidden_7;Model 1959;;;;;;;;;;;;x
torpedo_propulsion_hidden_8;Model 1964;;;;;;;;;;;;x
torpedo_propulsion_hidden_9;Model 1969;;;;;;;;;;;;x
torpedo_propulsion_hidden_10;Model 1974;;;;;;;;;;;;x
torpedo_propulsion_hidden_11;Model 1979;;;;;;;;;;;;x
torpedo_propulsion_hidden_12;Model 1984;;;;;;;;;;;;x
submarine_fire_control_hidden;Submarine Fire Control;;;;;;;;;;;;x
submarine_fire_control_hidden_1;Model 1935;;;;;;;;;;;;x
submarine_fire_control_hidden_2;Model 1936;;;;;;;;;;;;x
submarine_fire_control_hidden_3;Model 1940;;;;;;;;;;;;x
submarine_fire_control_hidden_4;Model 1944;;;;;;;;;;;;x
submarine_fire_control_hidden_5;Model 1948;;;;;;;;;;;;x
submarine_fire_control_hidden_6;Model 1952;;;;;;;;;;;;x
submarine_damage_control_hidden;Submarine Damage Control;;;;;;;;;;;;x
submarine_damage_control_hidden_1;Model 1930;;;;;;;;;;;;x
submarine_damage_control_hidden_2;Model 1934;;;;;;;;;;;;x
submarine_damage_control_hidden_3;Model 1937;;;;;;;;;;;;x
submarine_damage_control_hidden_4;Model 1940;;;;;;;;;;;;x
submarine_damage_control_hidden_5;Model 1943;;;;;;;;;;;;x
submarine_damage_control_hidden_6;Model 1946;;;;;;;;;;;;x
electric_powered_torpedo_hidden;Acoustic Torpedo;;;;;;;;;;;;x
electric_powered_torpedo_hidden_1;Model 1944;;;;;;;;;;;;x
submarine_snorkel_hidden;Submarine Snorkel;;;;;;;;;;;;x
submarine_snorkel_hidden_1;Model 1941;;;;;;;;;;;;x
submarine_snorkel_hidden_2;Model 1945;;;;;;;;;;;;x
submarine_snorkel_hidden_3;Model 1949;;;;;;;;;;;;x
submarine_torpedo_auto_loading_system_hidden;Torpedo Auto Loading System;;;;;;;;;;;;x
submarine_torpedo_auto_loading_system_hidden_1;Model 1941;;;;;;;;;;;;x
submarine_large_battery_capacity_hidden;Large Battery Capacity;;;;;;;;;;;;x
submarine_large_battery_capacity_hidden_1;Model 1940;;;;;;;;;;;;x
submarine_thick_pressure_hull_hidden;Thick Pressure Hull;;;;;;;;;;;;x
submarine_thick_pressure_hull_hidden_1;Model 1941;;;;;;;;;;;;x
submarine_air_conditioning_hidden;Air Conditioning;;;;;;;;;;;;x
submarine_air_conditioning_hidden_1;Model 1942;;;;;;;;;;;;x
submarine_silent_running_drive_hidden;Silent Running Drive;;;;;;;;;;;;x
submarine_silent_running_drive_hidden_1;Model 1942;;;;;;;;;;;;x
submarine_electroboat_hidden;Electro-boat;;;;;;;;;;;;x
submarine_electroboat_hidden_1;Model 1942;;;;;;;;;;;;x
submarine_electroboat_hidden_2;Model 1947;;;;;;;;;;;;x
submarine_electroboat_hidden_3;Model 1950;;;;;;;;;;;;x
submarine_electroboat_hidden_4;Model 1953;;;;;;;;;;;;x
milch_submarine_hidden;Support Submarine;;;;;;;;;;;;x
milch_submarine_hidden_1;Model 1940;;;;;;;;;;;;x
cag_bomber_hidden;CAG Bomber Focus;;;;;;;;;;;;x
cag_bomber_hidden_1;Model 1933;;;;;;;;;;;;x
cag_bomber_hidden_2;Model 1936;;;;;;;;;;;;x
cag_bomber_hidden_3;Model 1940;;;;;;;;;;;;x
cag_bomber_hidden_4;Model 1944;;;;;;;;;;;;x
cag_bomber_hidden_5;Model 1948;;;;;;;;;;;;x
cag_bomber_hidden_6;Model 1952;;;;;;;;;;;;x
cag_bomber_hidden_7;Model 1956;;;;;;;;;;;;x
cag_bomber_hidden_8;Model 1960;;;;;;;;;;;;x
cag_bomber_hidden_9;Model 1964;;;;;;;;;;;;x
cag_bomber_hidden_10;Model 1968;;;;;;;;;;;;x
cag_bomber_hidden_11;Model 1972;;;;;;;;;;;;x
cag_bomber_hidden_12;Model 1976;;;;;;;;;;;;x
cag_torpedo_hidden;CAG Torpedo-Bomber Focus;;;;;;;;;;;;x
cag_torpedo_hidden_1;Model 1937;;;;;;;;;;;;x
cag_torpedo_hidden_2;Model 1938;;;;;;;;;;;;x
cag_torpedo_hidden_3;Model 1942;;;;;;;;;;;;x
cag_torpedo_hidden_4;Model 1946;;;;;;;;;;;;x
cag_torpedo_hidden_5;Model 1950;;;;;;;;;;;;x
cag_torpedo_hidden_6;Model 1954;;;;;;;;;;;;x
cag_torpedo_hidden_7;Model 1958;;;;;;;;;;;;x
cag_torpedo_hidden_8;Model 1962;;;;;;;;;;;;x
cag_torpedo_hidden_9;Model 1966;;;;;;;;;;;;x
cag_torpedo_hidden_10;Model 1970;;;;;;;;;;;;x
cag_torpedo_hidden_11;Model 1974;;;;;;;;;;;;x
cag_torpedo_hidden_12;Model 1978;;;;;;;;;;;;x
air_launched_torpedoes_hidden;Air Launched Torpedoes;;;;;;;;;;;;x
air_launched_torpedoes_hidden_1;Model 1937;;;;;;;;;;;;x
air_launched_torpedoes_hidden_2;Model 1939;;;;;;;;;;;;x
air_launched_torpedoes_hidden_3;Model 1942;;;;;;;;;;;;x
air_launched_torpedoes_hidden_4;Model 1945;;;;;;;;;;;;x
air_launched_torpedoes_hidden_5;Model 1948;;;;;;;;;;;;x
air_launched_torpedoes_hidden_6;Model 1951;;;;;;;;;;;;x
air_launched_torpedoes_hidden_7;Model 1954;;;;;;;;;;;;x
air_launched_torpedoes_hidden_8;Model 1957;;;;;;;;;;;;x
air_launched_torpedoes_hidden_9;Model 1960;;;;;;;;;;;;x
air_launched_torpedoes_hidden_10;Model 1963;;;;;;;;;;;;x
folding_wings_hidden;Folding Wings;;;;;;;;;;;;x
folding_wings_hidden_1;Model 1942;;;;;;;;;;;;x
navalstrike_tactics_hidden;Naval Strike Tactics;;;;;;;;;;;;x
navalstrike_tactics_hidden_1;Model 1918;;;;;;;;;;;;x
navalstrike_tactics_hidden_2;Model 1936;;;;;;;;;;;;x
navalstrike_tactics_hidden_3;Model 1937;;;;;;;;;;;;x
navalstrike_tactics_hidden_4;Model 1938;;;;;;;;;;;;x
navalstrike_tactics_hidden_5;Model 1939;;;;;;;;;;;;x
navalstrike_tactics_hidden_6;Model 1940;;;;;;;;;;;;x
navalstrike_tactics_hidden_7;Model 1941;;;;;;;;;;;;x
navalstrike_tactics_hidden_8;Model 1942;;;;;;;;;;;;x
navalstrike_tactics_hidden_9;Model 1943;;;;;;;;;;;;x
navalstrike_tactics_hidden_10;Model 1944;;;;;;;;;;;;x
tank_optics_hidden;Advanced Tank Optics;;;;;;;;;;;;x
tank_optics_hidden_1;Model 1941;;;;;;;;;;;;x
tank_optics_hidden_2;Model 1942;;;;;;;;;;;;x
tank_optics_hidden_3;Model 1944;;;;;;;;;;;;x
wet_ammo_stowage_hidden;Wet Ammo Stowage;;;;;;;;;;;;x
wet_ammo_stowage_hidden_1;Model 1942;;;;;;;;;;;;x
anti_personel_hidden;Anti-Personnel Defenses;;;;;;;;;;;;x
anti_personel_hidden_1;Model 1942;;;;;;;;;;;;x
armor_alloy_hidden;Armour Metallurgy;;;;;;;;;;;;x
armor_alloy_hidden_1;Model 1942;;;;;;;;;;;;x
armor_alloy_hidden_2;Model 1944;;;;;;;;;;;;x
armor_thickness_hidden;Armour Plate Thickness;;;;;;;;;;;;x
armor_thickness_hidden_1;Model 1936;;;;;;;;;;;;x
armor_thickness_hidden_2;Model 1938;;;;;;;;;;;;x
armor_thickness_hidden_3;Model 1940;;;;;;;;;;;;x
armor_thickness_hidden_4;Model 1942;;;;;;;;;;;;x
armor_thickness_hidden_5;Model 1944;;;;;;;;;;;;x
armor_thickness_hidden_6;Model 1946;;;;;;;;;;;;x
rivetted_armour_hidden;Pre-War Armour Construction;;;;;;;;;;;;x
rivetted_armour_hidden_1;Model 1918;;;;;;;;;;;;x
rivetted_armour_hidden_2;Model 1920;;;;;;;;;;;;x
rivetted_armour_hidden_3;Model 1924;;;;;;;;;;;;x
rivetted_armour_hidden_4;Model 1928;;;;;;;;;;;;x
rivetted_armour_hidden_5;Model 1932;;;;;;;;;;;;x
rivetted_armour_hidden_6;Model 1936;;;;;;;;;;;;x
welded_armour_hidden;Welded Plate Armour Construction;;;;;;;;;;;;x
welded_armour_hidden_1;Model 1936;;;;;;;;;;;;x
welded_armour_hidden_2;Model 1938;;;;;;;;;;;;x
welded_armour_hidden_3;Model 1940;;;;;;;;;;;;x
welded_armour_hidden_4;Model 1942;;;;;;;;;;;;x
welded_armour_hidden_5;Model 1944;;;;;;;;;;;;x
cast_armour_hidden;Cast Armour Construction;;;;;;;;;;;;x
cast_armour_hidden_1;Model 1936;;;;;;;;;;;;x
cast_armour_hidden_2;Model 1938;;;;;;;;;;;;x
cast_armour_hidden_3;Model 1940;;;;;;;;;;;;x
cast_armour_hidden_4;Model 1942;;;;;;;;;;;;x
cast_armour_hidden_5;Model 1944;;;;;;;;;;;;x
armor_plate_design_hidden;Advanced Armour Designs;;;;;;;;;;;;x
armor_plate_design_hidden_1;Model 1940;;;;;;;;;;;;x
armor_plate_design_hidden_2;Model 1941;;;;;;;;;;;;x
armor_plate_design_hidden_3;Model 1942;;;;;;;;;;;;x
armor_plate_design_hidden_4;Model 1943;;;;;;;;;;;;x
armor_plate_design_hidden_5;Model 1944;;;;;;;;;;;;x
armor_plate_design_hidden_6;Model 1945;;;;;;;;;;;;x
armor_plate_design_hidden_7;Model 1946;;;;;;;;;;;;x
armor_plate_design_hidden_8;Model 1947;;;;;;;;;;;;x
armor_plate_design_hidden_9;Model 1948;;;;;;;;;;;;x
armor_plate_design_hidden_10;Model 1949;;;;;;;;;;;;x
armor_plate_design_hidden_11;Model 1950;;;;;;;;;;;;x
armor_plate_design_hidden_12;Model 1951;;;;;;;;;;;;x
interlocked_armour_hidden;Interlocked Welded Armour Construction;;;;;;;;;;;;x
interlocked_armour_hidden_1;Model 1944;;;;;;;;;;;;x
interlocked_armour_hidden_2;Model 1945;;;;;;;;;;;;x
interlocked_armour_hidden_3;Model 1947;;;;;;;;;;;;x
interlocked_armour_hidden_4;Model 1949;;;;;;;;;;;;x
interlocked_armour_hidden_5;Model 1951;;;;;;;;;;;;x
interlocked_armour_hidden_6;Model 1953;;;;;;;;;;;;x
improvised_armour_hidden;Battlefield Modified Armour;;;;;;;;;;;;x
improvised_armour_hidden_1;Model 1918;;;;;;;;;;;;x
improvised_armour_hidden_2;Model 1941;;;;;;;;;;;;x
improvised_armour_hidden_3;Model 1942;;;;;;;;;;;;x
improvised_armour_hidden_4;Model 1943;;;;;;;;;;;;x
improvised_armour_hidden_5;Model 1944;;;;;;;;;;;;x
improvised_armour_hidden_6;Model 1945;;;;;;;;;;;;x
spaced_armour_hidden;Side Shields Armour Protection;;;;;;;;;;;;x
spaced_armour_hidden_1;Model 1943;;;;;;;;;;;;x
spaced_armour_hidden_2;Model 1944;;;;;;;;;;;;x
spaced_armour_hidden_3;Model 1945;;;;;;;;;;;;x
armor_sloped_design_hidden;Sloped Armour;;;;;;;;;;;;x
armor_sloped_design_hidden_1;Model 1942;;;;;;;;;;;;x
armor_sloped_design_hidden_2;Model 1944;;;;;;;;;;;;x
Corps_command_structure_hidden;Corps HQ;;;;;;;;;;;;x
Corps_command_structure_hidden_1;Model 1930;;;;;;;;;;;;x
Corps_command_structure_hidden_2;Model 1936;;;;;;;;;;;;x
Corps_command_structure_hidden_3;Model 1939;;;;;;;;;;;;x
Corps_command_structure_hidden_4;Model 1942;;;;;;;;;;;;x
Corps_command_structure_hidden_5;Model 1945;;;;;;;;;;;;x
Corps_command_structure_hidden_6;Model 1948;;;;;;;;;;;;x
army_command_structure_hidden;Army HQ;;;;;;;;;;;;x
army_command_structure_hidden_1;Model 1930;;;;;;;;;;;;x
army_command_structure_hidden_2;Model 1936;;;;;;;;;;;;x
army_command_structure_hidden_3;Model 1939;;;;;;;;;;;;x
army_command_structure_hidden_4;Model 1942;;;;;;;;;;;;x
army_command_structure_hidden_5;Model 1945;;;;;;;;;;;;x
army_command_structure_hidden_6;Model 1948;;;;;;;;;;;;x
armygroup_command_structure_hidden;ArmyGroup HQ;;;;;;;;;;;;x
armygroup_command_structure_hidden_1;Model 1936;;;;;;;;;;;;x
armygroup_command_structure_hidden_2;Model 1939;;;;;;;;;;;;x
armygroup_command_structure_hidden_3;Model 1941;;;;;;;;;;;;x
armygroup_command_structure_hidden_4;Model 1943;;;;;;;;;;;;x
armygroup_command_structure_hidden_5;Model 1945;;;;;;;;;;;;x
air_HQ_tech_hidden;Airforce HQ;;;;;;;;;;;;x
air_HQ_tech_hidden_1;Model 1937;;;;;;;;;;;;x
air_HQ_tech_hidden_2;Model 1938;;;;;;;;;;;;x
air_HQ_tech_hidden_3;Model 1939;;;;;;;;;;;;x
air_HQ_tech_hidden_4;Model 1940;;;;;;;;;;;;x
air_HQ_tech_hidden_5;Model 1941;;;;;;;;;;;;x
air_HQ_tech_hidden_6;Model 1942;;;;;;;;;;;;x
air_HQ_tech_hidden_7;Model 1943;;;;;;;;;;;;x
air_HQ_tech_hidden_8;Model 1944;;;;;;;;;;;;x
air_HQ_tech_hidden_9;Model 1945;;;;;;;;;;;;x
air_HQ_tech_hidden_10;Model 1946;;;;;;;;;;;;x
naval_HQ_tech_hidden;Naval HQ;;;;;;;;;;;;x
naval_HQ_tech_hidden_1;Model 1937;;;;;;;;;;;;x
naval_HQ_tech_hidden_2;Model 1938;;;;;;;;;;;;x
naval_HQ_tech_hidden_3;Model 1939;;;;;;;;;;;;x
naval_HQ_tech_hidden_4;Model 1940;;;;;;;;;;;;x
naval_HQ_tech_hidden_5;Model 1941;;;;;;;;;;;;x
naval_HQ_tech_hidden_6;Model 1942;;;;;;;;;;;;x
naval_HQ_tech_hidden_7;Model 1943;;;;;;;;;;;;x
naval_HQ_tech_hidden_8;Model 1944;;;;;;;;;;;;x
naval_HQ_tech_hidden_9;Model 1945;;;;;;;;;;;;x
naval_HQ_tech_hidden_10;Model 1946;;;;;;;;;;;;x
infantry_increase_hidden;Infantry Strength Increase ;;;;;;;;;;;;x
infantry_increase_hidden_1;Model 1936;;;;;;;;;;;;x
infantry_increase_hidden_2;Model 1938;;;;;;;;;;;;x
infantry_increase_hidden_3;Model 1939;;;;;;;;;;;;x
special_forces_increase_hidden;Special Forces Strength Increase ;;;;;;;;;;;;x
special_forces_increase_hidden_1;Model 1936;;;;;;;;;;;;x
special_forces_increase_hidden_2;Model 1938;;;;;;;;;;;;x
special_forces_increase_hidden_3;Model 1939;;;;;;;;;;;;x
mobile_increase_hidden;Mobile Units Strength Increase ;;;;;;;;;;;;x
mobile_increase_hidden_1;Model 1936;;;;;;;;;;;;x
mobile_increase_hidden_2;Model 1938;;;;;;;;;;;;x
mobile_increase_hidden_3;Model 1939;;;;;;;;;;;;x
armor_increase_hidden;Armor Strength Increase ;;;;;;;;;;;;x
armor_increase_hidden_1;Model 1936;;;;;;;;;;;;x
armor_increase_hidden_2;Model 1938;;;;;;;;;;;;x
armor_increase_hidden_3;Model 1939;;;;;;;;;;;;x
infantry_decrease_hidden;Infantry Strength Decrease ;;;;;;;;;;;;x
infantry_decrease_hidden_1;Model 1936;;;;;;;;;;;;x
infantry_decrease_hidden_2;Model 1938;;;;;;;;;;;;x
infantry_decrease_hidden_3;Model 1939;;;;;;;;;;;;x
special_forces_decrease_hidden;Special Forces Strength Decrease ;;;;;;;;;;;;x
special_forces_decrease_hidden_1;Model 1936;;;;;;;;;;;;x
special_forces_decrease_hidden_2;Model 1938;;;;;;;;;;;;x
special_forces_decrease_hidden_3;Model 1939;;;;;;;;;;;;x
mobile_decrease_hidden;Mobile Units Strength Decrease ;;;;;;;;;;;;x
mobile_decrease_hidden_1;Model 1936;;;;;;;;;;;;x
mobile_decrease_hidden_2;Model 1938;;;;;;;;;;;;x
mobile_decrease_hidden_3;Model 1939;;;;;;;;;;;;x
armor_decrease_hidden;Armor Strength Decrease ;;;;;;;;;;;;x
armor_decrease_hidden_1;Model 1936;;;;;;;;;;;;x
armor_decrease_hidden_2;Model 1938;;;;;;;;;;;;x
armor_decrease_hidden_3;Model 1939;;;;;;;;;;;;x
encryption_machine_hidden;Encryption Machine;;;;;;;;;;;;x
encryption_machine_hidden_1;Model 1938;;;;;;;;;;;;x
encryption_machine_hidden_2;Model 1940;;;;;;;;;;;;x
encryption_machine_hidden_3;Model 1943;;;;;;;;;;;;x
encryption_machine_hidden_4;Model 1946;;;;;;;;;;;;x
encryption_machine_hidden_5;Model 1949;;;;;;;;;;;;x
encryption_machine_hidden_6;Model 1952;;;;;;;;;;;;x
infantry_radios_hidden;Infantry Radio Communications;;;;;;;;;;;;x
infantry_radios_hidden_1;Model 1936;;;;;;;;;;;;x
infantry_radios_hidden_2;Model 1938;;;;;;;;;;;;x
infantry_radios_hidden_3;Model 1940;;;;;;;;;;;;x
infantry_radios_hidden_4;Model 1942;;;;;;;;;;;;x
infantry_radios_hidden_5;Model 1944;;;;;;;;;;;;x
infantry_radios_hidden_6;Model 1946;;;;;;;;;;;;x
infantry_radios_hidden_7;Model 1948;;;;;;;;;;;;x
infantry_radios_hidden_8;Model 1950;;;;;;;;;;;;x
infantry_radios_hidden_9;Model 1952;;;;;;;;;;;;x
infantry_radios_hidden_10;Model 1954;;;;;;;;;;;;x
tank_radios_hidden;Tank Radio Communication;;;;;;;;;;;;x
tank_radios_hidden_1;Model 1937;;;;;;;;;;;;x
tank_radios_hidden_2;Model 1938;;;;;;;;;;;;x
tank_radios_hidden_3;Model 1940;;;;;;;;;;;;x
tank_radios_hidden_4;Model 1942;;;;;;;;;;;;x
tank_radios_hidden_5;Model 1944;;;;;;;;;;;;x
tank_radios_hidden_6;Model 1946;;;;;;;;;;;;x
tank_radios_hidden_7;Model 1948;;;;;;;;;;;;x
tank_radios_hidden_8;Model 1950;;;;;;;;;;;;x
tank_radios_hidden_9;Model 1952;;;;;;;;;;;;x
tank_radios_hidden_10;Model 1954;;;;;;;;;;;;x
big_ship_radar_hidden;RADAR for Capital ships;;;;;;;;;;;;x
big_ship_radar_hidden_1;Model 1939;;;;;;;;;;;;x
big_ship_radar_hidden_2;Model 1940;;;;;;;;;;;;x
big_ship_radar_hidden_3;Model 1942;;;;;;;;;;;;x
big_ship_radar_hidden_4;Model 1944;;;;;;;;;;;;x
active_sonar_sub_hidden;Active SONAR for submarines;;;;;;;;;;;;x
active_sonar_sub_hidden_1;Model 1942;;;;;;;;;;;;x
Ship_Building_Technologies_hidden;Ship Building Technologies;;;;;;;;;;;;x
Ship_Building_Technologies_hidden_1;Model 1940;;;;;;;;;;;;x
Ship_Building_Technologies_hidden_2;Model 1942;;;;;;;;;;;;x
Ship_Building_Technologies_hidden_3;Model 1944;;;;;;;;;;;;x
Ship_Building_Technologies_hidden_4;Model 1946;;;;;;;;;;;;x
Ship_Building_Technologies_hidden_5;Model 1948;;;;;;;;;;;;x
Ship_Building_Technologies_hidden_6;Model 1950;;;;;;;;;;;;x
submarine_construction_technolgies_hidden;U-Boot Section Building;;;;;;;;;;;;x
submarine_construction_technolgies_hidden_1;Model 1940;;;;;;;;;;;;x
submarine_construction_technolgies_hidden_2;Model 1942;;;;;;;;;;;;x
submarine_construction_technolgies_hidden_3;Model 1944;;;;;;;;;;;;x
submarine_construction_technolgies_hidden_4;Model 1946;;;;;;;;;;;;x
submarine_construction_technolgies_hidden_5;Model 1948;;;;;;;;;;;;x
submarine_construction_technolgies_hidden_6;Model 1950;;;;;;;;;;;;x
small_arms_manufacturing_hidden;Small Arms Manufacturing;;;;;;;;;;;;x
small_arms_manufacturing_hidden_1;Model 1940;;;;;;;;;;;;x
small_arms_manufacturing_hidden_2;Model 1942;;;;;;;;;;;;x
small_arms_manufacturing_hidden_3;Model 1944;;;;;;;;;;;;x
small_arms_manufacturing_hidden_4;Model 1946;;;;;;;;;;;;x
small_arms_manufacturing_hidden_5;Model 1948;;;;;;;;;;;;x
small_arms_manufacturing_hidden_6;Model 1950;;;;;;;;;;;;x
automotive_construction_industry_hidden;Automotive Construction Industry;;;;;;;;;;;;x
automotive_construction_industry_hidden_1;Model 1940;;;;;;;;;;;;x
automotive_construction_industry_hidden_2;Model 1942;;;;;;;;;;;;x
automotive_construction_industry_hidden_3;Model 1944;;;;;;;;;;;;x
automotive_construction_industry_hidden_4;Model 1946;;;;;;;;;;;;x
automotive_construction_industry_hidden_5;Model 1948;;;;;;;;;;;;x
automotive_construction_industry_hidden_6;Model 1950;;;;;;;;;;;;x
fuel_conservation_hidden;Fuel Usage Conservation;;;;;;;;;;;;x
fuel_conservation_hidden_1;Model 1942;;;;;;;;;;;;x
fuel_conservation_hidden_2;Model 1943;;;;;;;;;;;;x
fuel_conservation_hidden_3;Model 1946;;;;;;;;;;;;x
infantry_training_hidden;Infantry Unit Training;;;;;;;;;;;;x
infantry_training_hidden_1;Model 1918;;;;;;;;;;;;x
infantry_training_hidden_2;Model 1936;;;;;;;;;;;;x
infantry_training_hidden_3;Model 1937;;;;;;;;;;;;x
infantry_training_hidden_4;Model 1938;;;;;;;;;;;;x
infantry_training_hidden_5;Model 1939;;;;;;;;;;;;x
infantry_training_hidden_6;Model 1940;;;;;;;;;;;;x
infantry_training_hidden_7;Model 1941;;;;;;;;;;;;x
infantry_training_hidden_8;Model 1942;;;;;;;;;;;;x
infantry_training_hidden_9;Model 1943;;;;;;;;;;;;x
infantry_training_hidden_10;Model 1944;;;;;;;;;;;;x
infantry_training_hidden_11;Model 1945;;;;;;;;;;;;x
infantry_training_hidden_12;Model 1946;;;;;;;;;;;;x
infantry_command_and_control_hidden;Infantry Unit Command and Control;;;;;;;;;;;;x
infantry_command_and_control_hidden_1;Model 1918;;;;;;;;;;;;x
infantry_command_and_control_hidden_2;Model 1936;;;;;;;;;;;;x
infantry_command_and_control_hidden_3;Model 1937;;;;;;;;;;;;x
infantry_command_and_control_hidden_4;Model 1938;;;;;;;;;;;;x
infantry_command_and_control_hidden_5;Model 1939;;;;;;;;;;;;x
infantry_command_and_control_hidden_6;Model 1940;;;;;;;;;;;;x
infantry_command_and_control_hidden_7;Model 1941;;;;;;;;;;;;x
infantry_command_and_control_hidden_8;Model 1942;;;;;;;;;;;;x
infantry_command_and_control_hidden_9;Model 1943;;;;;;;;;;;;x
infantry_command_and_control_hidden_10;Model 1944;;;;;;;;;;;;x
infantry_command_and_control_hidden_11;Model 1945;;;;;;;;;;;;x
infantry_command_and_control_hidden_12;Model 1946;;;;;;;;;;;;x
armor_training_hidden;Armor Unit Training;;;;;;;;;;;;x
armor_training_hidden_1;Model 1918;;;;;;;;;;;;x
armor_training_hidden_2;Model 1936;;;;;;;;;;;;x
armor_training_hidden_3;Model 1937;;;;;;;;;;;;x
armor_training_hidden_4;Model 1938;;;;;;;;;;;;x
armor_training_hidden_5;Model 1939;;;;;;;;;;;;x
armor_training_hidden_6;Model 1940;;;;;;;;;;;;x
armor_training_hidden_7;Model 1941;;;;;;;;;;;;x
armor_training_hidden_8;Model 1942;;;;;;;;;;;;x
armor_training_hidden_9;Model 1943;;;;;;;;;;;;x
armor_training_hidden_10;Model 1944;;;;;;;;;;;;x
armor_training_hidden_11;Model 1945;;;;;;;;;;;;x
armor_training_hidden_12;Model 1946;;;;;;;;;;;;x
armor_training_hidden_13;Model 1947;;;;;;;;;;;;x
armor_training_hidden_14;Model 1948;;;;;;;;;;;;x
armor_command_and_control_hidden;Armor Unit Command and Control;;;;;;;;;;;;x
armor_command_and_control_hidden_1;Model 1918;;;;;;;;;;;;x
armor_command_and_control_hidden_2;Model 1936;;;;;;;;;;;;x
armor_command_and_control_hidden_3;Model 1937;;;;;;;;;;;;x
armor_command_and_control_hidden_4;Model 1938;;;;;;;;;;;;x
armor_command_and_control_hidden_5;Model 1939;;;;;;;;;;;;x
armor_command_and_control_hidden_6;Model 1940;;;;;;;;;;;;x
armor_command_and_control_hidden_7;Model 1941;;;;;;;;;;;;x
armor_command_and_control_hidden_8;Model 1942;;;;;;;;;;;;x
armor_command_and_control_hidden_9;Model 1943;;;;;;;;;;;;x
armor_command_and_control_hidden_10;Model 1944;;;;;;;;;;;;x
armor_command_and_control_hidden_11;Model 1945;;;;;;;;;;;;x
armor_command_and_control_hidden_12;Model 1946;;;;;;;;;;;;x
armor_command_and_control_hidden_13;Model 1947;;;;;;;;;;;;x
armor_command_and_control_hidden_14;Model 1948;;;;;;;;;;;;x
interservice_coordination_hidden;Combined Arms Coordination;;;;;;;;;;;;x
interservice_coordination_hidden_1;Model 1940;;;;;;;;;;;;x
interservice_coordination_hidden_2;Model 1942;;;;;;;;;;;;x
interservice_coordination_hidden_3;Model 1943;;;;;;;;;;;;x
interservice_coordination_hidden_4;Model 1944;;;;;;;;;;;;x
interservice_coordination_hidden_5;Model 1945;;;;;;;;;;;;x
interservice_coordination_hidden_6;Model 1946;;;;;;;;;;;;x
interservice_coordination_hidden_7;Model 1947;;;;;;;;;;;;x
interservice_coordination_hidden_8;Model 1948;;;;;;;;;;;;x
interservice_coordination_hidden_9;Model 1949;;;;;;;;;;;;x
interservice_coordination_hidden_10;Model 1950;;;;;;;;;;;;x
interservice_coordination_hidden_11;Model 1951;;;;;;;;;;;;x
interservice_coordination_hidden_12;Model 1952;;;;;;;;;;;;x
interservice_communication_hidden;Combined Arms Communication;;;;;;;;;;;;x
interservice_communication_hidden_1;Model 1940;;;;;;;;;;;;x
interservice_communication_hidden_2;Model 1942;;;;;;;;;;;;x
interservice_communication_hidden_3;Model 1943;;;;;;;;;;;;x
interservice_communication_hidden_4;Model 1944;;;;;;;;;;;;x
interservice_communication_hidden_5;Model 1945;;;;;;;;;;;;x
interservice_communication_hidden_6;Model 1946;;;;;;;;;;;;x
interservice_communication_hidden_7;Model 1947;;;;;;;;;;;;x
interservice_communication_hidden_8;Model 1948;;;;;;;;;;;;x
interservice_communication_hidden_9;Model 1949;;;;;;;;;;;;x
interservice_communication_hidden_10;Model 1950;;;;;;;;;;;;x
interservice_communication_hidden_11;Model 1951;;;;;;;;;;;;x
interservice_communication_hidden_12;Model 1952;;;;;;;;;;;;x
partisan_suppression_hidden;Partisan Suppression;;;;;;;;;;;;x
partisan_suppression_hidden_1;Model 1918;;;;;;;;;;;;x
partisan_suppression_hidden_2;Model 1936;;;;;;;;;;;;x
partisan_suppression_hidden_3;Model 1937;;;;;;;;;;;;x
partisan_suppression_hidden_4;Model 1938;;;;;;;;;;;;x
partisan_suppression_hidden_5;Model 1939;;;;;;;;;;;;x
partisan_suppression_hidden_6;Model 1940;;;;;;;;;;;;x
partisan_suppression_hidden_7;Model 1941;;;;;;;;;;;;x
partisan_suppression_hidden_8;Model 1942;;;;;;;;;;;;x
partisan_suppression_hidden_9;Model 1943;;;;;;;;;;;;x
partisan_suppression_hidden_10;Model 1944;;;;;;;;;;;;x
partisan_suppression_hidden_11;Model 1945;;;;;;;;;;;;x
partisan_suppression_hidden_12;Model 1946;;;;;;;;;;;;x
military_police_hidden;Military Police;;;;;;;;;;;;x
military_police_hidden_1;Model 1918;;;;;;;;;;;;x
military_police_hidden_2;Model 1936;;;;;;;;;;;;x
military_police_hidden_3;Model 1937;;;;;;;;;;;;x
military_police_hidden_4;Model 1938;;;;;;;;;;;;x
military_police_hidden_5;Model 1939;;;;;;;;;;;;x
military_police_hidden_6;Model 1940;;;;;;;;;;;;x
military_police_hidden_7;Model 1941;;;;;;;;;;;;x
military_police_hidden_8;Model 1942;;;;;;;;;;;;x
military_police_hidden_9;Model 1943;;;;;;;;;;;;x
military_police_hidden_10;Model 1944;;;;;;;;;;;;x
military_police_hidden_11;Model 1945;;;;;;;;;;;;x
military_police_hidden_12;Model 1946;;;;;;;;;;;;x
medical_evacuation_hidden;Medical Evacuation;;;;;;;;;;;;x
medical_evacuation_hidden_1;Model 1946;;;;;;;;;;;;x
carrier_group_doctrine_hidden;Carrier Group Doctr.;;;;;;;;;;;;x
carrier_group_doctrine_hidden_1;Model 1937;;;;;;;;;;;;x
carrier_group_doctrine_hidden_2;Model 1939;;;;;;;;;;;;x
carrier_group_doctrine_hidden_3;Model 1941;;;;;;;;;;;;x
carrier_group_doctrine_hidden_4;Model 1943;;;;;;;;;;;;x
carrier_group_doctrine_hidden_5;Model 1945;;;;;;;;;;;;x
carrier_group_doctrine_hidden_6;Model 1947;;;;;;;;;;;;x
carrier_group_doctrine_hidden_7;Model 1949;;;;;;;;;;;;x
carrier_group_doctrine_hidden_8;Model 1951;;;;;;;;;;;;x
carrier_group_doctrine_hidden_9;Model 1953;;;;;;;;;;;;x
carrier_group_doctrine_hidden_10;Model 1955;;;;;;;;;;;;x
carrier_crew_training_hidden;Carrier Crew Training;;;;;;;;;;;;x
carrier_crew_training_hidden_1;Model 1937;;;;;;;;;;;;x
carrier_crew_training_hidden_2;Model 1939;;;;;;;;;;;;x
carrier_crew_training_hidden_3;Model 1941;;;;;;;;;;;;x
carrier_crew_training_hidden_4;Model 1943;;;;;;;;;;;;x
carrier_crew_training_hidden_5;Model 1945;;;;;;;;;;;;x
carrier_crew_training_hidden_6;Model 1947;;;;;;;;;;;;x
carrier_crew_training_hidden_7;Model 1949;;;;;;;;;;;;x
carrier_crew_training_hidden_8;Model 1951;;;;;;;;;;;;x
carrier_crew_training_hidden_9;Model 1953;;;;;;;;;;;;x
carrier_crew_training_hidden_10;Model 1955;;;;;;;;;;;;x
carrier_task_force_hidden;Carrier Task Force;;;;;;;;;;;;x
carrier_task_force_hidden_1;Model 1941;;;;;;;;;;;;x
naval_underway_replenishment_hidden;Naval Underway Replenishment;;;;;;;;;;;;x
naval_underway_replenishment_hidden_1;Model 1941;;;;;;;;;;;;x
naval_underway_replenishment_hidden_2;Model 1943;;;;;;;;;;;;x
naval_underway_replenishment_hidden_3;Model 1945;;;;;;;;;;;;x
naval_underway_replenishment_hidden_4;Model 1947;;;;;;;;;;;;x
naval_underway_replenishment_hidden_5;Model 1949;;;;;;;;;;;;x
naval_underway_replenishment_hidden_6;Model 1951;;;;;;;;;;;;x
radar_training_hidden;Radar Training;;;;;;;;;;;;x
radar_training_hidden_1;Model 1939;;;;;;;;;;;;x
radar_training_hidden_2;Model 1940;;;;;;;;;;;;x
radar_training_hidden_3;Model 1942;;;;;;;;;;;;x
radar_training_hidden_4;Model 1944;;;;;;;;;;;;x
radar_training_hidden_5;Model 1946;;;;;;;;;;;;x
radar_training_hidden_6;Model 1948;;;;;;;;;;;;x
battlefleet_concentration_doctrine_hidden;Battlefleet Concentration Doctr.;;;;;;;;;;;;x
battlefleet_concentration_doctrine_hidden_1;Model 1937;;;;;;;;;;;;x
battlefleet_concentration_doctrine_hidden_2;Model 1939;;;;;;;;;;;;x
battlefleet_concentration_doctrine_hidden_3;Model 1941;;;;;;;;;;;;x
battlefleet_concentration_doctrine_hidden_4;Model 1943;;;;;;;;;;;;x
battlefleet_concentration_doctrine_hidden_5;Model 1945;;;;;;;;;;;;x
battlefleet_concentration_doctrine_hidden_6;Model 1947;;;;;;;;;;;;x
battlefleet_concentration_doctrine_hidden_7;Model 1949;;;;;;;;;;;;x
battlefleet_concentration_doctrine_hidden_8;Model 1951;;;;;;;;;;;;x
battlefleet_concentration_doctrine_hidden_9;Model 1953;;;;;;;;;;;;x
battlefleet_concentration_doctrine_hidden_10;Model 1955;;;;;;;;;;;;x
battleship_crew_training_hidden;Battleship Crew Training;;;;;;;;;;;;x
battleship_crew_training_hidden_1;Model 1937;;;;;;;;;;;;x
battleship_crew_training_hidden_2;Model 1939;;;;;;;;;;;;x
battleship_crew_training_hidden_3;Model 1941;;;;;;;;;;;;x
battleship_crew_training_hidden_4;Model 1943;;;;;;;;;;;;x
battleship_crew_training_hidden_5;Model 1945;;;;;;;;;;;;x
battleship_crew_training_hidden_6;Model 1947;;;;;;;;;;;;x
battleship_crew_training_hidden_7;Model 1949;;;;;;;;;;;;x
battleship_crew_training_hidden_8;Model 1951;;;;;;;;;;;;x
battleship_crew_training_hidden_9;Model 1953;;;;;;;;;;;;x
battleship_crew_training_hidden_10;Model 1955;;;;;;;;;;;;x
battleship_crew_training_hidden_11;Model 1957;;;;;;;;;;;;x
battleship_crew_training_hidden_12;Model 1959;;;;;;;;;;;;x
fleet_auxiliary_submarine_doctrine_hidden;Fleet Auxiliary Submarine Doctr.;;;;;;;;;;;;x
fleet_auxiliary_submarine_doctrine_hidden_1;Model 1936;;;;;;;;;;;;x
trade_interdiction_submarine_doctrine_hidden;Trade Interdiction Submarine Doctr.;;;;;;;;;;;;x
trade_interdiction_submarine_doctrine_hidden_1;Model 1939;;;;;;;;;;;;x
trade_interdiction_submarine_doctrine_hidden_2;Model 1941;;;;;;;;;;;;x
trade_interdiction_submarine_doctrine_hidden_3;Model 1942;;;;;;;;;;;;x
trade_interdiction_submarine_doctrine_hidden_4;Model 1943;;;;;;;;;;;;x
trade_interdiction_submarine_doctrine_hidden_5;Model 1944;;;;;;;;;;;;x
trade_interdiction_submarine_doctrine_hidden_6;Model 1945;;;;;;;;;;;;x
cruiser_warfare_hidden;Cruiser Warfare;;;;;;;;;;;;x
cruiser_warfare_hidden_1;Model 1937;;;;;;;;;;;;x
cruiser_warfare_hidden_2;Model 1939;;;;;;;;;;;;x
cruiser_warfare_hidden_3;Model 1941;;;;;;;;;;;;x
cruiser_warfare_hidden_4;Model 1943;;;;;;;;;;;;x
cruiser_warfare_hidden_5;Model 1945;;;;;;;;;;;;x
cruiser_warfare_hidden_6;Model 1947;;;;;;;;;;;;x
cruiser_warfare_hidden_7;Model 1949;;;;;;;;;;;;x
cruiser_warfare_hidden_8;Model 1951;;;;;;;;;;;;x
cruiser_warfare_hidden_9;Model 1953;;;;;;;;;;;;x
cruiser_warfare_hidden_10;Model 1955;;;;;;;;;;;;x
submarine_crew_training_hidden;Submarine Crew Training;;;;;;;;;;;;x
submarine_crew_training_hidden_1;Model 1937;;;;;;;;;;;;x
submarine_crew_training_hidden_2;Model 1939;;;;;;;;;;;;x
submarine_crew_training_hidden_3;Model 1940;;;;;;;;;;;;x
submarine_crew_training_hidden_4;Model 1941;;;;;;;;;;;;x
submarine_crew_training_hidden_5;Model 1942;;;;;;;;;;;;x
submarine_crew_training_hidden_6;Model 1943;;;;;;;;;;;;x
submarine_crew_training_hidden_7;Model 1944;;;;;;;;;;;;x
submarine_crew_training_hidden_8;Model 1945;;;;;;;;;;;;x
submarine_crew_training_hidden_9;Model 1946;;;;;;;;;;;;x
submarine_crew_training_hidden_10;Model 1947;;;;;;;;;;;;x
submarine_crew_training_hidden_11;Model 1948;;;;;;;;;;;;x
submarine_crew_training_hidden_12;Model 1949;;;;;;;;;;;;x
cruiser_crew_training_hidden;Cruiser Crew Training;;;;;;;;;;;;x
cruiser_crew_training_hidden_1;Model 1937;;;;;;;;;;;;x
cruiser_crew_training_hidden_2;Model 1939;;;;;;;;;;;;x
cruiser_crew_training_hidden_3;Model 1941;;;;;;;;;;;;x
cruiser_crew_training_hidden_4;Model 1943;;;;;;;;;;;;x
cruiser_crew_training_hidden_5;Model 1945;;;;;;;;;;;;x
cruiser_crew_training_hidden_6;Model 1947;;;;;;;;;;;;x
cruiser_crew_training_hidden_7;Model 1949;;;;;;;;;;;;x
cruiser_crew_training_hidden_8;Model 1951;;;;;;;;;;;;x
cruiser_crew_training_hidden_9;Model 1953;;;;;;;;;;;;x
cruiser_crew_training_hidden_10;Model 1955;;;;;;;;;;;;x
cruiser_crew_training_hidden_11;Model 1957;;;;;;;;;;;;x
cruiser_crew_training_hidden_12;Model 1959;;;;;;;;;;;;x
spotting_hidden;Spotting;;;;;;;;;;;;x
spotting_hidden_1;Model 1937;;;;;;;;;;;;x
spotting_hidden_2;Model 1939;;;;;;;;;;;;x
spotting_hidden_3;Model 1941;;;;;;;;;;;;x
spotting_hidden_4;Model 1943;;;;;;;;;;;;x
spotting_hidden_5;Model 1945;;;;;;;;;;;;x
spotting_hidden_6;Model 1947;;;;;;;;;;;;x
spotting_hidden_7;Model 1949;;;;;;;;;;;;x
spotting_hidden_8;Model 1951;;;;;;;;;;;;x
spotting_hidden_9;Model 1953;;;;;;;;;;;;x
spotting_hidden_10;Model 1955;;;;;;;;;;;;x
airborne_training_hidden;Airborne Unit Training;;;;;;;;;;;;x
airborne_training_hidden_1;Model 1918;;;;;;;;;;;;x
airborne_training_hidden_2;Model 1936;;;;;;;;;;;;x
airborne_training_hidden_3;Model 1937;;;;;;;;;;;;x
airborne_training_hidden_4;Model 1938;;;;;;;;;;;;x
airborne_training_hidden_5;Model 1939;;;;;;;;;;;;x
airborne_training_hidden_6;Model 1940;;;;;;;;;;;;x
airborne_training_hidden_7;Model 1941;;;;;;;;;;;;x
airborne_training_hidden_8;Model 1942;;;;;;;;;;;;x
airborne_training_hidden_9;Model 1943;;;;;;;;;;;;x
airborne_training_hidden_10;Model 1944;;;;;;;;;;;;x
airborne_training_hidden_11;Model 1945;;;;;;;;;;;;x
airborne_training_hidden_12;Model 1946;;;;;;;;;;;;x
airborne_command_and_control_hidden;Airborne Unit Command and Control;;;;;;;;;;;;x
airborne_command_and_control_hidden_1;Model 1918;;;;;;;;;;;;x
airborne_command_and_control_hidden_2;Model 1936;;;;;;;;;;;;x
airborne_command_and_control_hidden_3;Model 1937;;;;;;;;;;;;x
airborne_command_and_control_hidden_4;Model 1938;;;;;;;;;;;;x
airborne_command_and_control_hidden_5;Model 1939;;;;;;;;;;;;x
airborne_command_and_control_hidden_6;Model 1940;;;;;;;;;;;;x
airborne_command_and_control_hidden_7;Model 1941;;;;;;;;;;;;x
airborne_command_and_control_hidden_8;Model 1942;;;;;;;;;;;;x
airborne_command_and_control_hidden_9;Model 1943;;;;;;;;;;;;x
airborne_command_and_control_hidden_10;Model 1944;;;;;;;;;;;;x
airborne_command_and_control_hidden_11;Model 1945;;;;;;;;;;;;x
airborne_command_and_control_hidden_12;Model 1946;;;;;;;;;;;;x
Auftragstaktik_hidden;Auftragstaktik;;;;;;;;;;;;x
Auftragstaktik_hidden_1;Model 1937;;;;;;;;;;;;x
Auftragstaktik_hidden_2;Model 1939;;;;;;;;;;;;x
Auftragstaktik_hidden_3;Model 1941;;;;;;;;;;;;x
Auftragstaktik_hidden_4;Model 1943;;;;;;;;;;;;x
Auftragstaktik_hidden_5;Model 1945;;;;;;;;;;;;x
Befehlstaktik_hidden;Befehlstaktik;;;;;;;;;;;;x
Befehlstaktik_hidden_1;Model 1937;;;;;;;;;;;;x
Befehlstaktik_hidden_2;Model 1939;;;;;;;;;;;;x
Befehlstaktik_hidden_3;Model 1941;;;;;;;;;;;;x
Befehlstaktik_hidden_4;Model 1943;;;;;;;;;;;;x
Befehlstaktik_hidden_5;Model 1945;;;;;;;;;;;;x
spearhead_hidden;Spearhead Doctrine;;;;;;;;;;;;x
spearhead_hidden_1;Model 1941;;;;;;;;;;;;x
political_indoctrination_hidden;Political Indoctrination;;;;;;;;;;;;x
political_indoctrination_hidden_1;Model 1933;;;;;;;;;;;;x
political_indoctrination_hidden_2;Model 1936;;;;;;;;;;;;x
political_indoctrination_hidden_3;Model 1939;;;;;;;;;;;;x
political_indoctrination_hidden_4;Model 1942;;;;;;;;;;;;x
political_indoctrination_hidden_5;Model 1945;;;;;;;;;;;;x
political_indoctrination_hidden_6;Model 1948;;;;;;;;;;;;x
political_integration_hidden;Political Integration;;;;;;;;;;;;x
political_integration_hidden_1;Model 1933;;;;;;;;;;;;x
political_integration_hidden_2;Model 1936;;;;;;;;;;;;x
political_integration_hidden_3;Model 1939;;;;;;;;;;;;x
political_integration_hidden_4;Model 1942;;;;;;;;;;;;x
political_integration_hidden_5;Model 1945;;;;;;;;;;;;x
political_integration_hidden_6;Model 1948;;;;;;;;;;;;x
leader_activation_hidden;Unique HQ;;;;;;;;;;;;x
leader_activation_hidden_1;Model 1918;;;;;;;;;;;;x
battle_commander_brigade_activation_hidden;Battle Commander ID;;;;;;;;;;;;x
battle_commander_brigade_activation_hidden_1;Model 1918;;;;;;;;;;;;x
faulty_torp_hidden;Faulty Mk 14 Torpedo;;;;;;;;;;;;x
faulty_torp_hidden_1;Model 1918;;;;;;;;;;;;x
fixed_torp_hidden;Fixed Mk 14 Torpedo;;;;;;;;;;;;x
fixed_torp_hidden_1;Model 1918;;;;;;;;;;;;x
long_lance_hidden;Type 93/95 Torpedo;;;;;;;;;;;;x
long_lance_hidden_1;Model 1918;;;;;;;;;;;;x
invasion_lockdown_hidden;AI only;;;;;;;;;;;;x
invasion_lockdown_hidden_1;Model 1918;;;;;;;;;;;;x
invasion_unlock_hidden;AI only;;;;;;;;;;;;x
invasion_unlock_hidden_1;Model 1918;;;;;;;;;;;;x
AI_multi_role_range_hidden;Advanced AI ;;;;;;;;;;;;x
AI_multi_role_range_hidden_1;Model 1936;;;;;;;;;;;;x
AI_multi_role_range_hidden_2;Model 1939;;;;;;;;;;;;x
AI_multi_role_range_hidden_3;Model 1942;;;;;;;;;;;;x
AI_multi_role_range_hidden_4;Model 1945;;;;;;;;;;;;x
AI_multi_role_range_hidden_5;Model 1948;;;;;;;;;;;;x
AI_multi_role_range_hidden_6;Model 1951;;;;;;;;;;;;x
AI_Airunit_officers_hidden;AI Air Unit Officer Balance ;;;;;;;;;;;;x
AI_Airunit_officers_hidden_1;Model 1936;;;;;;;;;;;;x
AI_Naval_Command_Tech_hidden;AI Naval Command Tech;;;;;;;;;;;;x
AI_Naval_Command_Tech_hidden_1;Model 1918;;;;;;;;;;;;x
unique_ships_armour_tech_hidden;Unique Ships Armour Metallurgy;;;;;;;;;;;;x
unique_ships_armour_tech_hidden_1;1918;;;;;;;;;;;;x
unique_ships_armour_tech_hidden_2;1930;;;;;;;;;;;;x
unique_ships_armour_tech_hidden_3;1935;;;;;;;;;;;;x
unique_ships_armour_tech_hidden_4;1940;;;;;;;;;;;;x
game_balance_tech_stage_1a_1;Stage 1;;;;;;;;;;;;x
game_balance_tech_stage_1a_2;Stage 2;;;;;;;;;;;;x
game_balance_tech_stage_1a_3;Stage 3;;;;;;;;;;;;x
game_balance_tech_stage_1a_4;Stage 4;;;;;;;;;;;;x
game_balance_tech_stage_1a_5;Stage 5;;;;;;;;;;;;x
game_balance_tech_stage_1a_6;Stage 6;;;;;;;;;;;;x
game_balance_tech_stage_1a_7;Stage 7;;;;;;;;;;;;x
game_balance_tech_stage_1a_8;Stage 8;;;;;;;;;;;;x
game_balance_tech_stage_1a_9;Stage 9;;;;;;;;;;;;x
game_balance_tech_stage_1b_1;Stage 1;;;;;;;;;;;;x
game_balance_tech_stage_1b_2;Stage 2;;;;;;;;;;;;x
game_balance_tech_stage_1b_3;Stage 3;;;;;;;;;;;;x
game_balance_tech_stage_1b_4;Stage 4;;;;;;;;;;;;x
game_balance_tech_stage_1b_5;Stage 5;;;;;;;;;;;;x
game_balance_tech_stage_1b_6;Stage 6;;;;;;;;;;;;x
game_balance_tech_stage_1b_7;Stage 7;;;;;;;;;;;;x
game_balance_tech_stage_1b_8;Stage 8;;;;;;;;;;;;x
game_balance_tech_stage_1b_9;Stage 9;;;;;;;;;;;;x
game_balance_tech_stage_2_1;Stage 1;;;;;;;;;;;;x
game_balance_tech_stage_2_2;Stage 2;;;;;;;;;;;;x
game_balance_tech_stage_2_3;Stage 3;;;;;;;;;;;;x
game_balance_tech_stage_2_4;Stage 4;;;;;;;;;;;;x
game_balance_tech_stage_2_5;Stage 5;;;;;;;;;;;;x
game_balance_tech_stage_2_6;Stage 6;;;;;;;;;;;;x
game_balance_tech_stage_2_7;Stage 7;;;;;;;;;;;;x
game_balance_tech_stage_2_8;Stage 8;;;;;;;;;;;;x
game_balance_tech_stage_2_9;Stage 9;;;;;;;;;;;;x
game_balance_tech_stage_3_1;Stage 1;;;;;;;;;;;;x
game_balance_tech_stage_3_2;Stage 2;;;;;;;;;;;;x
game_balance_tech_stage_3_3;Stage 3;;;;;;;;;;;;x
game_balance_tech_stage_3_4;Stage 4;;;;;;;;;;;;x
game_balance_tech_stage_3_5;Stage 5;;;;;;;;;;;;x
game_balance_tech_stage_3_6;Stage 6;;;;;;;;;;;;x
game_balance_tech_stage_3_7;Stage 7;;;;;;;;;;;;x
game_balance_tech_stage_3_8;Stage 8;;;;;;;;;;;;x
game_balance_tech_stage_3_9;Stage 9;;;;;;;;;;;;x
game_balance_tech_stage_4_1;Stage 1;;;;;;;;;;;;x
game_balance_tech_stage_4_2;Stage 2;;;;;;;;;;;;x
game_balance_tech_stage_4_3;Stage 3;;;;;;;;;;;;x
game_balance_tech_stage_4_4;Stage 4;;;;;;;;;;;;x
game_balance_tech_stage_4_5;Stage 5;;;;;;;;;;;;x
game_balance_tech_stage_4_6;Stage 6;;;;;;;;;;;;x
game_balance_tech_stage_4_7;Stage 7;;;;;;;;;;;;x
game_balance_tech_stage_4_8;Stage 8;;;;;;;;;;;;x
game_balance_tech_stage_4_9;Stage 9;;;;;;;;;;;;x
#EOF#;;;;;;;;;;;;;;x