###########################################################;;;;;;;;;;;;;x
ENG_destroyer_technology_0;WWI Blueprint;;;;;;;;;;;;;x
ENG_destroyer_technology_1;DNC 1918 Destroyer Blueprint;;;;;;;;;;;;;x
ENG_destroyer_technology_2;DNC 1930 Destroyer Blueprint;;;;;;;;;;;;;x
ENG_destroyer_technology_3;DNC 1932 Destroyer Blueprint;;;;;;;;;;;;;x
ENG_destroyer_technology_4;DNC 1934 Destroyer Blueprint;;;;;;;;;;;;;x
ENG_destroyer_class_0;;;;;;;;;;;;;;x
ENG_destroyer_class_1;DNC 1936 Destroyer Blueprint;;;;;;;;;;;;;x
ENG_destroyer_class_2;DNC 1938 Destroyer Blueprint;;;;;;;;;;;;;x
ENG_destroyer_class_3;DNC 1940 Destroyer Blueprint;;;;;;;;;;;;;x
ENG_destroyer_class_4;DNC 1942 Destroyer Blueprint;;;;;;;;;;;;;x
ENG_destroyer_class_5;DNC 1944 Destroyer Blueprint;;;;;;;;;;;;;x
ENG_destroyer_class_6;DNC 1946 Destroyer Blueprint;;;;;;;;;;;;;x
ENG_destroyer_class_7;DNC 1948 Destroyer Blueprint;;;;;;;;;;;;;x
ENG_destroyer_class_8;DNC 1950 Destroyer Blueprint;;;;;;;;;;;;;x
ENG_frigate_class_0;;;;;;;;;;;;;;x
ENG_frigate_class_1;DNC 1939 Frigate Blueprint;;;;;;;;;;;;;x
ENG_frigate_class_2;DNC 1940 Frigate Blueprint;;;;;;;;;;;;;x
ENG_frigate_class_3;DNC 1942 Frigate Blueprint;;;;;;;;;;;;;x
ENG_frigate_class_4;DNC 1944 Frigate Blueprint;;;;;;;;;;;;;x
ENG_frigate_class_5;DNC 1946 Frigate Blueprint;;;;;;;;;;;;;x
ENG_frigate_class_6;DNC 1948 Frigate Blueprint;;;;;;;;;;;;;x
ENG_frigate_class_7;DNC 1950 Frigate Blueprint;;;;;;;;;;;;;x
ENG_torpedo_boat_class_0;;;;;;;;;;;;;;x
ENG_torpedo_boat_class_1;DNC 1918 Torpedo Boat Blueprint;;;;;;;;;;;;;x
ENG_torpedo_boat_class_2;DNC 1932 Torpedo Boat Blueprint;;;;;;;;;;;;;x
ENG_torpedo_boat_class_3;DNC 1934 Torpedo Boat Blueprint;;;;;;;;;;;;;x
ENG_torpedo_boat_class_4;DNC 1936 Torpedo Boat Blueprint;;;;;;;;;;;;;x
ENG_torpedo_boat_class_5;DNC 1938 Torpedo Boat Blueprint;;;;;;;;;;;;;x
ENG_torpedo_boat_class_6;DNC 1940 Torpedo Boat Blueprint;;;;;;;;;;;;;x
ENG_torpedo_boat_class_7;DNC 1942 Torpedo Boat Blueprint;;;;;;;;;;;;;x
ENG_torpedo_boat_class_8;DNC 1944 Torpedo Boat Blueprint;;;;;;;;;;;;;x
ENG_torpedo_boat_class_9;DNC 1946 Torpedo Boat Blueprint;;;;;;;;;;;;;x
ENG_torpedo_boat_class_10;DNC 1948 Torpedo Boat Blueprint;;;;;;;;;;;;;x
ENG_torpedo_boat_class_11;DNC 1950 Torpedo Boat Blueprint;;;;;;;;;;;;;x
ENG_motor_torpedo_boat_class_0;;;;;;;;;;;;;;x
ENG_motor_torpedo_boat_class_1;DNC 1918 MTB Blueprint;;;;;;;;;;;;;x
ENG_motor_torpedo_boat_class_2;DNC 1932 MTB Blueprint;;;;;;;;;;;;;x
ENG_motor_torpedo_boat_class_3;DNC 1934 MTB Blueprint;;;;;;;;;;;;;x
ENG_motor_torpedo_boat_class_4;DNC 1936 MTB Blueprint;;;;;;;;;;;;;x
ENG_motor_torpedo_boat_class_5;DNC 1938 MTB Blueprint;;;;;;;;;;;;;x
ENG_motor_torpedo_boat_class_6;DNC 1940 MTB Blueprint;;;;;;;;;;;;;x
ENG_motor_torpedo_boat_class_7;DNC 1942 MTB Blueprint;;;;;;;;;;;;;x
ENG_motor_torpedo_boat_class_8;DNC 1944 MTB Blueprint;;;;;;;;;;;;;x
ENG_motor_torpedo_boat_class_9;DNC 1946 MTB Blueprint;;;;;;;;;;;;;x
ENG_motor_torpedo_boat_class_10;DNC 1948 MTB Blueprint;;;;;;;;;;;;;x
ENG_motor_torpedo_boat_class_11;DNC 1950 MTB Blueprint;;;;;;;;;;;;;x
ENG_light_naval_guns_0;QF 4 in Mk V guns;;;;;;;;;;;;;x
ENG_light_naval_guns_1;BL 4.7-in Mark I guns;;;;;;;;;;;;;x
ENG_light_naval_guns_2;QF 4.7-in Mk IX CP Mk VIII;;;;;;;;;;;;;x
ENG_light_naval_guns_3;QF 4.7-in Mk IX CP Mk VIII;;;;;;;;;;;;;x
ENG_light_naval_guns_4;QF 4.7-in Mk IX CP Mk VIII;;;;;;;;;;;;;x
ENG_light_naval_guns_5;QF 4.7-in Mk XII CP Mk XIX;;;;;;;;;;;;;x
ENG_light_naval_guns_6;QF 4-in Mk XVI HA/LA Mk XIX;;;;;;;;;;;;;x
ENG_light_naval_guns_7;QF 4.7-in Mk XII CP Mk XIX;;;;;;;;;;;;;x
ENG_light_naval_guns_8;4x QF 4.5-in Mk IV BD;;;;;;;;;;;;;x
ENG_light_naval_guns_9;6x QF 4.5-in Mk IV BD;;;;;;;;;;;;;x
ENG_light_naval_guns_10;6x QF 4.5-in Mark VI turrets;;;;;;;;;;;;;x
ENG_light_naval_guns_11;6x QF 4.5-in Mark VII turrets;;;;;;;;;;;;;x
ENG_light_warship_engine_0;27.000 shp Parsons No. 3;;;;;;;;;;;;;x
ENG_light_warship_engine_1;36.000 shp/40,000 shp Parsons No. 4/5;;;;;;;;;;;;;x
ENG_light_warship_engine_2;36.000 shp Parsons No. 6;;;;;;;;;;;;;x
ENG_light_warship_engine_3;34.000 shp Parsons No. 6;;;;;;;;;;;;;x
ENG_light_warship_engine_4;34.000 shp Parsons No. 6;;;;;;;;;;;;;x
ENG_light_warship_engine_5;44.000 shp Parsons No. 6;;;;;;;;;;;;;x
ENG_light_warship_engine_6;40.000 shp Parsons No. 6/7;;;;;;;;;;;;;x
ENG_light_warship_engine_7;40.000 shp Parsons No. 7;;;;;;;;;;;;;x
ENG_light_warship_engine_8;50.000 shp Parsons No. 9;;;;;;;;;;;;;x
ENG_light_warship_engine_9;40.000 shp Parsons No. 10;;;;;;;;;;;;;x
ENG_light_warship_engine_10;54.000 shp Parsons No. 9;;;;;;;;;;;;;x
ENG_light_warship_engine_11;58.000 shp Parsons No. 9;;;;;;;;;;;;;x
ENG_light_warship_engine_12;62.000 shp Parsons No. 9;;;;;;;;;;;;;x
ENG_light_warship_screws_rudder_optimisation_0;;;;;;;;;;;;;;x
ENG_light_warship_screws_rudder_optimisation_1;3-Blade Bronze/Semi-Bal Steel pl.;;;;;;;;;;;;;x
ENG_light_warship_screws_rudder_optimisation_2;3-Blade Mn-Bronze/Semi-Bal Steel pl.;;;;;;;;;;;;;x
ENG_light_warship_screws_rudder_optimisation_3;3-Blade N-Al-Bronze/Semi-Bal Weld. Steel pl.;;;;;;;;;;;;;x
ENG_light_warship_screws_rudder_optimisation_4;3-Blade Mn-Bronze/Semi-Bal Weld. Steel pl.;;;;;;;;;;;;;x
ENG_light_warship_screws_rudder_optimisation_5;3-Blade Mn-Bronze/Semi-Bal Cast Steel pl.;;;;;;;;;;;;;x
ENG_light_warship_screws_rudder_optimisation_6;4-Blade High Str Bronze/Semi-Bal Steel pl.;;;;;;;;;;;;;x
ENG_light_warship_screws_rudder_optimisation_7;4-Blade High Str Bronze/Semi-Bal Steel pl.;;;;;;;;;;;;;x
ENG_light_warship_screws_rudder_optimisation_8;4-Blade High Str Bronze/Semi-Bal Steel pl.;;;;;;;;;;;;;x
ENG_hydrophone_dev_0;Type 112;;;;;;;;;;;;;x
ENG_hydrophone_dev_1;Type 119;;;;;;;;;;;;;x
ENG_hydrophone_dev_2;Type 121;;;;;;;;;;;;;x
ENG_hydrophone_dev_3;Type 122;;;;;;;;;;;;;x
ENG_hydrophone_dev_4;Type 123/124;;;;;;;;;;;;;x
ENG_hydrophone_dev_5;Type 128;;;;;;;;;;;;;x
ENG_hydrophone_dev_6;Type 144;;;;;;;;;;;;;x
ENG_hydrophone_dev_7;Type 145/147;;;;;;;;;;;;;x
ENG_hydrophone_dev_8;Type 147B;;;;;;;;;;;;;x
ENG_hydrophone_dev_9;Type 170;;;;;;;;;;;;;x
ENG_hydrophone_dev_10;Type 174;;;;;;;;;;;;;x
ENG_hydrophone_dev_11;Type 175;;;;;;;;;;;;;x
ENG_small_warship_surface_radar_0;;;;;;;;;;;;;;x
ENG_small_warship_surface_radar_1;Type 286;;;;;;;;;;;;;x
ENG_small_warship_surface_radar_2;Type 286M/271;;;;;;;;;;;;;x
ENG_small_warship_surface_radar_3;Type 272/291;;;;;;;;;;;;;x
ENG_small_warship_surface_radar_4;Type 273;;;;;;;;;;;;;x
ENG_small_warship_surface_radar_5;Type 276;;;;;;;;;;;;;x
ENG_small_warship_surface_radar_6;Type 277M;;;;;;;;;;;;;x
ENG_small_warship_surface_radar_7;Type 277P;;;;;;;;;;;;;x
ENG_small_warship_surface_radar_8;Type 277Q;;;;;;;;;;;;;x
ENG_small_warship_surface_radar_9;Type 277Q;;;;;;;;;;;;;x
ENG_small_warship_surface_radar_10;Type 982;;;;;;;;;;;;;x
ENG_small_warship_surface_radar_11;Type 992;;;;;;;;;;;;;x
ENG_small_warship_airsearch_radar_0;;;;;;;;;;;;;;x
ENG_small_warship_airsearch_radar_1;Type 286;;;;;;;;;;;;;x
ENG_small_warship_airsearch_radar_2;Type 290;;;;;;;;;;;;;x
ENG_small_warship_airsearch_radar_3;Type 291;;;;;;;;;;;;;x
ENG_small_warship_airsearch_radar_4;Type 291M;;;;;;;;;;;;;x
ENG_small_warship_airsearch_radar_5;Type 293;;;;;;;;;;;;;x
ENG_small_warship_airsearch_radar_6;Type 293P;;;;;;;;;;;;;x
ENG_small_warship_airsearch_radar_7;Type 293Q;;;;;;;;;;;;;x
ENG_small_warship_airsearch_radar_8;Type 293M;;;;;;;;;;;;;x
ENG_small_warship_airsearch_radar_9;Type 293X;;;;;;;;;;;;;x
ENG_small_warship_airsearch_radar_10;Type 960;;;;;;;;;;;;;x
ENG_smallwarship_asw_0;;;;;;;;;;;;;;x
ENG_smallwarship_asw_1;;;;;;;;;;;;;;x
ENG_smallwarship_asw_2;;;;;;;;;;;;;;x
ENG_smallwarship_asw_3;;;;;;;;;;;;;;x
ENG_smallwarship_asw_4;;;;;;;;;;;;;;x
ENG_smallwarship_asw_5;;;;;;;;;;;;;;x
ENG_smallwarship_asw_6;;;;;;;;;;;;;;x
ENG_smallwarship_asw_7;;;;;;;;;;;;;;x
ENG_smallwarship_damage_control_0;;;;;;;;;;;;;;x
ENG_smallwarship_damage_control_1;;;;;;;;;;;;;;x
ENG_smallwarship_damage_control_2;;;;;;;;;;;;;;x
ENG_smallwarship_damage_control_3;;;;;;;;;;;;;;x
ENG_smallwarship_damage_control_4;;;;;;;;;;;;;;x
ENG_smallwarship_damage_control_5;;;;;;;;;;;;;;x
ENG_smallwarship_damage_control_6;;;;;;;;;;;;;;x
ENG_smallwarship_damage_control_7;;;;;;;;;;;;;;x
ENG_smallwarship_fire_control_computer_0;;;;;;;;;;;;;;x
ENG_smallwarship_fire_control_computer_1;LA Director;;;;;;;;;;;;;x
ENG_smallwarship_fire_control_computer_2;DCT, AFCC Mk I/II;;;;;;;;;;;;;x
ENG_smallwarship_fire_control_computer_3;LA DCT, AFCC Mk IV/V;;;;;;;;;;;;;x
ENG_smallwarship_fire_control_computer_4;LA Director Mk IV, AFCC Mk VI;;;;;;;;;;;;;x
ENG_smallwarship_fire_control_computer_5;LA Director Mk VI, AFCT Mk VII;;;;;;;;;;;;;x
ENG_smallwarship_fire_control_computer_6;LA Director Mk VI, AFCT Mk X;;;;;;;;;;;;;x
ENG_smallwarship_fire_control_computer_7;LA Director Mk VII, AFCT Mk XI;;;;;;;;;;;;;x
ENG_smallwarship_AAA_control_computer_0;Rangefinder-Director Mk II;;;;;;;;;;;;;x
ENG_smallwarship_AAA_control_computer_1;HACS Mk III;;;;;;;;;;;;;x
ENG_smallwarship_AAA_control_computer_2;HACS Mk III, FKC Mk II/III;;;;;;;;;;;;;x
ENG_smallwarship_AAA_control_computer_3;HACS Mk IV+Type 283, CRBF+Type 262, STD;;;;;;;;;;;;;x
ENG_smallwarship_AAA_control_computer_4;HACS Mk IV+Type 283, FKC Mk IV, CRBF+Type 282, STD;;;;;;;;;;;;;x
ENG_smallwarship_AAA_control_computer_5;HACS Mk IV Mod 1+Type 283 Mk 3, CRBF+Type 282, STD;;;;;;;;;;;;;x
ENG_smallwarship_AAA_control_computer_6;HACS Mk IV Mod 2+Type 293, CRBF+Type 282 Mk 2, STD;;;;;;;;;;;;;x
ENG_hdfd_radio_dev_0;;;;;;;;;;;;;;x
ENG_hdfd_radio_dev_1;Type FH.1;;;;;;;;;;;;;x
ENG_hdfd_radio_dev_2;Type FH.2/3;;;;;;;;;;;;;x
ENG_hdfd_radio_dev_3;Type FH.4;;;;;;;;;;;;;x
ENG_hdfd_radio_dev_4;Type FH.5;;;;;;;;;;;;;x
ENG_hdfd_radio_dev_5;Type FH.6;;;;;;;;;;;;;x
ENG_hdfd_radio_dev_6;Type FH.7;;;;;;;;;;;;;x
ENG_hdfd_radio_dev_7;Type FH.8;;;;;;;;;;;;;x
ENG_depth_charge_0;;;;;;;;;;;;;;x
ENG_depth_charge_1;Type D Mk I;;;;;;;;;;;;;x
ENG_depth_charge_2;Type D Mk II;;;;;;;;;;;;;x
ENG_depth_charge_3;Type D Mk III;;;;;;;;;;;;;x
ENG_depth_charge_4;Type D Mk VII;;;;;;;;;;;;;x
ENG_depth_charge_5;Type D Mk VIII;;;;;;;;;;;;;x
ENG_depth_charge_6;Type D Mk IX;;;;;;;;;;;;;x
ENG_depth_charge_7;Type D Mk X;;;;;;;;;;;;;x
ENG_hedgehog_dev_0;;;;;;;;;;;;;;x
ENG_hedgehog_dev_1;Hedgehog Mark ;;;;;;;;;;;;;xI
ENG_hedgehog_dev_2;Hedgehog Mark II;;;;;;;;;;;;;x
ENG_hedgehog_dev_3;Squid ASW Mortar;;;;;;;;;;;;;x
ENG_hedgehog_dev_4;Squid ASW Mortar;;;;;;;;;;;;;x
ENG_asw_counter_measures_1;;;;;;;;;;;;;;x
ENG_heavy_antiaircraft_light_ships_0;QF 4.7-in Mk IX CP Mk VIII;;;;;;;;;;;;;x
ENG_heavy_antiaircraft_light_ships_1;QF 4.7-in Mk XII CP Mk XIX;;;;;;;;;;;;;x
ENG_heavy_antiaircraft_light_ships_2;QF 4.7-in Mk IX guns, CP Mk XXII;;;;;;;;;;;;;x
ENG_heavy_antiaircraft_light_ships_3;QF 4-in Mk XVI HA/LA Mk XIX;;;;;;;;;;;;;x
ENG_heavy_antiaircraft_light_ships_4;QF 4.5-in Mk IV BD;;;;;;;;;;;;;x
ENG_heavy_antiaircraft_light_ships_5;QF 4.5-in Mk V BD;;;;;;;;;;;;;x
ENG_heavy_antiaircraft_light_ships_6;QF 4.5-in Mk VI BD;;;;;;;;;;;;;x
ENG_light_antiaircraft_light_ships_0;Quad Vickers .50 cal Mk III;;;;;;;;;;;;;x
ENG_light_antiaircraft_light_ships_1;2xQuad Vickers .50 cal Mk III, QF 2-Pounder;;;;;;;;;;;;;x
ENG_light_antiaircraft_light_ships_2;2x20 mm Oerlikons, QF 2-Pounder;;;;;;;;;;;;;x
ENG_light_antiaircraft_light_ships_3;6x40mm Bofors STAAG Mk II;;;;;;;;;;;;;x
ENG_light_antiaircraft_light_ships_4;6x40mm Bofors STAAG Mk V, 2x20mm Oerlikon;;;;;;;;;;;;;x
ENG_light_antiaircraft_light_ships_5;6x40mm Bofors STAAG Mk V;;;;;;;;;;;;;x
ENG_light_antiaircraft_light_ships_6;6x40mm Bofors STAAG Mk VI;;;;;;;;;;;;;x
#####################################################;;;;;;;;;;;;;x
ENG_lightcruiser_technology_0;DNC WWI Light Cruiser Blueprint;;;;;;;;;;;;;x
ENG_lightcruiser_technology_1;DNC 1918 Light Cruiser Blueprint;;;;;;;;;;;;;x
ENG_lightcruiser_technology_2;DNC 1929 Light Cruiser Blueprint;;;;;;;;;;;;;x
ENG_lightcruiser_technology_3;DNC 1932 Light Cruiser Blueprint;;;;;;;;;;;;;x
ENG_lightcruiser_class_1;DNC 1936 Light Cruiser Blueprint;;;;;;;;;;;;;x
ENG_lightcruiser_class_2;DNC 1939 Light Cruiser Blueprint;;;;;;;;;;;;;x
ENG_lightcruiser_class_3;DNC 1942 Light Cruiser Blueprint;;;;;;;;;;;;;x
ENG_lightcruiser_class_4;DNC 1945 Light Cruiser Blueprint;;;;;;;;;;;;;x
ENG_lightcruiser_class_5;DNC 1948 Light Cruiser Blueprint;;;;;;;;;;;;;x
ENG_lightcruiser_class_6;DNC 1951 Light Cruiser Blueprint;;;;;;;;;;;;;x
ENG_anti_air_cruiser_activation_1;;;;;;;;;;;;;;x
ENG_heavycruiser_technology_0;;;;;;;;;;;;;;x
ENG_heavycruiser_technology_1;DNC 1918 Heavy Cruiser Blueprint;;;;;;;;;;;;;x
ENG_heavycruiser_technology_2;DNC 1930 Heavy Cruiser Blueprint;;;;;;;;;;;;;x
ENG_heavycruiser_technology_3;DNC 1933 Heavy Cruiser Blueprint;;;;;;;;;;;;;x
ENG_heavycruiser_class_0;;;;;;;;;;;;;;x
ENG_heavycruiser_class_1;DNC 1936 Heavy Cruiser Blueprint;;;;;;;;;;;;;x
ENG_heavycruiser_class_2;DNC 1939 Heavy Cruiser Blueprint;;;;;;;;;;;;;x
ENG_heavycruiser_class_3;DNC 1942 Heavy Cruiser Blueprint;;;;;;;;;;;;;x
ENG_heavycruiser_class_4;DNC 1945 Heavy Cruiser Blueprint;;;;;;;;;;;;;x
ENG_heavycruiser_class_5;DNC 1948 Heavy Cruiser Blueprint;;;;;;;;;;;;;x
ENG_heavycruiser_class_6;DNC 1951 Heavy Cruiser Blueprint;;;;;;;;;;;;;x
ENG_heavy_cruiser_naval_guns_0;;;;;;;;;;;;;;x
ENG_heavy_cruiser_naval_guns_1;BL 7.5-in Mark VI;;;;;;;;;;;;;x
ENG_heavy_cruiser_naval_guns_2;8x BL 8-in 50 Mark VIII CP Mk I;;;;;;;;;;;;;x
ENG_heavy_cruiser_naval_guns_3;6x BL 8-in 50 Mark VIII CP Mk I;;;;;;;;;;;;;x
ENG_heavy_cruiser_naval_guns_4;8x BL 8-in 50 Mark VIII CP Mk II;;;;;;;;;;;;;x
ENG_heavy_cruiser_naval_guns_5;BL 8-in 50-caliber Mark X;;;;;;;;;;;;;x
ENG_heavy_cruiser_naval_guns_6;BL 9.2-in 50-caliber Mk X;;;;;;;;;;;;;x
ENG_heavy_cruiser_naval_guns_7;BL 9.2-in 50-caliber Mk XI;;;;;;;;;;;;;x
ENG_heavy_cruiser_naval_guns_8;BL 10-in 50-caliber Mk X;;;;;;;;;;;;;x
ENG_heavy_cruiser_naval_guns_9;BL 12-in 50-caliber Mk IV;;;;;;;;;;;;;x
ENG_light_cruiser_naval_guns_0;;;;;;;;;;;;;;x
ENG_light_cruiser_naval_guns_1;8x 7.5-in Mk VI ;;;;;;;;;;;;;x
ENG_light_cruiser_naval_guns_2;8x QF 6-in Mk XXIII, Mk XXI mount;;;;;;;;;;;;;x
ENG_light_cruiser_naval_guns_3;6x QF 6-in Mk XXIII, Mk XXI mount;;;;;;;;;;;;;x
ENG_light_cruiser_naval_guns_4;12x QF 6-in Mk XXIII, Mk XXII mount;;;;;;;;;;;;;x
ENG_light_cruiser_naval_guns_5;12x QF 6-in Mk XXIII, Mk XXII mount;;;;;;;;;;;;;x
ENG_light_cruiser_naval_guns_6;12x QF 6-in Mk XXIII, Mk XXII mount;;;;;;;;;;;;;x
ENG_light_cruiser_naval_guns_7;9x QF 6-in Mk XXIII, Mk XXV mount;;;;;;;;;;;;;x
ENG_light_cruiser_naval_guns_8;12x QF 6-in Mk XXIV, Mk XXV mount;;;;;;;;;;;;;x
ENG_light_cruiser_naval_guns_9;QF 6-in Mk XXVI;;;;;;;;;;;;;x
ENG_cruiser_naval_guns_AP_ammo_0;6-in Mk I,  8-in Mk I;;;;;;;;;;;;;x
ENG_cruiser_naval_guns_AP_ammo_1;6-in Mk II/III, 8-in Mk II/III;;;;;;;;;;;;;x
ENG_cruiser_naval_guns_AP_ammo_2;6-in Mk IV, 8-in Mk IV;;;;;;;;;;;;;x
ENG_cruiser_naval_guns_AP_ammo_3;6-in Mk IV M1, 8-in Mk V;;;;;;;;;;;;;x
ENG_cruiser_naval_guns_AP_ammo_4;6-in Mk IV M2, 8-in Mk V M1/2;;;;;;;;;;;;;x
ENG_cruiser_naval_guns_AP_ammo_5;6-in Mk V, 8-in Mk VI, 9.2-12in Mk V;;;;;;;;;;;;;x
ENG_cruiser_naval_guns_AP_ammo_6;6-in Mk V M1, 8-in Mk VI M1/2, 9.2-12in Mk VI;;;;;;;;;;;;;x
ENG_cruiser_naval_guns_AP_ammo_7;6-in Mk V M2, 8-in Mk VII, 9.2-12in Mk VI;;;;;;;;;;;;;x
ENG_cruiser_naval_guns_AP_ammo_8;6-in Mk VI+, 8-in Mk VII M1, 9.2-12in Mk VIII;;;;;;;;;;;;;x
ENG_cruiser_naval_guns_HE_ammo_0;;;;;;;;;;;;;;x
ENG_cruiser_naval_guns_HE_ammo_1;6-in Mk I, 8-in Mk I;;;;;;;;;;;;;x
ENG_cruiser_naval_guns_HE_ammo_2;6-in Mk II, 8-in  Mk II;;;;;;;;;;;;;x
ENG_cruiser_naval_guns_HE_ammo_3;6-in Mk II M1, 8-in Mk III;;;;;;;;;;;;;x
ENG_cruiser_naval_guns_HE_ammo_4;6-in Mk II M2, 8-in Mk IV;;;;;;;;;;;;;x
ENG_cruiser_naval_guns_HE_ammo_5;6-in Mk III, 8-in Mk IV M1, 9.2-12in Mk V;;;;;;;;;;;;;x
ENG_cruiser_naval_guns_HE_ammo_6;6-in Mk V, 8-in Mk V, 9.2-12in Mk VI;;;;;;;;;;;;;x
ENG_cruiser_naval_guns_HE_ammo_7;6-in Mk VI, 8-in Mk VI, 9.2-12in Mk VI;;;;;;;;;;;;;x
ENG_cruiser_naval_guns_HE_ammo_8;6-in Mk VI M1, 8-in Mk VI M1, 9.2-12in Mk VIII;;;;;;;;;;;;;x
ENG_cruiser_naval_guns_autoloader_0;;;;;;;;;;;;;;x
ENG_cruiser_naval_guns_autoloader_1;AGE Auto-loader Blueprint 1945;;;;;;;;;;;;;x
ENG_cruiser_naval_guns_autoloader_2;AGE Auto-loader Blueprint 1948;;;;;;;;;;;;;x
ENG_cruiser_naval_guns_autoloader_3;AGE Auto-loader Blueprint 1951;;;;;;;;;;;;;x
ENG_cruiser_engine_and_boilers_0;;;;;;;;;;;;;;x
ENG_cruiser_engine_and_boilers_1;CL:80,000 shp / CA:60,000 shp;;;;;;;;;;;;;x
ENG_cruiser_engine_and_boilers_2;CL:72,000 shp / CA:80,000 shp;;;;;;;;;;;;;x
ENG_cruiser_engine_and_boilers_3;CL:54,000 shp / CA:80,000 shp;;;;;;;;;;;;;x
ENG_cruiser_engine_and_boilers_4;CL:75,000 shp / CA:62,000 shp;;;;;;;;;;;;;x
ENG_cruiser_engine_and_boilers_5;CL:82,500 shp / CA:72,500 shp;;;;;;;;;;;;;x
ENG_cruiser_engine_and_boilers_6;CL:80,000 shp / CA:72,500 shp;;;;;;;;;;;;;x
ENG_cruiser_engine_and_boilers_7;CL:85,000 shp / CA:72,500 shp;;;;;;;;;;;;;x
ENG_cruiser_engine_and_boilers_8;CL:90,000 shp / CA:77,500 shp;;;;;;;;;;;;;x
ENG_cruiser_engine_and_boilers_9;CL:95,000 shp / CA:85.000 shp;;;;;;;;;;;;;x
ENG_cruiser_screws_and_rudder_optimisation_0;;;;;;;;;;;;;;x
ENG_cruiser_screws_and_rudder_optimisation_1;3-Blade Mn-Bronze 12 ft pitch/Semi-Bal Steel pl.;;;;;;;;;;;;;x
ENG_cruiser_screws_and_rudder_optimisation_2;3-Blade Mn-Bronze 13 ft pitch/Semi-Bal Steel pl.;;;;;;;;;;;;;x
ENG_cruiser_screws_and_rudder_optimisation_3;3-Blade Mn-Bronze 13,5 ft pitch/Semi-Bal Steel pl.;;;;;;;;;;;;;x
ENG_cruiser_screws_and_rudder_optimisation_4;3-Blade Mn-Bronze 14 ft pitch/Semi-Bal Steel pl.;;;;;;;;;;;;;x
ENG_cruiser_screws_and_rudder_optimisation_5;3-Blade Mn-Bronze 13,5 ft pitch/Semi-Bal Steel pl.;;;;;;;;;;;;;x
ENG_cruiser_screws_and_rudder_optimisation_6;3-Blade Mn-Bronze 14 ft pitch/Semi-Bal Steel pl.;;;;;;;;;;;;;x
ENG_cruiser_screws_and_rudder_optimisation_7;3-Blade Mn-Bronze 14,5 ft pitch/Semi-Bal Steel pl.;;;;;;;;;;;;;x
ENG_cruiser_screws_and_rudder_optimisation_8;3-Blade Mn-Bronze 15,5 ft pitch/Semi-Bal Steel pl.;;;;;;;;;;;;;x
ENG_cruiser_screws_and_rudder_optimisation_9;3-Blade Mn-Bronze 16,5 ft pitch/Semi-Bal Steel pl.;;;;;;;;;;;;;x
ENG_cruiser_hull_shape_optimisation_0;;;;;;;;;;;;;;x
ENG_cruiser_hull_shape_optimisation_1;DNC Hull Blueprint 1918;;;;;;;;;;;;;x
ENG_cruiser_hull_shape_optimisation_2;DNC Hull Blueprint 1929;;;;;;;;;;;;;x
ENG_cruiser_hull_shape_optimisation_3;DNC Hull Blueprint 1932;;;;;;;;;;;;;x
ENG_cruiser_hull_shape_optimisation_4;DNC Hull Blueprint 1935;;;;;;;;;;;;;x
ENG_cruiser_hull_shape_optimisation_5;DNC Hull Blueprint 1938;;;;;;;;;;;;;x
ENG_cruiser_hull_shape_optimisation_6;DNC Hull Blueprint 1941;;;;;;;;;;;;;x
ENG_cruiser_hull_shape_optimisation_7;DNC Hull Blueprint 1944;;;;;;;;;;;;;x
ENG_cruiser_hull_shape_optimisation_8;DNC Hull Blueprint 1947;;;;;;;;;;;;;x
ENG_cruiser_hull_shape_optimisation_9;DNC Hull Blueprint 1950;;;;;;;;;;;;;x
ENG_lightcruiser_armour_thickness_0;;;;;;;;;;;;;;x
ENG_lightcruiser_armour_thickness_1;Gun Shields: 25mm, Barbettes: 76mm;;;;;;;;;;;;;x
ENG_lightcruiser_armour_thickness_2;Turrets: 25mm, Barbettes: 76mm;;;;;;;;;;;;;x
ENG_lightcruiser_armour_thickness_3;Turrets: 25mm, Barbettes: 76mm;;;;;;;;;;;;;x
ENG_lightcruiser_armour_thickness_4;Turrets: 102mm, Barbettes: 76mm;;;;;;;;;;;;;x
ENG_lightcruiser_armour_thickness_5;Turrets: 102mm, Barbettes: 51mm;;;;;;;;;;;;;x
ENG_lightcruiser_armour_thickness_6;Turrets: 114mm, Barbettes: 114mm;;;;;;;;;;;;;x
ENG_lightcruiser_armour_thickness_7;Turrets: 152mm, Barbettes: 152mm;;;;;;;;;;;;;x
ENG_lightcruiser_armour_thickness_8;Turrets: 165mm, Barbettes: 165mm;;;;;;;;;;;;;x
ENG_lightcruiser_armour_thickness_9;Turrets: 177mm, Barbettes: 177mm;;;;;;;;;;;;;x
ENG_lightcruiser_armour_thickness_10;Turrets: 190mm, Barbettes: 190mm;;;;;;;;;;;;;x
ENG_lightcruiser_armour_thickness_11;Turrets: 190mm, Barbettes: 190mm;;;;;;;;;;;;;x
ENG_lightcruiser_armour_thickness_12;Turrets: 203mm, Barbettes: 203mm;;;;;;;;;;;;;x
ENG_heavy_cruiser_armour_thickness_0;;;;;;;;;;;;;;x
ENG_heavy_cruiser_armour_thickness_1;Turrets: 25mm, Barbettes: 25mm;;;;;;;;;;;;;x
ENG_heavy_cruiser_armour_thickness_2;Turrets: 25mm, Barbettes: 25mm;;;;;;;;;;;;;x
ENG_heavy_cruiser_armour_thickness_3;Turrets: 25mm, Barbettes: 25mm;;;;;;;;;;;;;x
ENG_heavy_cruiser_armour_thickness_4;Turrets: 51mm, Barbettes: 76mm;;;;;;;;;;;;;x
ENG_heavy_cruiser_armour_thickness_5;Turrets: 76mm, Barbettes: 152mm;;;;;;;;;;;;;x
ENG_heavy_cruiser_armour_thickness_6;Turrets: 152mm, Barbettes: 152mm;;;;;;;;;;;;;x
ENG_heavy_cruiser_armour_thickness_7;Turrets: 165mm, Barbettes: 165mm;;;;;;;;;;;;;x
ENG_heavy_cruiser_armour_thickness_8;Turrets: 177mm, Barbettes: 177mm;;;;;;;;;;;;;x
ENG_heavy_cruiser_armour_thickness_9;Turrets: 190mm, Barbettes: 190mm;;;;;;;;;;;;;x
ENG_heavy_cruiser_armour_thickness_10;Turrets: 203mm, Barbettes: 203mm;;;;;;;;;;;;;x
ENG_heavy_cruiser_armour_thickness_11;Turrets: 216mm, Barbettes: 216mm;;;;;;;;;;;;;x
ENG_heavy_cruiser_armour_thickness_12;Turrets: 228mm, Barbettes: 228mm;;;;;;;;;;;;;x
ENG_cruiser_bulkheads_layout_0;;;;;;;;;;;;;;x
ENG_cruiser_bulkheads_layout_1;CL: 25mm / CA: 64mm;;;;;;;;;;;;;x
ENG_cruiser_bulkheads_layout_2;CL: 89mm / CA: 76mm;;;;;;;;;;;;;x
ENG_cruiser_bulkheads_layout_3;CL: 76mm / CA: 102mm;;;;;;;;;;;;;x
ENG_cruiser_bulkheads_layout_4;CL: 152mm / CA: 76mm;;;;;;;;;;;;;x
ENG_cruiser_bulkheads_layout_5;CL: 64mm / CA: 76mm;;;;;;;;;;;;;x
ENG_cruiser_bulkheads_layout_6;CL: 114mm / CA: 102mm;;;;;;;;;;;;;x
ENG_cruiser_bulkheads_layout_7;CL: 102mm / CA: 114mm;;;;;;;;;;;;;x
ENG_cruiser_bulkheads_layout_8;CL: 114mm / CA: 140mm;;;;;;;;;;;;;x
ENG_cruiser_bulkheads_layout_9;CL: 127mm / CA: 152mm;;;;;;;;;;;;;x
ENG_cruiser_bulkheads_layout_10;CL: 140mm / CA: 165mm;;;;;;;;;;;;;x
ENG_cruiser_bulkheads_layout_11;CL: 152mm / CA: 177mm;;;;;;;;;;;;;x
ENG_cruiser_bulkheads_layout_12;CL: 165mm / CA: 190mm;;;;;;;;;;;;;x
ENG_cruiser_horizontal_protection_layout_0;;;;;;;;;;;;;;x
ENG_cruiser_horizontal_protection_layout_1;CL: 25mm / CA: 38mm;;;;;;;;;;;;;x
ENG_cruiser_horizontal_protection_layout_2;CL: 89mm / CA: 38mm;;;;;;;;;;;;;x
ENG_cruiser_horizontal_protection_layout_3;CL: 25mm / CA: 51mm;;;;;;;;;;;;;x
ENG_cruiser_horizontal_protection_layout_4;CL: 51mm / CA: 38mm;;;;;;;;;;;;;x
ENG_cruiser_horizontal_protection_layout_5;CL: 76mm / CA: 38mm;;;;;;;;;;;;;x
ENG_cruiser_horizontal_protection_layout_6;CL: 38mm / CA: 76mm;;;;;;;;;;;;;x
ENG_cruiser_horizontal_protection_layout_7;CL: 76mm / CA: 76mm;;;;;;;;;;;;;x
ENG_cruiser_horizontal_protection_layout_8;CL: 90mm / CA: 90mm;;;;;;;;;;;;;x
ENG_cruiser_horizontal_protection_layout_9;CL: 90mm / CA: 102mm;;;;;;;;;;;;;x
ENG_cruiser_horizontal_protection_layout_10;CL: 102mm / CA: 114mm;;;;;;;;;;;;;x
ENG_cruiser_horizontal_protection_layout_11;CL: 102mm / CA: 127mm;;;;;;;;;;;;;x
ENG_cruiser_horizontal_protection_layout_12;CL: 114mm / CA: 140mm;;;;;;;;;;;;;x
ENG_cruiser_vertical_protection_layout_0;;;;;;;;;;;;;;x
ENG_cruiser_vertical_protection_layout_1;CL: 76mm / CA: 114mm;;;;;;;;;;;;;x
ENG_cruiser_vertical_protection_layout_2;CL: 76mm / CA: 102mm;;;;;;;;;;;;;x
ENG_cruiser_vertical_protection_layout_3;CL: 76mm / CA: 114mm;;;;;;;;;;;;;x
ENG_cruiser_vertical_protection_layout_4;CL: 114mm / CA: 114mm;;;;;;;;;;;;;x
ENG_cruiser_vertical_protection_layout_5;CL: 114mm / CA: 76mm;;;;;;;;;;;;;x
ENG_cruiser_vertical_protection_layout_6;CL: 114mm / CA: 152mm;;;;;;;;;;;;;x
ENG_cruiser_vertical_protection_layout_7;CL: 152mm / CA: 152mm;;;;;;;;;;;;;x
ENG_cruiser_vertical_protection_layout_8;CL: 165mm / CA: 165mm;;;;;;;;;;;;;x
ENG_cruiser_vertical_protection_layout_9;CL: 165mm / CA: 177mm;;;;;;;;;;;;;x
ENG_cruiser_vertical_protection_layout_10;CL: 177mm / CA: 190mm;;;;;;;;;;;;;x
ENG_cruiser_vertical_protection_layout_11;CL: 177mm / CA: 203mm;;;;;;;;;;;;;x
ENG_cruiser_vertical_protection_layout_12;CL: 190mm / CA: 215mm;;;;;;;;;;;;;x
ENG_mediumwarship_surface_radar_0;;;;;;;;;;;;;;x
ENG_mediumwarship_surface_radar_1;Type 79X/Z;;;;;;;;;;;;;x
ENG_mediumwarship_surface_radar_2;Type 286M;;;;;;;;;;;;;x
ENG_mediumwarship_surface_radar_3;Type 271;;;;;;;;;;;;;x
ENG_mediumwarship_surface_radar_4;Type 273;;;;;;;;;;;;;x
ENG_mediumwarship_surface_radar_5;Type 277;;;;;;;;;;;;;x
ENG_mediumwarship_surface_radar_6;Type 276;;;;;;;;;;;;;x
ENG_mediumwarship_surface_radar_7;Type 277P;;;;;;;;;;;;;x
ENG_mediumwarship_surface_radar_8;Type 277Q;;;;;;;;;;;;;x
ENG_mediumwarship_surface_radar_9;Type 277Q;;;;;;;;;;;;;x
ENG_mediumwarship_surface_radar_10;Type 982;;;;;;;;;;;;;x
ENG_mediumwarship_surface_radar_11;Type 992;;;;;;;;;;;;;x
ENG_mediumwarship_airsearch_radar_0;;;;;;;;;;;;;;x
ENG_mediumwarship_airsearch_radar_1;Type 79;;;;;;;;;;;;;x
ENG_mediumwarship_airsearch_radar_2;Type 281;;;;;;;;;;;;;x
ENG_mediumwarship_airsearch_radar_3;Type 281B;;;;;;;;;;;;;x
ENG_mediumwarship_airsearch_radar_4;Type 279;;;;;;;;;;;;;x
ENG_mediumwarship_airsearch_radar_5;Type 281Q;;;;;;;;;;;;;x
ENG_mediumwarship_airsearch_radar_6;Type 279B;;;;;;;;;;;;;x
ENG_mediumwarship_airsearch_radar_7;Type 279C;;;;;;;;;;;;;x
ENG_mediumwarship_airsearch_radar_8;Type 281Q+Type 279C;;;;;;;;;;;;;x
ENG_mediumwarship_airsearch_radar_9;Type 960+Type 279C;;;;;;;;;;;;;x
ENG_mediumwarship_airsearch_radar_10;Type 960+Type 293P;;;;;;;;;;;;;x
ENG_mediumwarship_airsearch_radar_11;Type 960+Type 293P;;;;;;;;;;;;;x
ENG_cruiser_damage_control_0;;;;;;;;;;;;;;x
ENG_cruiser_damage_control_1;;;;;;;;;;;;;;x
ENG_cruiser_damage_control_2;;;;;;;;;;;;;;x
ENG_cruiser_damage_control_3;;;;;;;;;;;;;;x
ENG_cruiser_damage_control_4;;;;;;;;;;;;;;x
ENG_cruiser_damage_control_5;;;;;;;;;;;;;;x
ENG_cruiser_damage_control_6;;;;;;;;;;;;;;x
ENG_cruiser_damage_control_7;;;;;;;;;;;;;;x
ENG_cruiser_fire_control_computer_0;;;;;;;;;;;;;;x
ENG_cruiser_fire_control_computer_1;WWI Era Fire Control;;;;;;;;;;;;;x
ENG_cruiser_fire_control_computer_2;15-ft Barr & Stroud, AFCC MkI/II;;;;;;;;;;;;;x
ENG_cruiser_fire_control_computer_3;15-ft Barr & Stroud MkIV, AFCC MkIII;;;;;;;;;;;;;x
ENG_cruiser_fire_control_computer_4;15-ft Barr & Stroud MkIV, AFCC MkIV, Type 284;;;;;;;;;;;;;x
ENG_cruiser_fire_control_computer_5;15-ft Barr & Stroud MkV, AFCC MkIV, Type 274, RPC;;;;;;;;;;;;;x
ENG_cruiser_fire_control_computer_6;15-ft Barr & Stroud MkV, AFCC MkIV, Type 274M, RPC;;;;;;;;;;;;;x
ENG_cruiser_fire_control_computer_7;15-ft Barr & Stroud MkV, AFCC MkIV, Type 274M, RPC;;;;;;;;;;;;;x
ENG_cruiser_AAA_control_computer_0;;;;;;;;;;;;;;x
ENG_cruiser_AAA_control_computer_1;HACS Mk III;;;;;;;;;;;;;x
ENG_cruiser_AAA_control_computer_2;HACS Mk III/IV + Type 285;;;;;;;;;;;;;x
ENG_cruiser_AAA_control_computer_3;HACS Mk IV/V + Type 285;;;;;;;;;;;;;x
ENG_cruiser_AAA_control_computer_4;HACS Mk V/VI + Type 275 MkIV;;;;;;;;;;;;;x
ENG_cruiser_AAA_control_computer_5;HACS Mk VIC + Type 275/277, RPC;;;;;;;;;;;;;x
ENG_cruiser_AAA_control_computer_6;HACS Mk VIC + Type 275, RPC;;;;;;;;;;;;;x
ENG_cruiser_AAA_control_computer_7;HACS Mk VIC + Type 275M, RPC;;;;;;;;;;;;;x
ENG_cruiser_light_anti_air_artilery_0;;;;;;;;;;;;;;x
ENG_cruiser_light_anti_air_artilery_1;QF 2-pdr Mk II mount;;;;;;;;;;;;;x
ENG_cruiser_light_anti_air_artilery_2;QF 2-pdr Mk II/V mounts, .50-in Vickers MG Mk III mount;;;;;;;;;;;;;x
ENG_cruiser_light_anti_air_artilery_3;QF 2-pdr Mk V/VII mounts, .50-in Vickers MG Mk III mount;;;;;;;;;;;;;x
ENG_cruiser_light_anti_air_artilery_4;QF 2-pdr Mk V/VII mounts, 20mm Oerlikon Mk III mount;;;;;;;;;;;;;x
ENG_cruiser_light_anti_air_artilery_5;QF 2-pdr Mk V mount, 40mm Bofors Mk III/IV/V, 20mm Oerlikon Mk III/V;;;;;;;;;;;;;x
ENG_cruiser_light_anti_air_artilery_6;QF 2-pdr Mk V mount, 40mm Bofors Mk IV/V;;;;;;;;;;;;;x
ENG_cruiser_light_anti_air_artilery_7;40mm Bofors Mk IV/V/STAAG;;;;;;;;;;;;;x
ENG_cruiser_medium_anti_air_artilery_0;;;;;;;;;;;;;;x
ENG_cruiser_medium_anti_air_artilery_1;;;;;;;;;;;;;;x
ENG_cruiser_medium_anti_air_artilery_2;;;;;;;;;;;;;;x
ENG_cruiser_medium_anti_air_artilery_3;;;;;;;;;;;;;;x
ENG_cruiser_medium_anti_air_artilery_4;;;;;;;;;;;;;;x
ENG_cruiser_medium_anti_air_artilery_5;;;;;;;;;;;;;;x
ENG_cruiser_medium_anti_air_artilery_6;;;;;;;;;;;;;;x
ENG_cruiser_medium_anti_air_artilery_7;;;;;;;;;;;;;;x
ENG_cruiser_anti_air_artilery_focus_0;;;;;;;;;;;;;;x
ENG_cruiser_anti_air_artilery_focus_1;;;;;;;;;;;;;;x
ENG_cruiser_anti_air_artilery_focus_2;;;;;;;;;;;;;;x
ENG_cruiser_anti_air_artilery_focus_3;;;;;;;;;;;;;;x
ENG_cruiser_heavy_anti_air_artilery_0;;;;;;;;;;;;;;x
ENG_cruiser_heavy_anti_air_artilery_1;QF 4-in Mk V/XVI, HA Mk V/XIX mount;;;;;;;;;;;;;x
ENG_cruiser_heavy_anti_air_artilery_2;QF 4-in Mk XVI, HA Mk V/XIX mount;;;;;;;;;;;;;x
ENG_cruiser_heavy_anti_air_artilery_3;QF 4-in Mk XVI, HA Mk V/XIX/XX mount;;;;;;;;;;;;;x
ENG_cruiser_heavy_anti_air_artilery_4;QF 4-in Mk XVI, HA Mk XIX/XX mount;;;;;;;;;;;;;x
ENG_cruiser_heavy_anti_air_artilery_5;QF 4-in Mk XVI, HA Mk XX mount;;;;;;;;;;;;;x
############################################################################;;;;;;;;;;;;;x
ENG_battleship_technology_0;DNC 1918 Battleship Blueprint;;;;;;;;;;;;;x
ENG_battleship_technology_1;DNC 1918 Battleship Blueprint;;;;;;;;;;;;;x
ENG_battleship_technology_2;DNC 1930 Battleship Blueprint;;;;;;;;;;;;;x
ENG_battleship_technology_3;DNC 1933 Battleship Blueprint;;;;;;;;;;;;;x
ENG_battleship_class_1;DNC 1936 Battleship Blueprint;;;;;;;;;;;;;x
ENG_battleship_class_2;DNC 1939 Battleship Blueprint;;;;;;;;;;;;;x
ENG_battleship_class_3;DNC 1942 Battleship Blueprint;;;;;;;;;;;;;x
ENG_battleship_class_4;DNC 1945 Battleship Blueprint;;;;;;;;;;;;;x
ENG_battleship_class_5;DNC 1948 Battleship Blueprint;;;;;;;;;;;;;x
ENG_battleship_class_6;DNC 1951 Battleship Blueprint;;;;;;;;;;;;;x
ENG_battlecruiser_technology_0;;;;;;;;;;;;;;x
ENG_battlecruiser_technology_1;DNC 1918 Battlecruiser Blueprint;;;;;;;;;;;;;x
ENG_battlecruiser_technology_2;DNC 1930 Battlecruiser Blueprint;;;;;;;;;;;;;x
ENG_battlecruiser_technology_3;DNC 1933 Battlecruiser Blueprint;;;;;;;;;;;;;x
ENG_battlecruiser_class_1;DNC 1936 Battlecruiser Blueprint;;;;;;;;;;;;;x
ENG_battlecruiser_class_2;DNC 1939 Battlecruiser Blueprint;;;;;;;;;;;;;x
ENG_battlecruiser_class_3;DNC 1942 Battlecruiser Blueprint;;;;;;;;;;;;;x
ENG_battlecruiser_class_4;DNC 1945 Battlecruiser Blueprint;;;;;;;;;;;;;x
ENG_battlecruiser_class_5;DNC 1948 Battlecruiser Blueprint;;;;;;;;;;;;;x
ENG_battlecruiser_class_6;DNC 1951 Battlecruiser Blueprint;;;;;;;;;;;;;x
ENG_pocket_battleship_activation_0;DNC 1933 Pocket Battleship Blueprint;;;;;;;;;;;;;x
ENG_pocket_battleship_activation_1;DNC 1933 Pocket Battleship Blueprint;;;;;;;;;;;;;x
ENG_pocket_battleship_activation_2;DNC 1936 Pocket Battleship Blueprint;;;;;;;;;;;;;x
ENG_pocket_battleship_activation_3;DNC 1939 Pocket Battleship Blueprint;;;;;;;;;;;;;x
ENG_pocket_battleship_activation_4;DNC 1942 Pocket Battleship Blueprint;;;;;;;;;;;;;x
ENG_pocket_battleship_activation_5;DNC 1945 Pocket Battleship Blueprint;;;;;;;;;;;;;x
ENG_pocket_battleship_activation_6;DNC 1948 Pocket Battleship Blueprint;;;;;;;;;;;;;x
ENG_capitalship_armament_0;BC/BB: 13.5-in Mk V;;;;;;;;;;;;;x
ENG_capitalship_armament_1;BC/BB: 15-in 42 cal. Mk I;;;;;;;;;;;;;x
ENG_capitalship_armament_2;BC/BB: 15-in 42 cal. Mk I;;;;;;;;;;;;;x
ENG_capitalship_armament_3;BC/BB: 16-in 45 cal. Mark I;;;;;;;;;;;;;x
ENG_capitalship_armament_4;BC/BB: 14-in 45 cal. Mark VII SHBB: 16-in 45 cal. Mark II;;;;;;;;;;;;;x
ENG_capitalship_armament_5;BC/BB: 15-in 42 cal. Mk I SHBB: 16-in 45 cal. Mark II;;;;;;;;;;;;;x
ENG_capitalship_armament_6;BC/BB: 16-in 45 cal. Mark II SHBB: 18-in 45 cal. Mark II;;;;;;;;;;;;;x
ENG_capitalship_armament_7;BC/BB: 16-in 50 cal. Mark III SHBB: 18-in 45 cal. Mark II;;;;;;;;;;;;;x
ENG_capitalship_armament_8;BC/BB: 16-in 50 cal. Mk IV SHBB: 20-in 45 cal. Mk I;;;;;;;;;;;;;x
ENG_capitalship_armament_9;BC/BB: 16-in 50 cal. Mk VI SHBB: 20-in 45 cal. Mk I;;;;;;;;;;;;;x
ENG_capitalship_armament_AP_ammo_1;381mm MkII;;;;;;;;;;;;;x
ENG_capitalship_armament_AP_ammo_2;381mm MkVIII/406mm MkI/356mm MkI/II, 18-20in MkI;;;;;;;;;;;;;x
ENG_capitalship_armament_AP_ammo_3;381mm MkXI/406mm MkII/356mm MkVIII, 18-20in MkI;;;;;;;;;;;;;x
ENG_capitalship_armament_AP_ammo_4;381mm MkXII/406mm MkIII/356mm MkVIIB, 18-20in MkI;;;;;;;;;;;;;x
ENG_capitalship_armament_AP_ammo_5;381mm MkXIIB/406mm MkIII/356mm MkXII, 18-20in MkI;;;;;;;;;;;;;x
ENG_capitalship_armament_AP_ammo_6;381mm Mk XIII/406mm Mk IV/356mm MkXIII, 18-20in MkII;;;;;;;;;;;;;x
ENG_capitalship_armament_AP_ammo_7;381mm Mk IX/406mm Mk V/356mm MkXIII, 18-20in MkII;;;;;;;;;;;;;x
ENG_capitalship_armament_AP_ammo_8;381mm Mk IX/406mm Mk V/356mm MkXIII, 18-20in MkIII;;;;;;;;;;;;;x
ENG_capitalship_armament_AP_ammo_9;381mm Mk X/406mm Mk VI/356mm MkXIII, 18-20in MkIII;;;;;;;;;;;;;x
ENG_capitalship_armament_HE_ammo_1;406mm MkI / 356mm, 381mm - MkI, 18-20in MkI;;;;;;;;;;;;;x
ENG_capitalship_armament_HE_ammo_2;406mm MkIB / 356mm, 381mm - MkI, 18-20in MkI;;;;;;;;;;;;;x
ENG_capitalship_armament_HE_ammo_3;406mm MkIB / 356mm, 381mm - MkI, 18-20in MkII;;;;;;;;;;;;;x
ENG_capitalship_armament_HE_ammo_4;406mm D.D./L.9145 / 356mm, 381mm - MkII, 18-20in MkII;;;;;;;;;;;;;x
ENG_capitalship_armament_HE_ammo_5;406mm MkII / 356mm, 381mm - MkII, 18-20in MkII;;;;;;;;;;;;;x
ENG_capitalship_armament_HE_ammo_6;406mm MkIII / 356mm, 381mm - MkIII, 18-20in MkIII;;;;;;;;;;;;;x
ENG_capitalship_armament_HE_ammo_7;406mm MkIV / 356mm, 381mm - MkIII, 18-20in MkIII;;;;;;;;;;;;;x
ENG_capitalship_armament_HE_ammo_8;406mm MkIV / 356mm, 381mm - MkIV, 18-20in MkIV;;;;;;;;;;;;;x
ENG_capitalship_armament_HE_ammo_9;406mm MkV / 356mm, 381mm - MkV, 18-20in MkV;;;;;;;;;;;;;x
ENG_capitalship_secondary_1;6-in MkXII guns, casemate / 4-in QF MkV;;;;;;;;;;;;;x
ENG_capitalship_secondary_2;6-in MkXII guns, casemate / 4-in QF MkV;;;;;;;;;;;;;x
ENG_capitalship_secondary_3;4.7-in QF MkVIII;;;;;;;;;;;;;x
ENG_capitalship_secondary_4;4.7-in QF MkVIII;;;;;;;;;;;;;x
ENG_capitalship_secondary_5;4.5-in QF MkIII/IV;;;;;;;;;;;;;x
ENG_capitalship_secondary_6;5.25-in QF MkI;;;;;;;;;;;;;x
ENG_capitalship_secondary_7;5.25-in QF MkI;;;;;;;;;;;;;x
ENG_capitalship_secondary_8;4.5-in Mark V;;;;;;;;;;;;;x
ENG_capitalship_secondary_9;4.5-in Mark VI;;;;;;;;;;;;;x
ENG_capital_ship_engine_1;112.000 shp / 75.000 shp;;;;;;;;;;;;;x
ENG_capital_ship_engine_2;144.000 shp / 40.000 shp;;;;;;;;;;;;;x
ENG_capital_ship_engine_3;135.000 shp / 45.000 shp;;;;;;;;;;;;;x
ENG_capital_ship_engine_4;160.000 shp / 110.000 shp;;;;;;;;;;;;;x
ENG_capital_ship_engine_5;160.000 shp / 130.000 shp;;;;;;;;;;;;;x
ENG_capital_ship_engine_6;160.000 shp / 130.000 shp;;;;;;;;;;;;;x
ENG_capital_ship_engine_7;170.000 shp / 150.000 shp;;;;;;;;;;;;;x
ENG_capital_ship_engine_8;180.000 shp / 170.000 shp;;;;;;;;;;;;;x
ENG_capital_ship_engine_9;190.000 shp / 190.000 shp;;;;;;;;;;;;;x
ENG_capital_ship_boilers_1;42xYarrow 400 psi / 24xBabcock & Wilcox 235 psi;;;;;;;;;;;;;x
ENG_capital_ship_boilers_2;24xYarrow 235 psi / 18xBabcock & Wilcox 235 psi;;;;;;;;;;;;;x
ENG_capital_ship_boilers_3;8xAdmiralty 3-drum 400 psi;;;;;;;;;;;;;x
ENG_capital_ship_boilers_4;22xAdmiralty 3-drum 350 psi / 8xAdmiralty 3-drum 400 psi;;;;;;;;;;;;;x
ENG_capital_ship_boilers_5;8xAdmiralty 3-drum 400 psi;;;;;;;;;;;;;x
ENG_capital_ship_boilers_6;8xAdmiralty 3-drum 400 psi;;;;;;;;;;;;;x
ENG_capital_ship_boilers_7;10xAdmiralty 3-drum 400 psi;;;;;;;;;;;;;x
ENG_capital_ship_boilers_8;10xAdmiralty 3-drum 450 psi;;;;;;;;;;;;;x
ENG_capital_ship_boilers_9;10xAdmiralty 3-drum 500 psi;;;;;;;;;;;;;x
ENG_capital_ship_turbines_1;2/4 Parsons direct-drive steam turbines;;;;;;;;;;;;;x
ENG_capital_ship_turbines_2;4 Parsons geared or direct-drive steam turbines;;;;;;;;;;;;;x
ENG_capital_ship_turbines_3;2/4 Parsons geared steam turbines;;;;;;;;;;;;;x
ENG_capital_ship_turbines_4;4 Parsons geared steam turbines;;;;;;;;;;;;;x
ENG_capital_ship_turbines_5;4 Parsons geared steam turbines+;;;;;;;;;;;;;x
ENG_capital_ship_turbines_6;4 Parsons geared steam turbines++;;;;;;;;;;;;;x
ENG_capital_ship_turbines_7;4 Parsons geared steam turbines++;;;;;;;;;;;;;x
ENG_capital_ship_turbines_8;4 Parsons geared steam turbines++;;;;;;;;;;;;;x
ENG_capital_ship_turbines_9;4 Parsons geared steam turbines++;;;;;;;;;;;;;x
ENG_capital_ship_screws_optimisation_1;4x4 Bladed Mn-Bronze 10ft pitch;;;;;;;;;;;;;x
ENG_capital_ship_screws_optimisation_2;4x4 Bladed Mn-Bronze 12ft pitch;;;;;;;;;;;;;x
ENG_capital_ship_screws_optimisation_3;4x4 Bladed Bronze 11ft pitch;;;;;;;;;;;;;x
ENG_capital_ship_screws_optimisation_4;4x4 Bladed Bronze 11ft pitch;;;;;;;;;;;;;x
ENG_capital_ship_screws_optimisation_5;4x4 Bladed Mn-Bronze 11ft pitch;;;;;;;;;;;;;x
ENG_capital_ship_screws_optimisation_6;4x4 Bladed Bronze 12ft pitch;;;;;;;;;;;;;x
ENG_capital_ship_screws_optimisation_7;4x4 Bladed Bronze 13ft pitch;;;;;;;;;;;;;x
ENG_capital_ship_screws_optimisation_8;4x4 Bladed Bronze 13.5ft pitch;;;;;;;;;;;;;x
ENG_capital_ship_screws_optimisation_9;4x4 Bladed Bronze 14ft pitch;;;;;;;;;;;;;x
ENG_capital_ship_rudder_optimisation_1;Semi balanced rudder, 18 ft, Steel, 1200psi;;;;;;;;;;;;;x
ENG_capital_ship_rudder_optimisation_2;Semi balanced rudder, 20 ft, Steel, 1500psi;;;;;;;;;;;;;x
ENG_capital_ship_rudder_optimisation_3;Semi balanced rudder, 20 ft, Steel, 1500psi;;;;;;;;;;;;;x
ENG_capital_ship_rudder_optimisation_4;Semi balanced rudder, 20 ft, Steel, 2000psi;;;;;;;;;;;;;x
ENG_capital_ship_rudder_optimisation_5;Semi balanced rudder, 20 ft, Steel, 3000psi;;;;;;;;;;;;;x
ENG_capital_ship_rudder_optimisation_6;Semi balanced rudder, 20 ft, Steel, 3000psi;;;;;;;;;;;;;x
ENG_capital_ship_rudder_optimisation_7;Semi balanced rudder, 21 ft, Steel, 3500psi;;;;;;;;;;;;;x
ENG_capital_ship_rudder_optimisation_8;Semi balanced rudder, 21 ft, Steel, 3500psi;;;;;;;;;;;;;x
ENG_capital_ship_rudder_optimisation_9;Semi balanced rudder, 22 ft, Steel, 3700psi;;;;;;;;;;;;;x
ENG_capital_ship_hull_shape_optimisation_1;DNC Hull Shape Blueprint 1943;;;;;;;;;;;;;x
ENG_capital_ship_hull_shape_optimisation_2;DNC Hull Shape Blueprint 1946;;;;;;;;;;;;;x
ENG_capital_ship_hull_shape_optimisation_3;DNC Hull Shape Blueprint 1949;;;;;;;;;;;;;x
ENG_capital_ship_hull_shape_optimisation_4;DNC Hull Shape Blueprint 1943;;;;;;;;;;;;;x
ENG_capital_ship_hull_shape_optimisation_5;DNC Hull Shape Blueprint 1946;;;;;;;;;;;;;x
ENG_capital_ship_hull_shape_optimisation_6;DNC Hull Shape Blueprint 1949;;;;;;;;;;;;;x
ENG_capital_ship_hull_shape_optimisation_7;DNC Hull Shape Blueprint 1943;;;;;;;;;;;;;x
ENG_capital_ship_hull_shape_optimisation_8;DNC Hull Shape Blueprint 1946;;;;;;;;;;;;;x
ENG_capital_ship_hull_shape_optimisation_9;DNC Hull Shape Blueprint 1949;;;;;;;;;;;;;x
ENG_battlecruiser_armour_thickness_1;Turret: 229mm Barbettes: 178mm;;;;;;;;;;;;;x
ENG_battlecruiser_armour_thickness_2;Turret: 381mm Barbettes: 305mm;;;;;;;;;;;;;x
ENG_battlecruiser_armour_thickness_3;Turret: 381mm Barbettes: 305mm;;;;;;;;;;;;;x
ENG_battlecruiser_armour_thickness_4;Turret: 445mm Barbettes: 356mm;;;;;;;;;;;;;x
ENG_battlecruiser_armour_thickness_5;Turret: 445mm Barbettes: 381mm;;;;;;;;;;;;;x
ENG_battlecruiser_armour_thickness_6;Turret: 445mm Barbettes: 356mm;;;;;;;;;;;;;x
ENG_battlecruiser_armour_thickness_7;Turret: 457mm Barbettes: 381mm;;;;;;;;;;;;;x
ENG_battlecruiser_armour_thickness_8;Turret: 457mm Barbettes: 406mm;;;;;;;;;;;;;x
ENG_battlecruiser_armour_thickness_9;Turret: 457mm Barbettes: 406mm;;;;;;;;;;;;;x
ENG_battleship_armour_thickness_1;Turret: 330mm Barbettes: 254mm;;;;;;;;;;;;;x
ENG_battleship_armour_thickness_2;Turret: 330mm Barbettes: 254mm;;;;;;;;;;;;;x
ENG_battleship_armour_thickness_3;Turret: 406mm Barbettes: 381mm;;;;;;;;;;;;;x
ENG_battleship_armour_thickness_4;Turret: 324mm Barbettes: 324mm;;;;;;;;;;;;;x
ENG_battleship_armour_thickness_5;Turret: 381mm Barbettes: 356mm;;;;;;;;;;;;;x
ENG_battleship_armour_thickness_6;Turret: 406mm Barbettes: 381mm;;;;;;;;;;;;;x
ENG_battleship_armour_thickness_7;Turret: 406mm Barbettes: 406mm;;;;;;;;;;;;;x
ENG_battleship_armour_thickness_8;Turret: 431mm Barbettes: 431mm;;;;;;;;;;;;;x
ENG_battleship_armour_thickness_9;Turret: 457mm Barbettes: 457mm;;;;;;;;;;;;;x
ENG_super_heavy_battleship_armour_thickness_1;Turret: 508mm Barbettes: 508mm;;;;;;;;;;;;;x
ENG_super_heavy_battleship_armour_thickness_2;Turret: 533mm Barbettes: 533mm;;;;;;;;;;;;;x
ENG_super_heavy_battleship_armour_thickness_3;Turret: 558mm Barbettes: 558mm;;;;;;;;;;;;;x
ENG_super_heavy_battleship_armour_thickness_4;Turret: 571mm Barbettes: 571mm;;;;;;;;;;;;;x
ENG_super_heavy_battleship_armour_thickness_5;Turret: 584mm Barbettes: 584mm;;;;;;;;;;;;;x
ENG_super_heavy_battleship_armour_thickness_6;Turret: 609mm Barbettes: 609mm;;;;;;;;;;;;;x
ENG_capital_ship_vertical_protection_1;BC: 152mm / BB: 330mm / SHBB: 406mm;;;;;;;;;;;;;x
ENG_capital_ship_vertical_protection_2;BC: 305mm / BB: 330mm / SHBB: 431mm;;;;;;;;;;;;;x
ENG_capital_ship_vertical_protection_3;BC: 305mm / BB: 356mm / SHBB: 457mm;;;;;;;;;;;;;x
ENG_capital_ship_vertical_protection_4;BC: 356mm / BB: 373mm / SHBB: 482mm;;;;;;;;;;;;;x
ENG_capital_ship_vertical_protection_5;BC: 356mm / BB: 350mm / SHBB: 508mm;;;;;;;;;;;;;x
ENG_capital_ship_vertical_protection_6;BC: 381mm / BB: 373mm / SHBB: 533mm;;;;;;;;;;;;;x
ENG_capital_ship_vertical_protection_7;BC: 381mm / BB: 381mm / SHBB: 571mm;;;;;;;;;;;;;x
ENG_capital_ship_vertical_protection_8;BC: 406mm / BB: 406mm / SHBB: 584mm;;;;;;;;;;;;;x
ENG_capital_ship_vertical_protection_9;BC: 406mm / BB: 457mm / SHBB: 609mm;;;;;;;;;;;;;x
ENG_capital_ship_horizontal_protection_1;BC: 51mm / BB: 127mm / SHBB: 203mm;;;;;;;;;;;;;x
ENG_capital_ship_horizontal_protection_2;BC: 76mm / BB: 76mm / SHBB: 228mm;;;;;;;;;;;;;x
ENG_capital_ship_horizontal_protection_3;BC: 76mm / BB: 159mm / SHBB: 241mm;;;;;;;;;;;;;x
ENG_capital_ship_horizontal_protection_4;BC: 203mm / BB: 232mm / SHBB: 254mm;;;;;;;;;;;;;x
ENG_capital_ship_horizontal_protection_5;BC: 203mm /BB: 152mm / SHBB: 279mm;;;;;;;;;;;;;x
ENG_capital_ship_horizontal_protection_6;BC: 203mm /BB: 152mm / SHBB: 279mm;;;;;;;;;;;;;x
ENG_capital_ship_horizontal_protection_7;BC: 203mm /BB: 152mm / SHBB: 279mm;;;;;;;;;;;;;x
ENG_capital_ship_horizontal_protection_8;BC: 203mm /BB: 152mm / SHBB: 279mm;;;;;;;;;;;;;x
ENG_capital_ship_horizontal_protection_9;BC: 203mm /BB: 152mm / SHBB: 279mm;;;;;;;;;;;;;x
ENG_capital_ship_torpedo_protection_1;BC: 4.3m / BB:6.1m/51mm / SHBB: 7m/76mm;;;;;;;;;;;;;x
ENG_capital_ship_torpedo_protection_2;BC: 2.3m/38mm / BB:38mm / SHBB: 7m/101mm;;;;;;;;;;;;;x
ENG_capital_ship_torpedo_protection_3;BC: 2.3m/38mm / BB:3.7m/38mm / SHBB: 7.5m/127mm;;;;;;;;;;;;;x
ENG_capital_ship_torpedo_protection_4;BC: 2.1m/44mm / BB:4.1m/44mm / SHBB: 7.5m/152mm;;;;;;;;;;;;;x
ENG_capital_ship_torpedo_protection_5;BC: 2.1m/44mm / BB:4m/38mm / SHBB: 8m/177mm;;;;;;;;;;;;;x
ENG_capital_ship_torpedo_protection_6;BC: 2.3m/44mm / BB: 4m/44mm / SHBB: 8m/203mm;;;;;;;;;;;;;x
ENG_capital_ship_torpedo_protection_7;BC: 2.5m/50mm / BB: 5m/50mm / SHBB: 8m/203mm;;;;;;;;;;;;;x
ENG_capital_ship_torpedo_protection_8;BC: 2.8m/55mm / BB: 5m/60mm / SHBB: 9m/215;;;;;;;;;;;;;x
ENG_capital_ship_torpedo_protection_9;BC: 3m/55mm / BB: 6m/70mm / SHBB: 9m/215mm;;;;;;;;;;;;;x
ENG_capital_ship_bulkheads_layout_1;BC: 102mm / BB: 152mm / SHBB: 406mm;;;;;;;;;;;;;x
ENG_capital_ship_bulkheads_layout_2;BC: 127mm / BB: 152mm / SHBB: 429mm;;;;;;;;;;;;;x
ENG_capital_ship_bulkheads_layout_3;BC: 127mm / BB: 356mm / SHBB: 457mm;;;;;;;;;;;;;x
ENG_capital_ship_bulkheads_layout_4;BC: 305mm / BB: 305mm / SHBB: 482mm;;;;;;;;;;;;;x
ENG_capital_ship_bulkheads_layout_5;BC: 305mm / BB: 305mm / SHBB: 508mm;;;;;;;;;;;;;x
ENG_capital_ship_bulkheads_layout_6;BC: 305mm / BB: 356mm / SHBB: 533mm;;;;;;;;;;;;;x
ENG_capital_ship_bulkheads_layout_7;BC: 321mm / BB: 381mm / SHBB: 558mm;;;;;;;;;;;;;x
ENG_capital_ship_bulkheads_layout_8;BC: 321mm / BB: 406mm / SHBB: 584mm;;;;;;;;;;;;;x
ENG_capital_ship_bulkheads_layout_9;BC: 356mm / BB: 429mm / SHBB: 609mm;;;;;;;;;;;;;x
ENG_super_heavy_battleship_technology_1;DNC Super Heavy Battleship Blueprint 1940;;;;;;;;;;;;;x
ENG_super_heavy_battleship_technology_2;DNC Super Heavy Battleship Blueprint 1942;;;;;;;;;;;;;x
ENG_super_heavy_battleship_technology_3;DNC Super Heavy Battleship Blueprint 1945;;;;;;;;;;;;;x
ENG_super_heavy_battleship_technology_4;DNC Super Heavy Battleship Blueprint 1948;;;;;;;;;;;;;x
ENG_super_heavy_battleship_technology_5;DNC Super Heavy Battleship Blueprint 1951;;;;;;;;;;;;;x
ENG_fast_battleship_1;DNC Fast Battleship Concept;;;;;;;;;;;;;x
ENG_largewarship_surface_radar_1;Type 271;;;;;;;;;;;;;x
ENG_largewarship_surface_radar_2;Type 271;;;;;;;;;;;;;x
ENG_largewarship_surface_radar_3;Type 273;;;;;;;;;;;;;x
ENG_largewarship_surface_radar_4;Type 273P;;;;;;;;;;;;;x
ENG_largewarship_surface_radar_5;Type 277;;;;;;;;;;;;;x
ENG_largewarship_surface_radar_6;Type 277Q;;;;;;;;;;;;;x
ENG_largewarship_surface_radar_7;Type 277R;;;;;;;;;;;;;x
ENG_largewarship_surface_radar_8;Type 277R;;;;;;;;;;;;;x
ENG_largewarship_surface_radar_9;Type 960;;;;;;;;;;;;;x
ENG_largewarship_surface_radar_10;Type 960P;;;;;;;;;;;;;x
ENG_largewarship_surface_radar_11;Type 961;;;;;;;;;;;;;x
ENG_largewarship_surface_radar_12;Type 961P;;;;;;;;;;;;;x
ENG_largewarship_air_detection_radar_1;Type 79;;;;;;;;;;;;;x
ENG_largewarship_air_detection_radar_2;Type 281;;;;;;;;;;;;;x
ENG_largewarship_air_detection_radar_3;Type 281;;;;;;;;;;;;;x
ENG_largewarship_air_detection_radar_4;Type 281B;;;;;;;;;;;;;x
ENG_largewarship_air_detection_radar_5;Type 281B;;;;;;;;;;;;;x
ENG_largewarship_air_detection_radar_6;Type 281B+Type 277;;;;;;;;;;;;;x
ENG_largewarship_air_detection_radar_7;Type 281B+Type 277Q;;;;;;;;;;;;;x
ENG_largewarship_air_detection_radar_8;Type 281B+Type 277P;;;;;;;;;;;;;x
ENG_largewarship_air_detection_radar_9;Type 290+Type 277P;;;;;;;;;;;;;x
ENG_largewarship_air_detection_radar_10;Type 290+Type 277P;;;;;;;;;;;;;x
ENG_largewarship_air_detection_radar_11;Type 290M+Type 277P;;;;;;;;;;;;;x
ENG_largewarship_air_detection_radar_12;Type 290M+Type 277P;;;;;;;;;;;;;x
ENG_capitalship_damage_control_1;;;;;;;;;;;;;;x
ENG_capitalship_damage_control_2;;;;;;;;;;;;;;x
ENG_capitalship_damage_control_3;;;;;;;;;;;;;;x
ENG_capitalship_damage_control_4;;;;;;;;;;;;;;x
ENG_capitalship_damage_control_5;;;;;;;;;;;;;;x
ENG_capitalship_damage_control_6;;;;;;;;;;;;;;x
ENG_capitalship_damage_control_7;;;;;;;;;;;;;;x
ENG_fire_control_computer_1;15-ft B&S, Dreyer Table Mk IV;;;;;;;;;;;;;x
ENG_fire_control_computer_2;30-ft B&S, Dreyer Table Mk V;;;;;;;;;;;;;x
ENG_fire_control_computer_3;30-ft B&S, Dreyer Table Mk V, AFCT MkI;;;;;;;;;;;;;x
ENG_fire_control_computer_4;30-ft B&S, Dreyer Table Mk V, AFCT MkII, Type 284;;;;;;;;;;;;;x
ENG_fire_control_computer_5;30-ft B&S, AFCT MkIII, Type 284, RPC;;;;;;;;;;;;;x
ENG_fire_control_computer_6;30-ft B&S, AFCT MkIV, Type 284P, RPC;;;;;;;;;;;;;x
ENG_fire_control_computer_7;30-ft B&S, AFCT MkIV, Type 274, RPC;;;;;;;;;;;;;x
ENG_AAA_control_computer_1;HACS Mk III;;;;;;;;;;;;;x
ENG_AAA_control_computer_2;HACS Mk III/IV, Type 279;;;;;;;;;;;;;x
ENG_AAA_control_computer_3;HACS Mk IV/V, Type 285, RPC;;;;;;;;;;;;;x
ENG_AAA_control_computer_4;HACS Mk VI, Type 285, RPC;;;;;;;;;;;;;x
ENG_AAA_control_computer_5;HACS Mk VI, Type 285/275, RPC;;;;;;;;;;;;;x
ENG_AAA_control_computer_6;HACS Mk VI, Type 285/275, RPC;;;;;;;;;;;;;x
ENG_AAA_control_computer_7;HACS Mk VI, Type 275, RPC;;;;;;;;;;;;;x
ENG_floatplane_dev_scout_1;Fairey IIIF;;;;;;;;;;;;;x
ENG_floatplane_dev_scout_2;Supermarine Seagull V;;;;;;;;;;;;;x
ENG_floatplane_dev_scout_3;Fairey Seafox;;;;;;;;;;;;;x
ENG_floatplane_dev_scout_4;Supermarine Walrus;;;;;;;;;;;;;x
ENG_floatplane_dev_torpedo_1;Fairey Swordfish Mk I;;;;;;;;;;;;;x
ENG_floatplane_dev_torpedo_2;Supermarine Walrus Mk I;;;;;;;;;;;;;x
ENG_floatplane_dev_torpedo_3;Supermarine Walrus Mk II;;;;;;;;;;;;;x
ENG_floatplane_dev_torpedo_4;Supermarine Walrus Mk II;;;;;;;;;;;;;x
ENG_floatplane_dev_fighter_1;;;;;;;;;;;;;;x
ENG_floatplane_dev_fighter_2;;;;;;;;;;;;;;x
ENG_floatplane_dev_fighter_3;;;;;;;;;;;;;;x
ENG_floatplane_dev_fighter_4;;;;;;;;;;;;;;x
ENG_capital_ship_light_anti_air_artilery_1;QF 2-pdr Mk II/VIII mount, .303 Lewis gun;;;;;;;;;;;;;x
ENG_capital_ship_light_anti_air_artilery_2;QF 2-pdr Mk II/VIII mount, Vickers .50 Mk III, .303 Lewis guns;;;;;;;;;;;;;x
ENG_capital_ship_light_anti_air_artilery_3;QF 2-pdr Mk V/VI mount, Vickers .50 Mk III quad mounts, .303 Lewis guns;;;;;;;;;;;;;x
ENG_capital_ship_light_anti_air_artilery_4;QF 2-pdr Mk V/VI mount, Oerlikon 20 mm Mk II single mounts;;;;;;;;;;;;;x
ENG_capital_ship_light_anti_air_artilery_5;QF 2-pdr Mk VI mount, Bofors 40 mm Mk II/IIs mounts, Oerlikon 20 mm Mk II/IV mounts;;;;;;;;;;;;;x
ENG_capital_ship_light_anti_air_artilery_6;QF 2-pdr Mk VI mount, Bofors 40 mm Mk II/IIs mounts, Oerlikon 20 mm Mk II/IV mounts;;;;;;;;;;;;;x
ENG_capital_ship_light_anti_air_artilery_7;Bofors 40 mm Mk II/IIs mounts, QF 2-pdr Mk VI mount, Oerlikon 20 mm Mk II/IV mounts;;;;;;;;;;;;;x
ENG_capital_ship_light_anti_air_artilery_8;Bofors 40 mm Mk IV/V/VI on Mk II/IIs mounts;;;;;;;;;;;;;x
ENG_capital_ship_medium_anti_air_artilery_1;;;;;;;;;;;;;;x
ENG_capital_ship_medium_anti_air_artilery_2;;;;;;;;;;;;;;x
ENG_capital_ship_medium_anti_air_artilery_3;;;;;;;;;;;;;;x
ENG_capital_ship_medium_anti_air_artilery_4;;;;;;;;;;;;;;x
ENG_capital_ship_medium_anti_air_artilery_5;;;;;;;;;;;;;;x
ENG_capital_ship_medium_anti_air_artilery_6;;;;;;;;;;;;;;x
ENG_capital_ship_medium_anti_air_artilery_7;;;;;;;;;;;;;;x
ENG_capital_ship_medium_anti_air_artilery_8;;;;;;;;;;;;;;x
ENG_capital_ship_heavy_anti_air_artilery_1;QF 4-in Mk V, QF 4.7 in Mk VIII, QF 4-in Mk V;;;;;;;;;;;;;x
ENG_capital_ship_heavy_anti_air_artilery_2;QF 4.5-in Mk III on Mk I-IV mounts, QF 4.7 in Mk VIII;;;;;;;;;;;;;x
ENG_capital_ship_heavy_anti_air_artilery_3;QF 4.5-in Mk IV on III/IV mounts;;;;;;;;;;;;;x
ENG_capital_ship_heavy_anti_air_artilery_4;QF 4.5-in Mk V on III/IV mounts;;;;;;;;;;;;;x
ENG_capital_ship_heavy_anti_air_artilery_5;QF 4.5-in Mk V on III/IV mounts;;;;;;;;;;;;;x
############################################################################;;;;;;;;;;;;;x
ENG_light_carrier_technology_0;;;;;;;;;;;;;;x
ENG_light_carrier_technology_1;DNC 1918 Light Carrier Blueprint;;;;;;;;;;;;;x
ENG_light_carrier_technology_2;DNC 1931 Light Carrier Blueprint;;;;;;;;;;;;;x
ENG_light_carrier_technology_3;DNC 1934 Light Carrier Blueprint;;;;;;;;;;;;;x
ENG_light_carrier_technology_4;DNC 1937 Light Carrier Blueprint;;;;;;;;;;;;;x
ENG_light_carrier_technology_5;DNC 1940 Light Carrier Blueprint;;;;;;;;;;;;;x
ENG_light_carrier_technology_6;DNC 1943 Light Carrier Blueprint;;;;;;;;;;;;;x
ENG_light_carrier_technology_7;DNC 1946 Light Carrier Blueprint;;;;;;;;;;;;;x
ENG_light_carrier_technology_8;DNC 1949 Light Carrier Blueprint;;;;;;;;;;;;;x
ENG_light_carrier_technology_9;DNC 1952 Light Carrier Blueprint;;;;;;;;;;;;;x
ENG_carrier_technology_1;DNC 1918 Fleet Carrier Blueprint;;;;;;;;;;;;;x
ENG_carrier_technology_2;DNC 1930 Fleet Carrier Blueprint;;;;;;;;;;;;;x
ENG_carrier_technology_3;DNC 1933 Fleet Carrier Blueprint;;;;;;;;;;;;;x
ENG_carrier_class_1;DNC 1936 Fleet Carrier Blueprint;;;;;;;;;;;;;x
ENG_carrier_class_2;DNC 1939 Fleet Carrier Blueprint;;;;;;;;;;;;;x
ENG_carrier_class_3;DNC 1942 Fleet Carrier Blueprint;;;;;;;;;;;;;x
ENG_carrier_class_4;DNC 1945 Fleet Carrier Blueprint;;;;;;;;;;;;;x
ENG_carrier_class_5;DNC 1948 Fleet Carrier Blueprint;;;;;;;;;;;;;x
ENG_carrier_class_6;DNC 1951 Fleet Carrier Blueprint;;;;;;;;;;;;;x
ENG_carrier_light_anti_air_artilery_1;QF 2-pdr Mk II mount, Vickers .50 Mk III, .303 Lewis gun;;;;;;;;;;;;;x
ENG_carrier_light_anti_air_artilery_2;QF 2-pdr Mk VI mount, Vickers .50 Mk III, .303 Lewis gun;;;;;;;;;;;;;x
ENG_carrier_light_anti_air_artilery_3;QF 2-pdr Mk VI mount, Vickers .50 Mk III, .303 Lewis gun;;;;;;;;;;;;;x
ENG_carrier_light_anti_air_artilery_4;QF 2-pdr Mk VI/VII mount, 20mm Oerlikon Mk II, Vickers .50 Mk III;;;;;;;;;;;;;x
ENG_carrier_light_anti_air_artilery_5;QF 2-pdr Mk VI/VII mount, 20mm Oerlikon Mk II/V, Vickers .50 Mk III;;;;;;;;;;;;;x
ENG_carrier_light_anti_air_artilery_6;40mm Bofors Mk III/IV mount, 20mm Oerlikon Mk II/V, QF 2-pdr Mk VI/VII mount;;;;;;;;;;;;;x
ENG_carrier_light_anti_air_artilery_7;40mm Bofors Mk III/IV mount, 20mm Oerlikon Mk V, QF 2-pdr Mk VI/VII mount;;;;;;;;;;;;;x
ENG_carrier_light_anti_air_artilery_8;40mm Bofors Mk III/IV mount, QF 2-pdr Mk VI mount;;;;;;;;;;;;;x
ENG_carrier_heavy_anti_air_artilery_1;QF 4.5-in Mk I/II, Mk III/IV mount, QF 4-in Mk V;;;;;;;;;;;;;x
ENG_carrier_heavy_anti_air_artilery_2;QF 4.5-in Mk II, Mk IV mount, QF 4-in Mk XVI, Mk XIX mount;;;;;;;;;;;;;x
ENG_carrier_heavy_anti_air_artilery_3;QF 4.5-in Mk III/IV, Mk III/IV mount, QF 4-in Mk XVI, Mk XIX mount;;;;;;;;;;;;;x
ENG_carrier_heavy_anti_air_artilery_4;QF 4.5-in Mk IV, Mk III/IV mount, QF 4-in Mk XVI, Mk XIX mount;;;;;;;;;;;;;x
ENG_carrier_heavy_anti_air_artilery_5;QF 4.5-in Mk III/IV, Mk III/IV mount;;;;;;;;;;;;;x
ENG_carrier_heavy_anti_air_artilery_6;QF 4.5-in Mk V, Mk V mount;;;;;;;;;;;;;x
ENG_carrier_screws_optimisation_1;4 Bladed Manganese 15.9ft, 20ft pitch;;;;;;;;;;;;;x
ENG_carrier_screws_optimisation_2;4 Bladed Mn-Bronze 16.5ft, 20ft pitch;;;;;;;;;;;;;x
ENG_carrier_screws_optimisation_3;4 Bladed Mn-Bronze 17.1ft, 21ft pitch;;;;;;;;;;;;;x
ENG_carrier_screws_optimisation_4;4 Bladed Mn-Bronze 17ft, 20ft pitch;;;;;;;;;;;;;x
ENG_carrier_screws_optimisation_5;4 Bladed Mn-Bronze 17ft, 20ft pitch;;;;;;;;;;;;;x
ENG_carrier_screws_optimisation_6;4 Bladed Mn-Bronze 17.5ft, 21ft pitch;;;;;;;;;;;;;x
ENG_carrier_screws_optimisation_7;4 Bladed Mn-Bronze 17.4ft, 21ft pitch;;;;;;;;;;;;;x
ENG_carrier_screws_optimisation_8;4 Bladed Mn-Bronze 18ft, 22ft pitch;;;;;;;;;;;;;x
ENG_carrier_screws_optimisation_9;4 Bladed Mn-Bronze 18.5ft, 23ft pitch;;;;;;;;;;;;;x
ENG_carrier_rudder_optimisation_1;Semi balanced rudder, Steel, 800psi;;;;;;;;;;;;;x
ENG_carrier_rudder_optimisation_2;Semi balanced rudder, 5 meters, Steel, 1000psi;;;;;;;;;;;;;x
ENG_carrier_rudder_optimisation_3;Twin semi balanced, 5 meters, Steel, 1200psi;;;;;;;;;;;;;x
ENG_carrier_rudder_optimisation_4;Semi balanced rudder, 6 meters, Steel, 1000psi;;;;;;;;;;;;;x
ENG_carrier_rudder_optimisation_5;Semi balanced rudder, 6 meters, Steel, 1000psi;;;;;;;;;;;;;x
ENG_carrier_rudder_optimisation_6;Semi balanced rudder, 6.5 meters, Steel, 1100psi;;;;;;;;;;;;;x
ENG_carrier_rudder_optimisation_7;Semi balanced rudder, 7 meters, Steel, 1200psi;;;;;;;;;;;;;x
ENG_carrier_rudder_optimisation_8;Semi balanced rudder, 7.5 meters, Steel, 1300psi;;;;;;;;;;;;;x
ENG_carrier_rudder_optimisation_9;Semi balanced rudder, 7.5 meters, Steel, 1400psi;;;;;;;;;;;;;x
ENG_carrier_hull_shape_optimisation_1;DNC Hull Blueprint 1918;;;;;;;;;;;;;x
ENG_carrier_hull_shape_optimisation_2;DNC Hull Blueprint 1929;;;;;;;;;;;;;x
ENG_carrier_hull_shape_optimisation_3;DNC Hull Blueprint 1932;;;;;;;;;;;;;x
ENG_carrier_hull_shape_optimisation_4;DNC Hull Blueprint 1935;;;;;;;;;;;;;x
ENG_carrier_hull_shape_optimisation_5;DNC Hull Blueprint 1938;;;;;;;;;;;;;x
ENG_carrier_hull_shape_optimisation_6;DNC Hull Blueprint 1941;;;;;;;;;;;;;x
ENG_carrier_hull_shape_optimisation_7;DNC Hull Blueprint 1944;;;;;;;;;;;;;x
ENG_carrier_hull_shape_optimisation_8;DNC Hull Blueprint 1947;;;;;;;;;;;;;x
ENG_carrier_hull_shape_optimisation_9;DNC Hull Blueprint 1950;;;;;;;;;;;;;x
ENG_carrier_armour_thickness_1;Magazines: 152mm, Avgas: 12-16mm;;;;;;;;;;;;;x
ENG_carrier_armour_thickness_2;Magazines: 152mm, Avgas: 0mm;;;;;;;;;;;;;x
ENG_carrier_armour_thickness_3;Magazines: 51mm, Avgas: 25mm;;;;;;;;;;;;;x
ENG_carrier_armour_thickness_4;Magazines: 76mm, Avgas: 25mm;;;;;;;;;;;;;x
ENG_carrier_armour_thickness_5;Magazines: 76mm, Avgas: 25mm;;;;;;;;;;;;;x
ENG_carrier_armour_thickness_6;Magazines: 127mm-152mm, Avgas: 25-38mm;;;;;;;;;;;;;x
ENG_carrier_armour_thickness_7;Magazines: 102mm-152mm, Avgas: 25-38mm;;;;;;;;;;;;;x
ENG_carrier_armour_thickness_8;Magazines: 152mm, Avgas: 55mm;;;;;;;;;;;;;x
ENG_carrier_armour_thickness_9;Magazines: 177mm, Avgas: 75mm;;;;;;;;;;;;;x
ENG_light_carrier_armour_thickness_1;Magazines: 76mm, Avgas: 0mm;;;;;;;;;;;;;x
ENG_light_carrier_armour_thickness_2;Magazines: 76mm, Avgas: 0mm;;;;;;;;;;;;;x
ENG_light_carrier_armour_thickness_3;Magazines: 76mm, Avgas: 38mm;;;;;;;;;;;;;x
ENG_light_carrier_armour_thickness_4;Magazines: 102mm, Avgas: 25mm;;;;;;;;;;;;;x
ENG_light_carrier_armour_thickness_5;Magazines: 100mm, Avgas: 25mm;;;;;;;;;;;;;x
ENG_light_carrier_armour_thickness_6;Magazines: 51mm, Avgas: 25mm;;;;;;;;;;;;;x
ENG_light_carrier_armour_thickness_7;Magazines: 127mm, Avgas: 50mm;;;;;;;;;;;;;x
ENG_light_carrier_armour_thickness_8;Magazines: 152mm, Avgas: 75mm;;;;;;;;;;;;;x
ENG_light_carrier_armour_thickness_9;Magazines: 152mm, Avgas: 105mm;;;;;;;;;;;;;x
ENG_carrier_vertical_protection_1;Main belt: CV:51-76mm CVL: 114mm Hangar: CV:0mm CVL:0mm;;;;;;;;;;;;;x
ENG_carrier_vertical_protection_2;Main belt: CV:76mm CVL: 76mm Hangar: CV:0mm CVL:0mm;;;;;;;;;;;;;x
ENG_carrier_vertical_protection_3;Main belt: CV:114mm CVL:76mm Hangar: CV:19mm CVL: 0mm;;;;;;;;;;;;;x
ENG_carrier_vertical_protection_4;Main belt: CV:114mm CVL:102mm Hangar: CV:38mm CVL:25mm;;;;;;;;;;;;;x
ENG_carrier_vertical_protection_5;Main belt: CV:114mm CVL:100mm Hangar: CV:38mm CVL:25mm;;;;;;;;;;;;;x
ENG_carrier_vertical_protection_6;Main belt: CV:114mm CVL:25mm Hangar: CV:38-51mm CVL:0mm;;;;;;;;;;;;;x
ENG_carrier_vertical_protection_7;Main belt: CV:114mm CVL:100mm Hangar: CV:51mm CVL:25mm;;;;;;;;;;;;;x
ENG_carrier_vertical_protection_8;Main belt: CV:127mm CVL:100mm Hangar: CV:75mm CVL:25mm;;;;;;;;;;;;;x
ENG_carrier_vertical_protection_9;Main belt: CV:152mm CVL:100mm Hangar: CV:90mm CVL:25mm;;;;;;;;;;;;;x
ENG_carrier_horizontal_protection_1;Flight deck: CV:16mm, CVL:25mm Hangar deck: CV:19mm CVL:38mm;;;;;;;;;;;;;x
ENG_carrier_horizontal_protection_2;Flight deck: CV:16mm CVL:0mm, Hangar deck: CV:19mm CVL:25mm;;;;;;;;;;;;;x
ENG_carrier_horizontal_protection_3;Flight deck: CV:19mm CVL:51mm, Hangar deck: CV:25mm CVL:25mm;;;;;;;;;;;;;x
ENG_carrier_horizontal_protection_4;Flight deck: CV:76mm CVL:0mm, Hangar deck: CV:25mm CVL:25mm;;;;;;;;;;;;;x
ENG_carrier_horizontal_protection_5;Flight deck: CV:76mm CVL:0mm, Hangar deck: CV:25mm CVL:25mm;;;;;;;;;;;;;x
ENG_carrier_horizontal_protection_6;Flight deck: CV:76mm CVL:19mm, Hangar deck: CV:38mm CVL:30mm;;;;;;;;;;;;;x
ENG_carrier_horizontal_protection_7;Flight deck: CV:102mm CVL:25mm, Hangar deck: CV:51mm CVL:55mm;;;;;;;;;;;;;x
ENG_carrier_horizontal_protection_8;Flight deck: CV:127mm CVL:25mm, Hangar deck: CV:75mm CVL:55mm;;;;;;;;;;;;;x
ENG_carrier_horizontal_protection_9;Flight deck: CV:127mm CVL:25mm, Hangar deck: CV:105mm CVL:55mm;;;;;;;;;;;;;x
ENG_carrier_torpedo_protection_1;2.1m/38mm;;;;;;;;;;;;;x
ENG_carrier_torpedo_protection_2;2m/51mm;;;;;;;;;;;;;x
ENG_carrier_torpedo_protection_3;2.5m/102mm;;;;;;;;;;;;;x
ENG_carrier_torpedo_protection_4;2.1m/76mm;;;;;;;;;;;;;x
ENG_carrier_torpedo_protection_5;2.3m/76mm;;;;;;;;;;;;;x
ENG_carrier_torpedo_protection_6;2m/102mm;;;;;;;;;;;;;x
ENG_carrier_torpedo_protection_7;2.4m/102mm;;;;;;;;;;;;;x
ENG_carrier_torpedo_protection_8;3m/102mm;;;;;;;;;;;;;x
ENG_carrier_torpedo_protection_9;3.4m/127mm;;;;;;;;;;;;;x
ENG_carrier_bulkheads_layout_1;CV: 51-76mm, CVL: 102mm;;;;;;;;;;;;;x
ENG_carrier_bulkheads_layout_2;CV: 51-76mm, CVL: 38mm;;;;;;;;;;;;;x
ENG_carrier_bulkheads_layout_3;CV: 63mm, CVL: 51mm;;;;;;;;;;;;;x
ENG_carrier_bulkheads_layout_4;CV: 76mm, CVL: 25mm;;;;;;;;;;;;;x
ENG_carrier_bulkheads_layout_5;CV: 76mm, CVL: 25mm;;;;;;;;;;;;;x
ENG_carrier_bulkheads_layout_6;CV: 102mm, CVL: 38mm;;;;;;;;;;;;;x
ENG_carrier_bulkheads_layout_7;CV: 127mm, CVL: 38mm;;;;;;;;;;;;;x
ENG_carrier_bulkheads_layout_8;CV: 152mm, CVL: 55mm;;;;;;;;;;;;;x
ENG_carrier_bulkheads_layout_9;CV: 152mm, CVL: 75mm;;;;;;;;;;;;;x
ENG_carrier_hanger_1;DNC Hangar Layout Blueprint 1918;;;;;;;;;;;;;x
ENG_carrier_hanger_2;DNC Hangar Layout Blueprint 1929;;;;;;;;;;;;;x
ENG_carrier_hanger_3;DNC Hangar Layout Blueprint 1932;;;;;;;;;;;;;x
ENG_carrier_hanger_4;DNC Hangar Layout Blueprint 1935;;;;;;;;;;;;;x
ENG_carrier_hanger_5;DNC Hangar Layout Blueprint 1938;;;;;;;;;;;;;x
ENG_carrier_hanger_6;DNC Hangar Layout Blueprint 1941;;;;;;;;;;;;;x
ENG_carrier_hanger_7;DNC Hangar Layout Blueprint 1944;;;;;;;;;;;;;x
ENG_carrier_hanger_8;DNC Hangar Layout Blueprint 1947;;;;;;;;;;;;;x
ENG_carrier_hanger_9;DNC Hangar Layout Blueprint 1950;;;;;;;;;;;;;x
ENG_escort_carrier_technology_1;;;;;;;;;;;;;;x
ENG_seaplane_tender_technology_1;;;;;;;;;;;;;;x
ENG_carrier_deck_armour_optimisation_1;;;;;;;;;;;;;;x
ENG_carrier_flight_deck_optimisation_1;;;;;;;;;;;;;;x
ENG_carrier_damage_control_1;;;;;;;;;;;;;;x
ENG_carrier_damage_control_2;;;;;;;;;;;;;;x
ENG_carrier_damage_control_3;;;;;;;;;;;;;;x
ENG_carrier_damage_control_4;;;;;;;;;;;;;;x
ENG_carrier_damage_control_5;;;;;;;;;;;;;;x
ENG_carrier_damage_control_6;;;;;;;;;;;;;;x
ENG_carrier_damage_control_7;;;;;;;;;;;;;;x
ENG_cag_fighter_1;;;;;;;;;;;;;;x
ENG_cag_fighter_2;;;;;;;;;;;;;;x
ENG_cag_fighter_3;;;;;;;;;;;;;;x
ENG_cag_fighter_4;;;;;;;;;;;;;;x
ENG_cag_fighter_5;;;;;;;;;;;;;;x
ENG_cag_fighter_6;;;;;;;;;;;;;;x
ENG_cag_bomber_1;;;;;;;;;;;;;;x
ENG_cag_bomber_2;;;;;;;;;;;;;;x
ENG_cag_bomber_3;;;;;;;;;;;;;;x
ENG_cag_bomber_4;;;;;;;;;;;;;;x
ENG_cag_bomber_5;;;;;;;;;;;;;;x
ENG_cag_bomber_6;;;;;;;;;;;;;;x
ENG_cag_torpedo_1;;;;;;;;;;;;;;x
ENG_cag_torpedo_2;;;;;;;;;;;;;;x
ENG_cag_torpedo_3;;;;;;;;;;;;;;x
ENG_cag_torpedo_4;;;;;;;;;;;;;;x
ENG_cag_torpedo_5;;;;;;;;;;;;;;x
ENG_cag_torpedo_6;;;;;;;;;;;;;;x
ENG_off_center_elevators_1;;;;;;;;;;;;;;x
ENG_carrier_catapults_1;BS4 Hydraulic Steam;;;;;;;;;;;;;x
ENG_carrier_catapults_2;BS4 / BS5 Hydraulic Steam;;;;;;;;;;;;;x
ENG_carrier_catapults_3;BS5 Hydraulic Steam;;;;;;;;;;;;;x
ENG_carrier_catapults_4;BS6 Hydraulic Steam;;;;;;;;;;;;;x
ENG_open_hangar_1;;;;;;;;;;;;;;x
ENG_closed_hangar_1;;;;;;;;;;;;;;x
ENG_carrier_safety_procedures_1;;;;;;;;;;;;;;x
ENG_carrier_safety_procedures_2;;;;;;;;;;;;;;x
ENG_carrier_safety_procedures_3;;;;;;;;;;;;;;x
ENG_carrier_safety_procedures_4;;;;;;;;;;;;;;x
ENG_carrier_safety_procedures_5;;;;;;;;;;;;;;x
ENG_carrier_safety_procedures_6;;;;;;;;;;;;;;x
ENG_carrier_safety_procedures_7;;;;;;;;;;;;;;x
ENG_carrier_safety_procedures_8;;;;;;;;;;;;;;x
ENG_carrier_safety_procedures_9;;;;;;;;;;;;;;x
ENG_carrier_safety_procedures_10;;;;;;;;;;;;;;x
ENG_double_hangar_1;;;;;;;;;;;;;;x
ENG_deck_park_1;;;;;;;;;;;;;;x
###################################################################################;;;;;;;;;;;;;x
ENG_coastal_submarine_class_1;DNC 1918 Coastal Submarine Blueprint;;;;;;;;;;;;;x
ENG_coastal_submarine_class_2;DNC 1933 Coastal Submarine Blueprint;;;;;;;;;;;;;x
ENG_coastal_submarine_class_3;DNC 1935 Coastal Submarine Blueprint;;;;;;;;;;;;;x
ENG_coastal_submarine_class_4;DNC 1937 Coastal Submarine Blueprint;;;;;;;;;;;;;x
ENG_coastal_submarine_class_5;DNC 1939 Coastal Submarine Blueprint;;;;;;;;;;;;;x
ENG_coastal_submarine_class_6;DNC 1941 Coastal Submarine Blueprint;;;;;;;;;;;;;x
ENG_coastal_submarine_class_7;DNC 1943 Coastal Submarine Blueprint;;;;;;;;;;;;;x
ENG_submarine_class_1;DNC 1918 Submarine Blueprint;;;;;;;;;;;;;x
ENG_submarine_class_2;DNC 1933 Submarine Blueprint;;;;;;;;;;;;;x
ENG_submarine_class_3;DNC 1935 Submarine Blueprint;;;;;;;;;;;;;x
ENG_submarine_class_4;DNC 1937 Submarine Blueprint;;;;;;;;;;;;;x
ENG_submarine_class_5;DNC 1939 Submarine Blueprint;;;;;;;;;;;;;x
ENG_submarine_class_6;DNC 1941 Submarine Blueprint;;;;;;;;;;;;;x
ENG_submarine_class_7;DNC 1943 Submarine Blueprint;;;;;;;;;;;;;x
ENG_submarine_class_8;DNC 1945 Submarine Blueprint;;;;;;;;;;;;;x
ENG_submarine_class_9;DNC 1947 Submarine Blueprint;;;;;;;;;;;;;x
ENG_submarine_class_10;DNC 1949 Submarine Blueprint;;;;;;;;;;;;;x
ENG_submarine_class_11;DNC 1951 Submarine Blueprint;;;;;;;;;;;;;x
ENG_long_range_submarine_class_1;DNC 1918 Long Range Submarine Blueprint;;;;;;;;;;;;;x
ENG_long_range_submarine_class_2;DNC 1933 Long Range Submarine Blueprint;;;;;;;;;;;;;x
ENG_long_range_submarine_class_3;DNC 1936 Long Range Submarine Blueprint;;;;;;;;;;;;;x
ENG_long_range_submarine_class_4;DNC 1939 Long Range Submarine Blueprint;;;;;;;;;;;;;x
ENG_long_range_submarine_class_5;DNC 1942 Long Range Submarine Blueprint;;;;;;;;;;;;;x
ENG_long_range_submarine_class_6;DNC 1945 Long Range Submarine Blueprint;;;;;;;;;;;;;x
ENG_long_range_submarine_class_7;DNC 1948 Long Range Submarine Blueprint;;;;;;;;;;;;;x
ENG_long_range_submarine_class_8;DNC 1951 Long Range Submarine Blueprint;;;;;;;;;;;;;x
ENG_electro_submarine_class_1;DNC 1942 Electro Submarine Blueprint;;;;;;;;;;;;;x
ENG_electro_submarine_class_2;DNC 1944 Electro Submarine Blueprint;;;;;;;;;;;;;x
ENG_electro_submarine_class_3;DNC 1948 Electro Submarine Blueprint;;;;;;;;;;;;;x
ENG_electro_submarine_class_4;DNC 1952 Electro Submarine Blueprint;;;;;;;;;;;;;x
ENG_nuclear_submarine_design_1;DNC 1952 Nuclear Submarine Blueprint;;;;;;;;;;;;;x
ENG_nuclear_submarine_design_2;DNC 1954 Nuclear Submarine Blueprint;;;;;;;;;;;;;x
ENG_nuclear_submarine_design_3;DNC 1959 Nuclear Submarine Blueprint;;;;;;;;;;;;;x
ENG_nuclear_submarine_design_4;DNC 1964 Nuclear Submarine Blueprint;;;;;;;;;;;;;x
ENG_submarine_engine_1;Vickers 12-cyl 4-stroke 2400hp, DC motors 1200 hp;;;;;;;;;;;;;x
ENG_submarine_engine_2;Admiralty 8-cyl 4640hp, BTH Type D-235 1350 hp;;;;;;;;;;;;;x
ENG_submarine_engine_3;Admiralty 10-cyl 4640hp, Metrovick Type D or 2000/2 1350 hp;;;;;;;;;;;;;x
ENG_submarine_engine_4;Admiralty 10-cyl 4400hp, BTH Type D-235 1350 hp;;;;;;;;;;;;;x
ENG_submarine_engine_5;AW 8/215/250 2000hp, BTH D-235 / GEC 514A 1300-1400 hp;;;;;;;;;;;;;x
ENG_submarine_engine_6;AW 6/215 1600hp, Metrovick 2000/2 1200 hp;;;;;;;;;;;;;x
ENG_submarine_engine_7;AW 8/250 2700hp, BTH D-255 / Metrovick 2000/2 1500hp;;;;;;;;;;;;;x
ENG_submarine_engine_8;ASR1/ASR3 3000hp, Adv. BTH / Metrovick DC 1500hp;;;;;;;;;;;;;x
ENG_submarine_engine_9;Admiralty 8-cyl 3500hp, Adv. BTH / Metrovick DC 1700hp;;;;;;;;;;;;;x
ENG_submarine_engine_10;TBD 3500hp, Adv. BTH / Metrovick DC 1700hp;;;;;;;;;;;;;x
ENG_submarine_engine_11;TBD 3800hp, Adv. BTH / Metrovick DC 2000hp;;;;;;;;;;;;;x
ENG_submarine_engine_12;TBD 4100hp, Adv. BTH / Metrovick DC 2300hp;;;;;;;;;;;;;x
ENG_submarine_hull_1;DNC 1918 Hull Blueprint;;;;;;;;;;;;;x
ENG_submarine_hull_2;DNC 1932 Hull Blueprint;;;;;;;;;;;;;x
ENG_submarine_hull_3;DNC 1934 Hull Blueprint;;;;;;;;;;;;;x
ENG_submarine_hull_4;DNC 1936 Hull Blueprint;;;;;;;;;;;;;x
ENG_submarine_hull_5;DNC 1938 Hull Blueprint;;;;;;;;;;;;;x
ENG_submarine_hull_6;DNC 1940 Hull Blueprint;;;;;;;;;;;;;x
ENG_submarine_hull_7;DNC 1942 Hull Blueprint;;;;;;;;;;;;;x
ENG_submarine_hull_8;DNC 1944 Hull Blueprint;;;;;;;;;;;;;x
ENG_submarine_hull_9;DNC 1946 Hull Blueprint;;;;;;;;;;;;;x
ENG_submarine_hull_10;DNC 1948 Hull Blueprint;;;;;;;;;;;;;x
ENG_submarine_hull_11;DNC 1950 Hull Blueprint;;;;;;;;;;;;;x
ENG_submarine_hull_12;DNC 1952 Hull Blueprint;;;;;;;;;;;;;x
ENG_submarine_crew_berthing_1;DNC 1918 Crew Berthing Blueprint;;;;;;;;;;;;;x
ENG_submarine_crew_berthing_2;DNC 1932 Crew Berthing Blueprint;;;;;;;;;;;;;x
ENG_submarine_crew_berthing_3;DNC 1934 Crew Berthing Blueprint;;;;;;;;;;;;;x
ENG_submarine_crew_berthing_4;DNC 1936 Crew Berthing Blueprint;;;;;;;;;;;;;x
ENG_submarine_crew_berthing_5;DNC 1938 Crew Berthing Blueprint;;;;;;;;;;;;;x
ENG_submarine_crew_berthing_6;DNC 1940 Crew Berthing Blueprint;;;;;;;;;;;;;x
ENG_submarine_crew_berthing_7;DNC 1942 Crew Berthing Blueprint;;;;;;;;;;;;;x
ENG_submarine_crew_berthing_8;DNC 1944 Crew Berthing Blueprint;;;;;;;;;;;;;x
ENG_submarine_crew_berthing_9;DNC 1946 Crew Berthing Blueprint;;;;;;;;;;;;;x
ENG_submarine_crew_berthing_10;DNC 1948 Crew Berthing Blueprint;;;;;;;;;;;;;x
ENG_submarine_crew_berthing_11;DNC 1950 Crew Berthing Blueprint;;;;;;;;;;;;;x
ENG_submarine_crew_berthing_12;DNC 1952 Crew Berthing Blueprint;;;;;;;;;;;;;x
ENG_submarine_torpedo_tubes_1;DNC 1918 Torpedo Tubes Blueprint;;;;;;;;;;;;;x
ENG_submarine_torpedo_tubes_2;DNC 1932 Torpedo Tubes Blueprint;;;;;;;;;;;;;x
ENG_submarine_torpedo_tubes_3;DNC 1935 Torpedo Tubes Blueprint;;;;;;;;;;;;;x
ENG_submarine_torpedo_tubes_4;DNC 1938 Torpedo Tubes Blueprint;;;;;;;;;;;;;x
ENG_submarine_torpedo_tubes_5;DNC 1941 Torpedo Tubes Blueprint;;;;;;;;;;;;;x
ENG_submarine_torpedo_tubes_6;DNC 1944 Torpedo Tubes Blueprint;;;;;;;;;;;;;x
ENG_submarine_torpedo_tubes_7;DNC 1947 Torpedo Tubes Blueprint;;;;;;;;;;;;;x
ENG_submarine_torpedo_tubes_8;DNC 1950 Torpedo Tubes Blueprint;;;;;;;;;;;;;x
ENG_submarine_periscope_1;FY1;;;;;;;;;;;;;x
ENG_submarine_periscope_2;CK1;;;;;;;;;;;;;x
ENG_submarine_periscope_3;CH1;;;;;;;;;;;;;x
ENG_submarine_periscope_4;CH38;;;;;;;;;;;;;x
ENG_submarine_periscope_5;CH38;;;;;;;;;;;;;x
ENG_submarine_periscope_6;CH67;;;;;;;;;;;;;x
ENG_submarine_periscope_7;CH73;;;;;;;;;;;;;x
ENG_submarine_periscope_8;CH75;;;;;;;;;;;;;x
ENG_submarine_battery_1;Cells: 200, 400V, 3000-5000 Ah;;;;;;;;;;;;;x
ENG_submarine_battery_2;Cells: 200, 420V, 5000-6500 Ah;;;;;;;;;;;;;x
ENG_submarine_battery_3;Cells: 240, 480V, 5000-6500 Ah;;;;;;;;;;;;;x
ENG_submarine_battery_4;Cells: 224, 450V, 7000 Ah;;;;;;;;;;;;;x
ENG_submarine_battery_5;Cells: 252, 500V, 7500 Ah;;;;;;;;;;;;;x
ENG_submarine_battery_6;Cells: 224, 550V, 7500 Ah;;;;;;;;;;;;;x
ENG_submarine_battery_7;Cells: 476, 550V, 9,000-10,000 Ah;;;;;;;;;;;;;x
ENG_submarine_battery_8;Cells: 500, 550V, 12,000 Ah;;;;;;;;;;;;;x
ENG_submarine_antiaircraft_1;Lewis Gun .303 cal;;;;;;;;;;;;;x
ENG_submarine_antiaircraft_2;Lewis Gun .303 cal;;;;;;;;;;;;;x
ENG_submarine_antiaircraft_3;Twin Lewis Gun or Vickers K;;;;;;;;;;;;;x
ENG_submarine_antiaircraft_4;20 mm Oerlikon;;;;;;;;;;;;;x
ENG_submarine_antiaircraft_5;20 mm Oerlikon/70 Mk I;;;;;;;;;;;;;x
ENG_submarine_antiaircraft_6;20 mm Oerlikon/70 Mk I;;;;;;;;;;;;;x
ENG_streamlined_hull_1;Streamlined Submarine Programme;;;;;;;;;;;;;x
ENG_air_independent_propulsion_1;AEW Independent Propulsion System;;;;;;;;;;;;;x
ENG_submarine_sonar_1;Type 112;;;;;;;;;;;;;x
ENG_submarine_sonar_2;Type 129/129AR;;;;;;;;;;;;;x
ENG_submarine_sonar_3;Type 138;;;;;;;;;;;;;x
ENG_submarine_sonar_4;Type 144 + Q attachment;;;;;;;;;;;;;x
ENG_submarine_sonar_5;Type 147 + Q attachment;;;;;;;;;;;;;x
ENG_submarine_sonar_6;Type 162 Cockchafer;;;;;;;;;;;;;x
ENG_torpedo_upgrade_1;Mark V;;;;;;;;;;;;;x
ENG_torpedo_upgrade_2;Mark IX/IX*;;;;;;;;;;;;;x
ENG_torpedo_upgrade_3;Mark X / X*;;;;;;;;;;;;;x
ENG_torpedo_upgrade_4;Mark XI;;;;;;;;;;;;;x
ENG_torpedo_upgrade_5;Mark XI*;;;;;;;;;;;;;x
ENG_torpedo_upgrade_6;Mark 20 Bidder;;;;;;;;;;;;;x
ENG_submarine_torpedo_1;21" Whitehead MkIII;;;;;;;;;;;;;x
ENG_submarine_torpedo_2;Mark VIII;;;;;;;;;;;;;x
ENG_submarine_torpedo_3;Mark VIII*;;;;;;;;;;;;;x
ENG_submarine_torpedo_4;Mark VIII**;;;;;;;;;;;;;x
ENG_submarine_torpedo_5;Mark VIII***;;;;;;;;;;;;;x
ENG_submarine_torpedo_6;Mark VIII Mod 4;;;;;;;;;;;;;x
ENG_torpedo_warhead_1;150kg TNT;;;;;;;;;;;;;x
ENG_torpedo_warhead_2;320kg TNT;;;;;;;;;;;;;x
ENG_torpedo_warhead_3;340kg TNT;;;;;;;;;;;;;x
ENG_torpedo_warhead_4;365kg Torpex;;;;;;;;;;;;;x
ENG_torpedo_warhead_5;365kg Torpex;;;;;;;;;;;;;x
ENG_torpedo_warhead_6;400kg Torpex;;;;;;;;;;;;;x
ENG_torpedo_targeting_1;Early mechanical gyro with air-driven rotor spinning at ~10,000 rpm;;;;;;;;;;;;;x
ENG_torpedo_targeting_2;Early mechanical gyro with air-driven rotor spinning at ~10,000 rpm;;;;;;;;;;;;;x
ENG_torpedo_targeting_3;Precise gyro rotors spun by compressed air with imp. gimbal suspension;;;;;;;;;;;;;x
ENG_torpedo_targeting_4;High-precision gyro rotors with balanced mass distribution;;;;;;;;;;;;;x
ENG_torpedo_targeting_5;High-grade gyro integrated with timer-driven mechanical cams;;;;;;;;;;;;;x
ENG_torpedo_targeting_6;Integrated with electronic guidance modules for homing corrections;;;;;;;;;;;;;x
ENG_torpedo_propulsion_1;Compressed Air (Cold);;;;;;;;;;;;;x
ENG_torpedo_propulsion_2;Wet-Heater;;;;;;;;;;;;;x
ENG_torpedo_propulsion_3;Improved Wet-Heater;;;;;;;;;;;;;x
ENG_torpedo_propulsion_4;Experimental Electric;;;;;;;;;;;;;x
ENG_torpedo_propulsion_5;Electric;;;;;;;;;;;;;x
ENG_torpedo_propulsion_6;Electric;;;;;;;;;;;;;x
ENG_submarine_fire_control_1;Dumaresq, AFCC MkI;;;;;;;;;;;;;x
ENG_submarine_fire_control_2;Dumaresq, AFCC MkII;;;;;;;;;;;;;x
ENG_submarine_fire_control_3;Dumaresq, AFCC MkII/III;;;;;;;;;;;;;x
ENG_submarine_fire_control_4;Dumaresq, AFCC MkIII/IV, ASDIC integration;;;;;;;;;;;;;x
ENG_submarine_fire_control_5;Dumaresq, AFCC MkV, ASDIC integration;;;;;;;;;;;;;x
ENG_submarine_fire_control_6;Dumaresq, AFCC MkVI, ASDIC+radar integration;;;;;;;;;;;;;x
ENG_submarine_damage_control_1;;;;;;;;;;;;;;x
ENG_submarine_damage_control_2;;;;;;;;;;;;;;x
ENG_submarine_damage_control_3;;;;;;;;;;;;;;x
ENG_submarine_damage_control_4;;;;;;;;;;;;;;x
ENG_submarine_damage_control_5;;;;;;;;;;;;;;x
ENG_submarine_damage_control_6;;;;;;;;;;;;;;x
ENG_submarine_damage_control_7;;;;;;;;;;;;;;x
ENG_electric_powered_torpedo_1;TEE Acoustic Torpedo;;;;;;;;;;;;;x
ENG_submarine_snorkel_1;Type A Snorkel;;;;;;;;;;;;;;x
ENG_submarine_snorkel_2;Snorkel Mk I;;;;;;;;;;;;;;x
ENG_submarine_snorkel_3;Snorkel Mk II;;;;;;;;;;;;;;x
ENG_submarine_torpedo_auto_loading_system_1;TEE Torpedo Auto Loading System;;;;;;;;;;;;;;x
ENG_submarine_large_battery_capacity_1;AEL Large Battery Capacity;;;;;;;;;;;;;;x
ENG_submarine_thick_pressure_hull_1;AEW Thick Pressure Hull;;;;;;;;;;;;;;x
ENG_submarine_air_conditioning_1;AEL Air Conditioning Capacity;;;;;;;;;;;;;;x
ENG_submarine_silent_running_drive_1;AEW Silent Running Drive;;;;;;;;;;;;;;x
ENG_submarine_electroboat_1;AEL Elecroboat Engine 1942;;;;;;;;;;;;;;x
ENG_submarine_electroboat_2;AEL Elecroboat Engine 1944;;;;;;;;;;;;;;x
ENG_submarine_electroboat_3;AEL Elecroboat Engine 1946;;;;;;;;;;;;;;x
ENG_submarine_electroboat_4;AEL Elecroboat Engine 1948;;;;;;;;;;;;;;x
ENG_milch_submarine_1;;;;;;;;;;;;;;;x
ENG_midget_submarine_activation_1;;;;;;;;;;;;;;;x
ENG_submarine_radar_1;Type 291;;;;;;;;;;;;;;x
ENG_submarine_radar_2;Type 272;;;;;;;;;;;;;;x
ENG_submarine_radar_3;Type 277;;;;;;;;;;;;;;x
ENG_submarine_radar_4;Type 279;;;;;;;;;;;;;;x
ENG_submarine_radar_5;Type 277Q;;;;;;;;;;;;;;x
ENG_proximity_fuze_ships_1;;;;;;;;;;;;;;;x