# MODEL_TAG;ENGLISH;FRENCH;GERMAN;;SPANISH;;;;;;;;;x
################################################;;;;;;;;;;;;;;x
# Unit names;;;;;;;;;;;;;;x
################################################;;;;;;;;;;;;;;x
advhq_sov_veteran.txt;\n- Veteran Division HQ forms in Moscow -\n;;;;;;;;;;;;;x
advhq_sov_elite.txt;\n- Elite Division HQ forms in Moscow -\n;;;;;;;;;;;;;x
################################################;;;;;;;;;;;;;;x
# Theatres;;;;;;;;;;;;;;x
################################################;;;;;;;;;;;;;;x
sov_leningrad_theatre;LVO - Shtab Leningradskiy Voyennyy Okrug;;;;;;;;;;;;x
sov_leningrad_theatre_short;Sh LVO;;;;;;;;;;;;x
sov_belorussian_theatre;BOVO - Shtab Belorusskiy Osobyy Voyennyy Okrug;;;;;;;;;;;;x
sov_belorussian_theatre_short;Sh BOVO;;;;;;;;;;;;x
sov_archangelsk_theatre;ArkhVO - Shtab Arkhangel'skiy Voyennyy Okrug;;;;;;;;;;;;x
sov_archangelsk_theatre_short;Sh ArkhVO;;;;;;;;;;;;x
sov_moscow_theatre;MVO - Shtab Moskovskiy Voyennyy Okrug;;;;;;;;;;;;x
sov_moscow_theatre_short;Sh MVO;;;;;;;;;;;;x
sov_kiev_theatre;KOVO - Shtab Kiyevskiy Osobyy Voyennyy Okrug;;;;;;;;;;;;x
sov_kiev_theatre_short;Sh KOVO;;;;;;;;;;;;x
sov_kharkov_theatre;KHVO - Shtab Khar'kovskiy Voyennyy Okrug;;;;;;;;;;;;x
sov_kharkov_theatre_short;Sh KHVO;;;;;;;;;;;;x
sov_north_caucasus_theatre;SKVO - Shtab Severo-Kavkazskiy Voyennyy Okrug;;;;;;;;;;;;x
sov_north_caucasus_theatre_short;Sh SKVO;;;;;;;;;;;;x
sov_transcaucasian_military_district;ZakVO - Shtab Zakavkazskiy Voyennyy Okrug;;;;;;;;;;;;x
sov_transcaucasian_military_district_short;Sh ZakVO;;;;;;;;;;;;x
sov_volga_theatre;PriVO - Shtab Privolzhskiy Voyennyy Okrug;;;;;;;;;;;;x
sov_volga_theatre_short;Sh PriVO;;;;;;;;;;;;x
sov_ural_military_district;UrVO - Shtab Ural'skiy Voyennyy Okrug;;;;;;;;;;;;x
sov_ural_military_district_short;Sh UrVO;;;;;;;;;;;;x
sov_central_asian_theatre;SAVO - Shtab Sredneaziatskiy Voyennyy Okrug;;;;;;;;;;;;x
sov_central_asian_theatre_short;Sh SAVO;;;;;;;;;;;;x
sov_centralasian_military_district;SAVO - Shtab Sredneaziatskiy Voyennyy Okrug;;;;;;;;;;;;x
sov_centralasian_military_district_short;Sh SAVO;;;;;;;;;;;;x
sov_far_eastern_theatre;DVO - Shtab Dal'nevostochnyy Voyennyy Okrug;;;;;;;;;;;;x
sov_far_eastern_theatre_short;Sh DVO;;;;;;;;;;;;x
sov_siberian_military_district;SibVO - Shtab Sibirskiy Voyennyy Okrug;;;;;;;;;;;;x
sov_siberian_military_district_short;Sh SibVO;;;;;;;;;;;;x
sov_transbaikal_military_district;ZabVO - Shtab Zabaykal'skiy Voyennyy Okrug;;;;;;;;;;;;x
sov_transbaikal_military_district_short;Sh ZabVO;;;;;;;;;;;;x
################################################;;;;;;;;;;;;;;x
# Fronts (Army Groups);;;;;;;;;;;;;;x
################################################;;;;;;;;;;;;;;x
sov_northern_army_group;Severenyy Front;;;;;;;;;;;;x
sov_northern_army_group_short;Sev-Fr.;;;;;;;;;;;;x
sov_northwestern_army_group;Severo-Zapadnoy Front;;;;;;;;;;;;x
sov_northwestern_army_group_short;SevZap-Fr.;;;;;;;;;;;;x
sov_far_eastern_army_group;DVO - Shtab Dal'nevostochnyy Voyennyy Okrug;;;;;;;;;;;;x
sov_far_eastern_army_group_short;Sh DVO;;;;;;;;;;;;x
################################################;;;;;;;;;;;;;;x
# Marshals of the Branch (Army Groups);;;;;;;;;;;;;;x
################################################;;;;;;;;;;;;;;x
sov_chief_marshal_of_aviation;Chief Marshal of Aviation HQ;;;;;;;;;;;;x;
sov_chief_marshal_of_aviation_short;CMA;;;;;;;;;;;;x;
################################################;;;;;;;;;;;;;;x
# Armies #;;;;;;;;;;;;;;x
################################################;;;;;;;;;;;;;;x
sov_third_army;Shtab-kvartira 3-Armii;;;;;;;;;;;;x
sov_third_army_short;SK 3-Ar.;;;;;;;;;;;;x
sov_fourth_army;Shtab-kvartira 4-Armii;;;;;;;;;;;;x
sov_fourth_army_short;SK 4-Ar.;;;;;;;;;;;;x
sov_seventh_army;Shtab-kvartira 7-Armii;;;;;;;;;;;;x
sov_seventh_army_short;SK 7-Ar.;;;;;;;;;;;;x
sov_eleventh_army;Shtab-kvartira 11-Armii;;;;;;;;;;;;x
sov_eleventh_army_short;SK 11-Ar.;;;;;;;;;;;;x
sov_twentyfifth_army;Shtab-kvartira 25-Armii;;;;;;;;;;;;x
sov_twentyfifth_army_short;SK 25-Ar.;;;;;;;;;;;;x
################################################;;;;;;;;;;;;;;x
# Red Banner Armies #;;;;;;;;;;;;;;x
################################################;;;;;;;;;;;;;;x
sov_first_red_banner_army;Shtab-kvartira 1-Krasnoznamennoy Armii;;;;;;;;;;;;x
sov_first_red_banner_army_short;SK 1-KAr.;;;;;;;;;;;;x
sov_second_red_banner_army;Shtab-kvartira 2-Krasnoznamennoy Armii;;;;;;;;;;;;x
sov_second_red_banner_army_short;SK 2-KAr.;;;;;;;;;;;;x
sov_fifth_red_banner_army;Shtab-kvartira 5-Krasnoznamennoy Armii;;;;;;;;;;;;x
sov_fifth_red_banner_army_short;SK 5-KAr.;;;;;;;;;;;;x
################################################;;;;;;;;;;;;;;x
# Corps #;;;;;;;;;;;;;;x
################################################;;;;;;;;;;;;;;x
sov_border_corps;Shtab-kvartira Pogranichnyy Okrug;;;;;;;;;;;;x
sov_border_corps_short;SK PO;;;;;;;;;;;;x
sov_special_rifle_corps;Shtab-kvartira Spetsial'nyy Strelkovyy Korpus;;;;;;;;;;;;x
sov_special_rifle_corps_short;SK SSK;;;;;;;;;;;;x
sov_i_corps;Shtab-kvartira 1-Korpus;;;;;;;;;;;;x
sov_i_corps_short;SK 1-K.;;;;;;;;;;;;x
sov_ii_corps;Shtab-kvartira 2-Korpus;;;;;;;;;;;;x
sov_ii_corps_short;SK 2-K.;;;;;;;;;;;;x
sov_iii_corps;Shtab-kvartira 3-Korpus;;;;;;;;;;;;x
sov_iii_corps_short;SK 3-K.;;;;;;;;;;;;x
sov_iv_corps;Shtab-kvartira 4-Korpus;;;;;;;;;;;;x
sov_iv_corps_short;SK 4-K.;;;;;;;;;;;;x
sov_v_corps;Shtab-kvartira 5-Korpus;;;;;;;;;;;;x
sov_v_corps_short;SK 5-K.;;;;;;;;;;;;x
sov_vi_corps;Shtab-kvartira 6-Korpus;;;;;;;;;;;;x
sov_vi_corps_short;SK 6-K.;;;;;;;;;;;;x
sov_vii_corps;Shtab-kvartira 7-Korpus;;;;;;;;;;;;x
sov_vii_corps_short;SK 7-K.;;;;;;;;;;;;x
sov_viii_corps;Shtab-kvartira 8-Korpus;;;;;;;;;;;;x
sov_viii_corps_short;SK 8-K.;;;;;;;;;;;;x
sov_ix_corps;Shtab-kvartira 9-Korpus;;;;;;;;;;;;x
sov_ix_corps_short;SK 9-K.;;;;;;;;;;;;x
sov_x_corps;Shtab-kvartira 10-Korpus;;;;;;;;;;;;x
sov_x_corps_short;SK 10-K.;;;;;;;;;;;;x
sov_xi_corps;Shtab-kvartira 11-Korpus;;;;;;;;;;;;x
sov_xi_corps_short;SK 11-K.;;;;;;;;;;;;x
sov_xii_corps;Shtab-kvartira 12-Korpus;;;;;;;;;;;;x
sov_xii_corps_short;SK 12-K.;;;;;;;;;;;;x
sov_xiii_corps;Shtab-kvartira 13-Korpus;;;;;;;;;;;;x
sov_xiii_corps_short;SK 13-K.;;;;;;;;;;;;x
sov_xiv_corps;Shtab-kvartira 14-Korpus;;;;;;;;;;;;x
sov_xiv_corps_short;SK 14-K.;;;;;;;;;;;;x
sov_xv_corps;Shtab-kvartira 15-Korpus;;;;;;;;;;;;x
sov_xv_corps_short;SK 15-K.;;;;;;;;;;;;x
sov_xvi_corps;Shtab-kvartira 16-Korpus;;;;;;;;;;;;x
sov_xvi_corps_short;SK 16-K.;;;;;;;;;;;;x
sov_xvii_corps;Shtab-kvartira 17-Korpus;;;;;;;;;;;;x
sov_xvii_corps_short;SK 17-K.;;;;;;;;;;;;x
sov_xviii_corps;Shtab-kvartira 18-Korpus;;;;;;;;;;;;x
sov_xviii_corps_short;SK 18-K.;;;;;;;;;;;;x
sov_xix_corps;Shtab-kvartira 19-Korpus;;;;;;;;;;;;x
sov_xix_corps_short;SK 19-K.;;;;;;;;;;;;x
sov_xxvi_corps;Shtab-kvartira 26-Korpus;;;;;;;;;;;;x
sov_xxvi_corps_short;SK 26-K.;;;;;;;;;;;;x
sov_xxxix_corps;Shtab-kvartira 39-Korpus;;;;;;;;;;;;x
sov_xxxix_corps_short;SK 39-K.;;;;;;;;;;;;x
sov_xl_corps;Shtab-kvartira 40-Korpus;;;;;;;;;;;;x
sov_xl_corps_short;SK 40-K.;;;;;;;;;;;;x
sov_l_corps;Shtab-kvartira 50-Korpus;;;;;;;;;;;;x
sov_l_corps_short;SK 50-K.;;;;;;;;;;;;x
sov_lix_corps;Shtab-kvartira 59-Korpus;;;;;;;;;;;;x
sov_lix_corps_short;SK 59-K.;;;;;;;;;;;;x
################################################;;;;;;;;;;;;;;x
# Cavalry Corps #;;;;;;;;;;;;;;x
################################################;;;;;;;;;;;;;;x
################################################;;;;;;;;;;;;;;x
sov_i_cavalry_corps;Shtab-kvartira 1 Kavaleriyskiy Korpus;;;;;;;;;;;;x
sov_i_cavalry_corps_short;SK 1KK;;;;;;;;;;;;x
sov_ii_cavalry_corps;Shtab-kvartira 2 Kavaleriyskiy Korpus;;;;;;;;;;;;x
sov_ii_cavalry_corps_short;SK 2KK;;;;;;;;;;;;x
sov_iii_cavalry_corps;Shtab-kvartira 3 Kavaleriyskiy Korpus;;;;;;;;;;;;x
sov_iii_cavalry_corps_short;SK 3KK;;;;;;;;;;;;x
sov_iv_cavalry_corps;Shtab-kvartira 4 Kavaleriyskiy Korpus;;;;;;;;;;;;x
sov_iv_cavalry_corps_short;SK 4KK;;;;;;;;;;;;x
sov_v_cavalry_corps;Shtab-kvartira 5 Kavaleriyskiy Korpus;;;;;;;;;;;;x
sov_v_cavalry_corps_short;SK 5KK;;;;;;;;;;;;x
sov_vi_cavalry_corps;Shtab-kvartira 6 Kavaleriyskiy Korpus;;;;;;;;;;;;x
sov_vi_cavalry_corps_short;SK 6KK;;;;;;;;;;;;x
sov_vii_cavalry_corps;Shtab-kvartira 7 Kavaleriyskiy Korpus;;;;;;;;;;;;x
sov_vii_cavalry_corps_short;SK 7KK;;;;;;;;;;;;x
################################################;;;;;;;;;;;;;;x
# Rifle Divisions #;;;;;;;;;;;;;;x
################################################;;;;;;;;;;;;;;x
sov_fortythird_rifle_division;Shtab-kvartira 43-Strelkovaya Diviziya;;;;;;;;;;;;x
sov_fortythird_rifle_division_short;SK 43-SD.;;;;;;;;;;;;x
sov_twentyfourth_motor_rifle_division;Shtab-kvartira 24-Motostrelkovaya Diviziya;;;;;;;;;;;;x
sov_twentyfourth_motor_rifle_division_short;SK 24-MSD.;;;;;;;;;;;;x
################################################;;;;;;;;;;;;;;x
################################################;;;;;;;;;;;;;;x
### Unit Model Names #;;;;;;;;;;;;;;x
##################### HQ ####################;;;;;;;;;;;;;;x
SOV_division_hq_standard_0;Soviet Division HQ ;;;;;;;;;;;;;x
SOV_division_hq_veteran_0;Veteran Soviet Division HQ ;;;;;;;;;;;;;x
SOV_division_hq_elite_0;Elite Soviet Division HQ ;;;;;;;;;;;;;x
##################### Infantry ####################;;;;;;;;;;;;;;x
### Militia #;;;;;;;;;;;;;;x
SOV_militia_brigade_0;Opolcheniye '18;;;;;;;;;;;;;x
SOV_militia_brigade_1;Opolcheniye '34;;;;;;;;;;;;;x
SOV_militia_brigade_2;Opolcheniye '36;;;;;;;;;;;;;x
SOV_militia_brigade_3;Opolcheniye '38;;;;;;;;;;;;;x
SOV_militia_brigade_4;Opolcheniye '40;;;;;;;;;;;;;x
SOV_militia_brigade_5;Opolcheniye '42;;;;;;;;;;;;;x
SOV_militia_brigade_6;Opolcheniye '44;;;;;;;;;;;;;x
SOV_militia_brigade_7;Opolcheniye '46;;;;;;;;;;;;;x
SOV_militia_brigade_8;Opolcheniye '48;;;;;;;;;;;;;x
SOV_militia_brigade_9;Opolcheniye '50;;;;;;;;;;;;;x
SOV_militia_brigade_10;Opolcheniye '52;;;;;;;;;;;;;x
SOV_militia_brigade_11;Opolcheniye '54;;;;;;;;;;;;;x
SOV_militia_brigade_12;Opolcheniye '56;;;;;;;;;;;;;x
SOV_militia_brigade_13;Opolcheniye '58;;;;;;;;;;;;;x
SOV_militia_brigade_14;Opolcheniye '60;;;;;;;;;;;;;x
### Military Police #;;;;;;;;;;;;;;x
SOV_police_brigade_0;Komendantskiy spuzhba Batal'on '18;;;;;;;;;;;;;x
SOV_police_brigade_1;Komendantskiy spuzhba Batal'on '34;;;;;;;;;;;;;x
SOV_police_brigade_2;Komendantskiy spuzhba Batal'on '36;;;;;;;;;;;;;x
SOV_police_brigade_3;Komendantskiy spuzhba Batal'on '38;;;;;;;;;;;;;x
SOV_police_brigade_4;Komendantskiy spuzhba Batal'on '40;;;;;;;;;;;;;x
SOV_police_brigade_5;Komendantskiy spuzhba Batal'on '42;;;;;;;;;;;;;x
SOV_police_brigade_6;Komendantskiy spuzhba Batal'on '44;;;;;;;;;;;;;x
SOV_police_brigade_7;Komendantskiy spuzhba Batal'on '46;;;;;;;;;;;;;x
SOV_police_brigade_8;Komendantskiy spuzhba Batal'on '48;;;;;;;;;;;;;x
SOV_police_brigade_9;Komendantskiy spuzhba Batal'on '50;;;;;;;;;;;;;x
SOV_police_brigade_10;Komendantskiy spuzhba Batal'on '52;;;;;;;;;;;;;x
SOV_police_brigade_11;Komendantskiy spuzhba Batal'on '54;;;;;;;;;;;;;x
SOV_police_brigade_12;Komendantskiy spuzhba Batal'on '56;;;;;;;;;;;;;x
SOV_police_brigade_13;Komendantskiy spuzhba Batal'on '58;;;;;;;;;;;;;x
SOV_police_brigade_14;Komendantskiy spuzhba Batal'on '60;;;;;;;;;;;;;x
### Cavalry #;;;;;;;;;;;;;;x
SOV_cavalry_brigade_0;Kavaleriya '18;;;;;;;;;;;;x
SOV_cavalry_brigade_1;Kavaleriya '34;;;;;;;;;;;;x
SOV_cavalry_brigade_2;Kavaleriya '36;;;;;;;;;;;;x
SOV_cavalry_brigade_3;Kavaleriya '38;;;;;;;;;;;;x
SOV_cavalry_brigade_4;Kavaleriya '40;;;;;;;;;;;;x
SOV_cavalry_brigade_5;Kavaleriya '42;;;;;;;;;;;;x
SOV_cavalry_brigade_6;Kavaleriya '44;;;;;;;;;;;;x
SOV_cavalry_brigade_7;Kavaleriya '46;;;;;;;;;;;;x
SOV_cavalry_brigade_8;Kavaleriya '48;;;;;;;;;;;;x
SOV_cavalry_brigade_9;Kavaleriya '50;;;;;;;;;;;;x
SOV_cavalry_brigade_10;Kavaleriya '52;;;;;;;;;;;;x
SOV_cavalry_brigade_11;Kavaleriya '54;;;;;;;;;;;;x
SOV_cavalry_brigade_12;Kavaleriya '56;;;;;;;;;;;;x
SOV_cavalry_brigade_13;Kavaleriya '58;;;;;;;;;;;;x
SOV_cavalry_brigade_14;Kavaleriya '60;;;;;;;;;;;;x
### GUARD Cavalry #;;;;;;;;;;;;;;x
guard_cavalry_brigade_0;Kavaleriya '30;;;;;;;;;;;;x
guard_cavalry_brigade_1;Kavaleriya '34;;;;;;;;;;;;x
guard_cavalry_brigade_2;Kavaleriya '36;;;;;;;;;;;;x
guard_cavalry_brigade_3;Kavaleriya '38;;;;;;;;;;;;x
guard_cavalry_brigade_4;Kavaleriya '40;;;;;;;;;;;;x
guard_cavalry_brigade_5;Kavaleriya '42;;;;;;;;;;;;x
guard_cavalry_brigade_6;Kavaleriya '44;;;;;;;;;;;;x
guard_cavalry_brigade_7;Kavaleriya '46;;;;;;;;;;;;x
guard_cavalry_brigade_8;Kavaleriya '48;;;;;;;;;;;;x
guard_cavalry_brigade_9;Kavaleriya '50;;;;;;;;;;;;x
guard_cavalry_brigade_10;Kavaleriya '52;;;;;;;;;;;;x
guard_cavalry_brigade_11;Kavaleriya '54;;;;;;;;;;;;x
guard_cavalry_brigade_12;Kavaleriya '56;;;;;;;;;;;;x
guard_cavalry_brigade_13;Kavaleriya '58;;;;;;;;;;;;x
guard_cavalry_brigade_14;Kavaleriya '60;;;;;;;;;;;;x
### Foot Infantry #;;;;;;;;;;;;;;x
SOV_infantry_brigade_0;Pekhotniye Strelkoviye '18;;;;;;;;;;;;;x
SOV_infantry_brigade_1;Pekhotniye Strelkoviye '34;;;;;;;;;;;;;x
SOV_infantry_brigade_2;Pekhotniye Strelkoviye '36;;;;;;;;;;;;;x
SOV_infantry_brigade_3;Pekhotniye Strelkoviye '38;;;;;;;;;;;;;x
SOV_infantry_brigade_4;Pekhotniye Strelkoviye '40;;;;;;;;;;;;;x
SOV_infantry_brigade_5;Pekhotniye Strelkoviye '42;;;;;;;;;;;;;x
SOV_infantry_brigade_6;Pekhotniye Strelkoviye '44;;;;;;;;;;;;;x
SOV_infantry_brigade_7;Pekhotniye Strelkoviye '46;;;;;;;;;;;;;x
SOV_infantry_brigade_8;Pekhotniye Strelkoviye '48;;;;;;;;;;;;;x
SOV_infantry_brigade_9;Pekhotniye Strelkoviye '50;;;;;;;;;;;;;x
SOV_infantry_brigade_10;Pekhotniye Strelkoviye '52;;;;;;;;;;;;;x
SOV_infantry_brigade_11;Pekhotniye Strelkoviye '54;;;;;;;;;;;;;x
SOV_infantry_brigade_12;Pekhotniye Strelkoviye '56;;;;;;;;;;;;;x
SOV_infantry_brigade_13;Pekhotniye Strelkoviye '58;;;;;;;;;;;;;x
SOV_infantry_brigade_14;Pekhotniye Strelkoviye '60;;;;;;;;;;;;;x
### Foot Infantry Bats #;;;;;;;;;;;;;;x
SOV_infantry_bat_0;Pekhotniye Strelkoviye '18;;;;;;;;;;;;;x
SOV_infantry_bat_1;Pekhotniye Strelkoviye '34;;;;;;;;;;;;;x
SOV_infantry_bat_2;Pekhotniye Strelkoviye '36;;;;;;;;;;;;;x
SOV_infantry_bat_3;Pekhotniye Strelkoviye '38;;;;;;;;;;;;;x
SOV_infantry_bat_4;Pekhotniye Strelkoviye '40;;;;;;;;;;;;;x
SOV_infantry_bat_5;Pekhotniye Strelkoviye '42;;;;;;;;;;;;;x
SOV_infantry_bat_6;Pekhotniye Strelkoviye '44;;;;;;;;;;;;;x
SOV_infantry_bat_7;Pekhotniye Strelkoviye '46;;;;;;;;;;;;;x
SOV_infantry_bat_8;Pekhotniye Strelkoviye '48;;;;;;;;;;;;;x
SOV_infantry_bat_9;Pekhotniye Strelkoviye '50;;;;;;;;;;;;;x
SOV_infantry_bat_10;Pekhotniye Strelkoviye '52;;;;;;;;;;;;;x
SOV_infantry_bat_11;Pekhotniye Strelkoviye '54;;;;;;;;;;;;;x
SOV_infantry_bat_12;Pekhotniye Strelkoviye '56;;;;;;;;;;;;;x
SOV_infantry_bat_13;Pekhotniye Strelkoviye '58;;;;;;;;;;;;;x
SOV_infantry_bat_14;Pekhotniye Strelkoviye '60;;;;;;;;;;;;;x
### GUARD Infantry #;;;;;;;;;;;;;;x
guard_infantry_brigade_0;Pekhotniye Strelkoviye '30;;;;;;;;;;;;x
guard_infantry_brigade_1;Pekhotniye Strelkoviye '34;;;;;;;;;;;;x
guard_infantry_brigade_2;Pekhotniye Strelkoviye '36;;;;;;;;;;;;x
guard_infantry_brigade_3;Pekhotniye Strelkoviye '38;;;;;;;;;;;;x
guard_infantry_brigade_4;Pekhotniye Strelkoviye '40;;;;;;;;;;;;x
guard_infantry_brigade_5;Pekhotniye Strelkoviye '42;;;;;;;;;;;;x
guard_infantry_brigade_6;Pekhotniye Strelkoviye '44;;;;;;;;;;;;x
guard_infantry_brigade_7;Pekhotniye Strelkoviye '46;;;;;;;;;;;;x
guard_infantry_brigade_8;Pekhotniye Strelkoviye '48;;;;;;;;;;;;x
guard_infantry_brigade_9;Pekhotniye Strelkoviye '50;;;;;;;;;;;;x
guard_infantry_brigade_10;Pekhotniye Strelkoviye '52;;;;;;;;;;;;x
guard_infantry_brigade_11;Pekhotniye Strelkoviye '54;;;;;;;;;;;;x
guard_infantry_brigade_12;Pekhotniye Strelkoviye '56;;;;;;;;;;;;x
guard_infantry_brigade_13;Pekhotniye Strelkoviye '58;;;;;;;;;;;;x
guard_infantry_brigade_14;Pekhotniye Strelkoviye '60;;;;;;;;;;;;x
### Semi-Motorized Infantry #;;;;;;;;;;;;;;x
SOV_semi_motorized_brigade_0;Bronirovannaya kavaleriya '18;;;;;;;;;;;;x
SOV_semi_motorized_brigade_1;Bronirovannaya kavaleriya '34;;;;;;;;;;;;x
SOV_semi_motorized_brigade_2;Bronirovannaya kavaleriya '36;;;;;;;;;;;;x
SOV_semi_motorized_brigade_3;Bronirovannaya kavaleriya '38;;;;;;;;;;;;x
SOV_semi_motorized_brigade_4;Bronirovannaya kavaleriya '40;;;;;;;;;;;;x
SOV_semi_motorized_brigade_5;Bronirovannaya kavaleriya '42;;;;;;;;;;;;x
SOV_semi_motorized_brigade_6;Bronirovannaya kavaleriya '44;;;;;;;;;;;;x
SOV_semi_motorized_brigade_7;Bronirovannaya kavaleriya '46;;;;;;;;;;;;x
SOV_semi_motorized_brigade_8;Bronirovannaya kavaleriya '48;;;;;;;;;;;;x
SOV_semi_motorized_brigade_9;Bronirovannaya kavaleriya '50;;;;;;;;;;;;x
SOV_semi_motorized_brigade_10;Bronirovannaya kavaleriya '52;;;;;;;;;;;;x
SOV_semi_motorized_brigade_11;Bronirovannaya kavaleriya '54;;;;;;;;;;;;x
SOV_semi_motorized_brigade_12;Bronirovannaya kavaleriya '56;;;;;;;;;;;;x
SOV_semi_motorized_brigade_13;Bronirovannaya kavaleriya '58;;;;;;;;;;;;x
SOV_semi_motorized_brigade_14;Bronirovannaya kavaleriya '60;;;;;;;;;;;;x
### Motorized Infantry #;;;;;;;;;;;;;;x
SOV_motorized_brigade_0;Motostrelki '18;;;;;;;;;;;;x
SOV_motorized_brigade_1;Motostrelki '34;;;;;;;;;;;;x
SOV_motorized_brigade_2;Motostrelki '36;;;;;;;;;;;;x
SOV_motorized_brigade_3;Motostrelki '38;;;;;;;;;;;;x
SOV_motorized_brigade_4;Motostrelki '40;;;;;;;;;;;;x
SOV_motorized_brigade_5;Motostrelki '42;;;;;;;;;;;;x
SOV_motorized_brigade_6;Motostrelki '44;;;;;;;;;;;;x
SOV_motorized_brigade_7;Motostrelki '46;;;;;;;;;;;;x
SOV_motorized_brigade_8;Motostrelki '48;;;;;;;;;;;;x
SOV_motorized_brigade_9;Motostrelki '50;;;;;;;;;;;;x
SOV_motorized_brigade_10;Motostrelki '52;;;;;;;;;;;;x
SOV_motorized_brigade_11;Motostrelki '54;;;;;;;;;;;;x
SOV_motorized_brigade_12;Motostrelki '56;;;;;;;;;;;;x
SOV_motorized_brigade_13;Motostrelki '58;;;;;;;;;;;;x
SOV_motorized_brigade_14;Motostrelki '60;;;;;;;;;;;;x
### Motorized Infantry Bats #;;;;;;;;;;;;;;x
SOV_motorized_infantry_bat_0;Motostrelki '18;;;;;;;;;;;;x
SOV_motorized_infantry_bat_1;Motostrelki '34;;;;;;;;;;;;x
SOV_motorized_infantry_bat_2;Motostrelki '36;;;;;;;;;;;;x
SOV_motorized_infantry_bat_3;Motostrelki '38;;;;;;;;;;;;x
SOV_motorized_infantry_bat_4;Motostrelki '40;;;;;;;;;;;;x
SOV_motorized_infantry_bat_5;Motostrelki '42;;;;;;;;;;;;x
SOV_motorized_infantry_bat_6;Motostrelki '44;;;;;;;;;;;;x
SOV_motorized_infantry_bat_7;Motostrelki '46;;;;;;;;;;;;x
SOV_motorized_infantry_bat_8;Motostrelki '48;;;;;;;;;;;;x
SOV_motorized_infantry_bat_9;Motostrelki '50;;;;;;;;;;;;x
SOV_motorized_infantry_bat_10;Motostrelki '52;;;;;;;;;;;;x
SOV_motorized_infantry_bat_11;Motostrelki '54;;;;;;;;;;;;x
SOV_motorized_infantry_bat_12;Motostrelki '56;;;;;;;;;;;;x
SOV_motorized_infantry_bat_13;Motostrelki '58;;;;;;;;;;;;x
SOV_motorized_infantry_bat_14;Motostrelki '60;;;;;;;;;;;;x
### GUARD Motorized Infantry #;;;;;;;;;;;;;;x
guard_motorized_brigade_0;Motostrelki '30;;;;;;;;;;;;x
guard_motorized_brigade_1;Motostrelki '34;;;;;;;;;;;;x
guard_motorized_brigade_2;Motostrelki '36;;;;;;;;;;;;x
guard_motorized_brigade_3;Motostrelki '38;;;;;;;;;;;;x
guard_motorized_brigade_4;Motostrelki '40;;;;;;;;;;;;x
guard_motorized_brigade_5;Motostrelki '42;;;;;;;;;;;;x
guard_motorized_brigade_6;Motostrelki '44;;;;;;;;;;;;x
guard_motorized_brigade_7;Motostrelki '46;;;;;;;;;;;;x
guard_motorized_brigade_8;Motostrelki '48;;;;;;;;;;;;x
guard_motorized_brigade_9;Motostrelki '50;;;;;;;;;;;;x
guard_motorized_brigade_10;Motostrelki '52;;;;;;;;;;;;x
guard_motorized_brigade_11;Motostrelki '54;;;;;;;;;;;;x
guard_motorized_brigade_12;Motostrelki '56;;;;;;;;;;;;x
guard_motorized_brigade_13;Motostrelki '58;;;;;;;;;;;;x
guard_motorized_brigade_14;Motostrelki '60;;;;;;;;;;;;x
### Mechanized Infantry #;;;;;;;;;;;;;;x
SOV_mechanized_brigade_0;Mekhanizirovannaya Pekhota '18;;;;;;;;;;;;x
SOV_mechanized_brigade_1;Mekhanizirovannaya Pekhota '34;;;;;;;;;;;;x
SOV_mechanized_brigade_2;Mekhanizirovannaya Pekhota '36;;;;;;;;;;;;x
SOV_mechanized_brigade_3;Mekhanizirovannaya Pekhota '38;;;;;;;;;;;;x
SOV_mechanized_brigade_4;Mekhanizirovannaya Pekhota '40;;;;;;;;;;;;x
SOV_mechanized_brigade_5;Mekhanizirovannaya Pekhota '42;;;;;;;;;;;;x
SOV_mechanized_brigade_6;Mekhanizirovannaya Pekhota '44;;;;;;;;;;;;x
SOV_mechanized_brigade_7;Mekhanizirovannaya Pekhota '46;;;;;;;;;;;;x
SOV_mechanized_brigade_8;Mekhanizirovannaya Pekhota '48;;;;;;;;;;;;x
SOV_mechanized_brigade_9;Mekhanizirovannaya Pekhota '50;;;;;;;;;;;;x
SOV_mechanized_brigade_10;Mekhanizirovannaya Pekhota '52;;;;;;;;;;;;x
SOV_mechanized_brigade_11;Mekhanizirovannaya Pekhota '54;;;;;;;;;;;;x
SOV_mechanized_brigade_12;Mekhanizirovannaya Pekhota '56;;;;;;;;;;;;x
SOV_mechanized_brigade_13;Mekhanizirovannaya Pekhota '58;;;;;;;;;;;;x
SOV_mechanized_brigade_14;Mekhanizirovannaya Pekhota '60;;;;;;;;;;;;x
### Mechanized Infantry Bats #;;;;;;;;;;;;;;x
SOV_mechanized_infantry_bat_0;Mekhanizirovannaya Pekhota '18;;;;;;;;;;;;x
SOV_mechanized_infantry_bat_1;Mekhanizirovannaya Pekhota '34;;;;;;;;;;;;x
SOV_mechanized_infantry_bat_2;Mekhanizirovannaya Pekhota '36;;;;;;;;;;;;x
SOV_mechanized_infantry_bat_3;Mekhanizirovannaya Pekhota '38;;;;;;;;;;;;x
SOV_mechanized_infantry_bat_4;Mekhanizirovannaya Pekhota '40;;;;;;;;;;;;x
SOV_mechanized_infantry_bat_5;Mekhanizirovannaya Pekhota '42;;;;;;;;;;;;x
SOV_mechanized_infantry_bat_6;Mekhanizirovannaya Pekhota '44;;;;;;;;;;;;x
SOV_mechanized_infantry_bat_7;Mekhanizirovannaya Pekhota '46;;;;;;;;;;;;x
SOV_mechanized_infantry_bat_8;Mekhanizirovannaya Pekhota '48;;;;;;;;;;;;x
SOV_mechanized_infantry_bat_9;Mekhanizirovannaya Pekhota '50;;;;;;;;;;;;x
SOV_mechanized_infantry_bat_10;Mekhanizirovannaya Pekhota '52;;;;;;;;;;;;x
SOV_mechanized_infantry_bat_11;Mekhanizirovannaya Pekhota '54;;;;;;;;;;;;x
SOV_mechanized_infantry_bat_12;Mekhanizirovannaya Pekhota '56;;;;;;;;;;;;x
SOV_mechanized_infantry_bat_13;Mekhanizirovannaya Pekhota '58;;;;;;;;;;;;x
SOV_mechanized_infantry_bat_14;Mekhanizirovannaya Pekhota '60;;;;;;;;;;;;x
### GUARD Mechanized Infantry #;;;;;;;;;;;;;;x
guard_mechanized_brigade_0;Mekhanizirovannaya Pekhota '30;;;;;;;;;;;;x
guard_mechanized_brigade_1;Mekhanizirovannaya Pekhota '34;;;;;;;;;;;;x
guard_mechanized_brigade_2;Mekhanizirovannaya Pekhota '36;;;;;;;;;;;;x
guard_mechanized_brigade_3;Mekhanizirovannaya Pekhota '38;;;;;;;;;;;;x
guard_mechanized_brigade_4;Mekhanizirovannaya Pekhota '40;;;;;;;;;;;;x
guard_mechanized_brigade_5;Mekhanizirovannaya Pekhota '42;;;;;;;;;;;;x
guard_mechanized_brigade_6;Mekhanizirovannaya Pekhota '44;;;;;;;;;;;;x
guard_mechanized_brigade_7;Mekhanizirovannaya Pekhota '46;;;;;;;;;;;;x
guard_mechanized_brigade_8;Mekhanizirovannaya Pekhota '48;;;;;;;;;;;;x
guard_mechanized_brigade_9;Mekhanizirovannaya Pekhota '50;;;;;;;;;;;;x
guard_mechanized_brigade_10;Mekhanizirovannaya Pekhota '52;;;;;;;;;;;;x
guard_mechanized_brigade_11;Mekhanizirovannaya Pekhota '54;;;;;;;;;;;;x
guard_mechanized_brigade_12;Mekhanizirovannaya Pekhota '56;;;;;;;;;;;;x
guard_mechanized_brigade_13;Mekhanizirovannaya Pekhota '58;;;;;;;;;;;;x
guard_mechanized_brigade_14;Mekhanizirovannaya Pekhota '60;;;;;;;;;;;;x
### Light Infantry #;;;;;;;;;;;;;;x
SOV_light_infantry_brigade_0;Yegerskiy '18;;;;;;;;;;;;x
SOV_light_infantry_brigade_1;Yegerskiy '34;;;;;;;;;;;;x
SOV_light_infantry_brigade_2;Yegerskiy '36;;;;;;;;;;;;x
SOV_light_infantry_brigade_3;Yegerskiy '38;;;;;;;;;;;;x
SOV_light_infantry_brigade_4;Yegerskiy '40;;;;;;;;;;;;x
SOV_light_infantry_brigade_5;Yegerskiy '42;;;;;;;;;;;;x
SOV_light_infantry_brigade_6;Yegerskiy '44;;;;;;;;;;;;x
SOV_light_infantry_brigade_7;Yegerskiy '46;;;;;;;;;;;;x
SOV_light_infantry_brigade_8;Yegerskiy '48;;;;;;;;;;;;x
SOV_light_infantry_brigade_9;Yegerskiy '50;;;;;;;;;;;;x
SOV_light_infantry_brigade_10;Yegerskiy '52;;;;;;;;;;;;x
SOV_light_infantry_brigade_11;Yegerskiy '54;;;;;;;;;;;;x
SOV_light_infantry_brigade_12;Yegerskiy '56;;;;;;;;;;;;x
SOV_light_infantry_brigade_13;Yegerskiy '58;;;;;;;;;;;;x
SOV_light_infantry_brigade_14;Yegerskiy '60;;;;;;;;;;;;x
### Elite, light Infantry #;;;;;;;;;;;;;;x
SOV_elite_light_infantry_brigade_0;Gvardiya Yegerskiy '36;;;;;;;;;;;;x
SOV_elite_light_infantry_brigade_1;Gvardiya Yegerskiy '38;;;;;;;;;;;;x
SOV_elite_light_infantry_brigade_2;Gvardiya Yegerskiy '40;;;;;;;;;;;;x
SOV_elite_light_infantry_brigade_3;Gvardiya Yegerskiy '42;;;;;;;;;;;;x
SOV_elite_light_infantry_brigade_4;Gvardiya Yegerskiy '44;;;;;;;;;;;;x
SOV_elite_light_infantry_brigade_5;Gvardiya Yegerskiy '46;;;;;;;;;;;;x
SOV_elite_light_infantry_brigade_6;Gvardiya Yegerskiy '48;;;;;;;;;;;;x
SOV_elite_light_infantry_brigade_7;Gvardiya Yegerskiy '50;;;;;;;;;;;;x
### Paratroopers #;;;;;;;;;;;;;;x
SOV_paratrooper_brigade_0;VDV '30;;;;;;;;;;;;x
SOV_paratrooper_brigade_1;VDV '34;;;;;;;;;;;;x
SOV_paratrooper_brigade_2;VDV '36;;;;;;;;;;;;x
SOV_paratrooper_brigade_3;VDV '38;;;;;;;;;;;;x
SOV_paratrooper_brigade_4;VDV '40;;;;;;;;;;;;x
SOV_paratrooper_brigade_5;VDV '42;;;;;;;;;;;;x
SOV_paratrooper_brigade_6;VDV '44;;;;;;;;;;;;x
SOV_paratrooper_brigade_7;VDV '46;;;;;;;;;;;;x
SOV_paratrooper_brigade_8;VDV '48;;;;;;;;;;;;x
SOV_paratrooper_brigade_9;VDV '50;;;;;;;;;;;;x
SOV_paratrooper_brigade_10;VDV '52;;;;;;;;;;;;x
SOV_paratrooper_brigade_11;VDV '54;;;;;;;;;;;;x
SOV_paratrooper_brigade_12;VDV '56;;;;;;;;;;;;x
SOV_paratrooper_brigade_13;VDV '58;;;;;;;;;;;;x
SOV_paratrooper_brigade_14;VDV '60;;;;;;;;;;;;x
### GUARD Paratroopers #;;;;;;;;;;;;;;x
guard_paratrooper_brigade_0;VDV '30;;;;;;;;;;;;x
guard_paratrooper_brigade_1;VDV '34;;;;;;;;;;;;x
guard_paratrooper_brigade_2;VDV '36;;;;;;;;;;;;x
guard_paratrooper_brigade_3;VDV '38;;;;;;;;;;;;x
guard_paratrooper_brigade_4;VDV '40;;;;;;;;;;;;x
guard_paratrooper_brigade_5;VDV '42;;;;;;;;;;;;x
guard_paratrooper_brigade_6;VDV '44;;;;;;;;;;;;x
guard_paratrooper_brigade_7;VDV '46;;;;;;;;;;;;x
guard_paratrooper_brigade_8;VDV '48;;;;;;;;;;;;x
guard_paratrooper_brigade_9;VDV '50;;;;;;;;;;;;x
guard_paratrooper_brigade_10;VDV '52;;;;;;;;;;;;x
guard_paratrooper_brigade_11;VDV '54;;;;;;;;;;;;x
guard_paratrooper_brigade_12;VDV '56;;;;;;;;;;;;x
guard_paratrooper_brigade_13;VDV '58;;;;;;;;;;;;x
guard_paratrooper_brigade_14;VDV '60;;;;;;;;;;;;x
### Air-Landing Infantry #;;;;;;;;;;;;;;x
SOV_airlanding_infantry_brigade_0;Legkiy VDV '30;;;;;;;;;;;;x
SOV_airlanding_infantry_brigade_1;Legkiy VDV '34;;;;;;;;;;;;x
SOV_airlanding_infantry_brigade_2;Legkiy VDV '36;;;;;;;;;;;;x
SOV_airlanding_infantry_brigade_3;Legkiy VDV '38;;;;;;;;;;;;x
SOV_airlanding_infantry_brigade_4;Legkiy VDV '40;;;;;;;;;;;;x
SOV_airlanding_infantry_brigade_5;Legkiy VDV '42;;;;;;;;;;;;x
SOV_airlanding_infantry_brigade_6;Legkiy VDV '44;;;;;;;;;;;;x
SOV_airlanding_infantry_brigade_7;Legkiy VDV '46;;;;;;;;;;;;x
SOV_airlanding_infantry_brigade_8;Legkiy VDV '48;;;;;;;;;;;;x
SOV_airlanding_infantry_brigade_9;Legkiy VDV '50;;;;;;;;;;;;x
SOV_airlanding_infantry_brigade_10;Legkiy VDV '52;;;;;;;;;;;;x
SOV_airlanding_infantry_brigade_11;Legkiy VDV '54;;;;;;;;;;;;x
SOV_airlanding_infantry_brigade_12;Legkiy VDV '56;;;;;;;;;;;;x
SOV_airlanding_infantry_brigade_13;Legkiy VDV '58;;;;;;;;;;;;x
SOV_airlanding_infantry_brigade_14;Legkiy VDV '60;;;;;;;;;;;;x
### Naval Infantry #;;;;;;;;;;;;;;x
SOV_naval_infantry_brigade_0;Morskaya Pekhota '18;;;;;;;;;;;;x
SOV_naval_infantry_brigade_1;Morskaya Pekhota '34;;;;;;;;;;;;x
SOV_naval_infantry_brigade_2;Morskaya Pekhota '36;;;;;;;;;;;;x
SOV_naval_infantry_brigade_3;Morskaya Pekhota '38;;;;;;;;;;;;x
SOV_naval_infantry_brigade_4;Morskaya Pekhota '40;;;;;;;;;;;;x
SOV_naval_infantry_brigade_5;Morskaya Pekhota '42;;;;;;;;;;;;x
SOV_naval_infantry_brigade_6;Morskaya Pekhota '44;;;;;;;;;;;;x
SOV_naval_infantry_brigade_7;Morskaya Pekhota '46;;;;;;;;;;;;x
SOV_naval_infantry_brigade_8;Morskaya Pekhota '48;;;;;;;;;;;;x
SOV_naval_infantry_brigade_9;Morskaya Pekhota '50;;;;;;;;;;;;x
SOV_naval_infantry_brigade_10;Morskaya Pekhota '52;;;;;;;;;;;;x
SOV_naval_infantry_brigade_11;Morskaya Pekhota '54;;;;;;;;;;;;x
SOV_naval_infantry_brigade_12;Morskaya Pekhota '56;;;;;;;;;;;;x
SOV_naval_infantry_brigade_13;Morskaya Pekhota '58;;;;;;;;;;;;x
SOV_naval_infantry_brigade_14;Morskaya Pekhota '60;;;;;;;;;;;;x
### Marines #;;;;;;;;;;;;;;x
SOV_marine_brigade_0;Morskaya Pekhota '30;;;;;;;;;;;;x
SOV_marine_brigade_1;Morskaya Pekhota '34;;;;;;;;;;;;x
SOV_marine_brigade_2;Morskaya Pekhota '36;;;;;;;;;;;;x
SOV_marine_brigade_3;Morskaya Pekhota '38;;;;;;;;;;;;x
SOV_marine_brigade_4;Morskaya Pekhota '40;;;;;;;;;;;;x
SOV_marine_brigade_5;Morskaya Pekhota '42;;;;;;;;;;;;x
SOV_marine_brigade_6;Morskaya Pekhota '44;;;;;;;;;;;;x
SOV_marine_brigade_7;Morskaya Pekhota '46;;;;;;;;;;;;x
SOV_marine_brigade_8;Morskaya Pekhota '48;;;;;;;;;;;;x
SOV_marine_brigade_9;Morskaya Pekhota '50;;;;;;;;;;;;x
SOV_marine_brigade_10;Morskaya Pekhota '52;;;;;;;;;;;;x
SOV_marine_brigade_11;Morskaya Pekhota '54;;;;;;;;;;;;x
SOV_marine_brigade_12;Morskaya Pekhota '56;;;;;;;;;;;;x
SOV_marine_brigade_13;Morskaya Pekhota '58;;;;;;;;;;;;x
SOV_marine_brigade_14;Morskaya Pekhota '60;;;;;;;;;;;;x
### Mountain Infantry #;;;;;;;;;;;;;;x
SOV_bergsjaeger_brigade_0;Gornaya Pekhota '18;;;;;;;;;;;;x
SOV_bergsjaeger_brigade_1;Gornaya Pekhota '34;;;;;;;;;;;;x
SOV_bergsjaeger_brigade_2;Gornaya Pekhota '36;;;;;;;;;;;;x
SOV_bergsjaeger_brigade_3;Gornaya Pekhota '38;;;;;;;;;;;;x
SOV_bergsjaeger_brigade_4;Gornaya Pekhota '40;;;;;;;;;;;;x
SOV_bergsjaeger_brigade_5;Gornaya Pekhota '42;;;;;;;;;;;;x
SOV_bergsjaeger_brigade_6;Gornaya Pekhota '44;;;;;;;;;;;;x
SOV_bergsjaeger_brigade_7;Gornaya Pekhota '46;;;;;;;;;;;;x
SOV_bergsjaeger_brigade_8;Gornaya Pekhota '48;;;;;;;;;;;;x
SOV_bergsjaeger_brigade_9;Gornaya Pekhota '50;;;;;;;;;;;;x
SOV_bergsjaeger_brigade_10;Gornaya Pekhota '52;;;;;;;;;;;;x
SOV_bergsjaeger_brigade_11;Gornaya Pekhota '54;;;;;;;;;;;;x
SOV_bergsjaeger_brigade_12;Gornaya Pekhota '56;;;;;;;;;;;;x
SOV_bergsjaeger_brigade_13;Gornaya Pekhota '58;;;;;;;;;;;;x
SOV_bergsjaeger_brigade_14;Gornaya Pekhota '60;;;;;;;;;;;;x
### Ski Infantry #;;;;;;;;;;;;;;x
SOV_ski_brigade_0;Snezhnaya Yegerskiy '32;;;;;;;;;;;;x
SOV_ski_brigade_1;Snezhnaya Yegerskiy '34;;;;;;;;;;;;x
SOV_ski_brigade_2;Snezhnaya Yegerskiy '36;;;;;;;;;;;;x
SOV_ski_brigade_3;Snezhnaya Yegerskiy '38;;;;;;;;;;;;x
SOV_ski_brigade_4;Snezhnaya Yegerskiy '40;;;;;;;;;;;;x
SOV_ski_brigade_5;Snezhnaya Yegerskiy '42;;;;;;;;;;;;x
SOV_ski_brigade_6;Snezhnaya Yegerskiy '44;;;;;;;;;;;;x
SOV_ski_brigade_7;Snezhnaya Yegerskiy '46;;;;;;;;;;;;x
SOV_ski_brigade_8;Snezhnaya Yegerskiy '48;;;;;;;;;;;;x
SOV_ski_brigade_9;Snezhnaya Yegerskiy '50;;;;;;;;;;;;x
SOV_ski_brigade_10;Snezhnaya Yegerskiy '52;;;;;;;;;;;;x
SOV_ski_brigade_11;Snezhnaya Yegerskiy '54;;;;;;;;;;;;x
SOV_ski_brigade_12;Snezhnaya Yegerskiy '56;;;;;;;;;;;;x
SOV_ski_brigade_13;Snezhnaya Yegerskiy '58;;;;;;;;;;;;x
SOV_ski_brigade_14;Snezhnaya Yegerskiy '60;;;;;;;;;;;;x
### Garrison #;;;;;;;;;;;;;;x
SOV_garrison_brigade_0;Garnizon '18;;;;;;;;;;;;x
SOV_garrison_brigade_1;Garnizon '34;;;;;;;;;;;;x
SOV_garrison_brigade_2;Garnizon '36;;;;;;;;;;;;x
SOV_garrison_brigade_3;Garnizon '38;;;;;;;;;;;;x
SOV_garrison_brigade_4;Garnizon '40;;;;;;;;;;;;x
SOV_garrison_brigade_5;Garnizon '42;;;;;;;;;;;;x
SOV_garrison_brigade_6;Garnizon '44;;;;;;;;;;;;x
SOV_garrison_brigade_7;Garnizon '46;;;;;;;;;;;;x
SOV_garrison_brigade_8;Garnizon '48;;;;;;;;;;;;x
SOV_garrison_brigade_9;Garnizon '50;;;;;;;;;;;;x
SOV_garrison_brigade_10;Garnizon '52;;;;;;;;;;;;x
SOV_garrison_brigade_11;Garnizon '54;;;;;;;;;;;;x
SOV_garrison_brigade_12;Garnizon '56;;;;;;;;;;;;x
SOV_garrison_brigade_13;Garnizon '58;;;;;;;;;;;;x
SOV_garrison_brigade_14;Garnizon '60;;;;;;;;;;;;x
### Garrison Detachment #;;;;;;;;;;;;;;x
SOV_garrison_detachment_0;Otryad Garnizona '18;;;;;;;;;;;;x
SOV_garrison_detachment_1;Otryad Garnizona '34;;;;;;;;;;;;x
SOV_garrison_detachment_2;Otryad Garnizona '36;;;;;;;;;;;;x
SOV_garrison_detachment_3;Otryad Garnizona '38;;;;;;;;;;;;x
SOV_garrison_detachment_4;Otryad Garnizona '40;;;;;;;;;;;;x
SOV_garrison_detachment_5;Otryad Garnizona '42;;;;;;;;;;;;x
SOV_garrison_detachment_6;Otryad Garnizona '44;;;;;;;;;;;;x
SOV_garrison_detachment_7;Otryad Garnizona '46;;;;;;;;;;;;x
SOV_garrison_detachment_8;Otryad Garnizona '48;;;;;;;;;;;;x
SOV_garrison_detachment_9;Otryad Garnizona '50;;;;;;;;;;;;x
SOV_garrison_detachment_10;Otryad Garnizona '52;;;;;;;;;;;;x
SOV_garrison_detachment_11;Otryad Garnizona '54;;;;;;;;;;;;x
SOV_garrison_detachment_12;Otryad Garnizona '56;;;;;;;;;;;;x
SOV_garrison_detachment_13;Otryad Garnizona '58;;;;;;;;;;;;x
SOV_garrison_detachment_14;Otryad Garnizona '60;;;;;;;;;;;;x
### Tropical Garrison #;;;;;;;;;;;;;;x
SOV_tropical_island_garrison_brigade_0;Garnizon '18;;;;;;;;;;;;x
SOV_tropical_island_garrison_brigade_1;Garnizon '34;;;;;;;;;;;;x
SOV_tropical_island_garrison_brigade_2;Garnizon '36;;;;;;;;;;;;x
SOV_tropical_island_garrison_brigade_3;Garnizon '38;;;;;;;;;;;;x
SOV_tropical_island_garrison_brigade_4;Garnizon '40;;;;;;;;;;;;x
SOV_tropical_island_garrison_brigade_5;Garnizon '42;;;;;;;;;;;;x
SOV_tropical_island_garrison_brigade_6;Garnizon '44;;;;;;;;;;;;x
SOV_tropical_island_garrison_brigade_7;Garnizon '46;;;;;;;;;;;;x
SOV_tropical_island_garrison_brigade_8;Garnizon '48;;;;;;;;;;;;x
SOV_tropical_island_garrison_brigade_9;Garnizon '50;;;;;;;;;;;;x
SOV_tropical_island_garrison_brigade_10;Garnizon '52;;;;;;;;;;;;x
SOV_tropical_island_garrison_brigade_11;Garnizon '54;;;;;;;;;;;;x
SOV_tropical_island_garrison_brigade_12;Garnizon '56;;;;;;;;;;;;x
SOV_tropical_island_garrison_brigade_13;Garnizon '58;;;;;;;;;;;;x
SOV_tropical_island_garrison_brigade_14;Garnizon '60;;;;;;;;;;;;x
### Commando #;;;;;;;;;;;;;;x
SOV_commando_brigade_0;OSNAZ '34;;;;;;;;;;;;x
SOV_commando_brigade_1;OSNAZ '36;;;;;;;;;;;;x
SOV_commando_brigade_2;OSNAZ '38;;;;;;;;;;;;x
SOV_commando_brigade_3;OSNAZ '40;;;;;;;;;;;;x
SOV_commando_brigade_4;OSNAZ '42;;;;;;;;;;;;x
SOV_commando_brigade_5;OSNAZ '44;;;;;;;;;;;;x
SOV_commando_brigade_6;OSNAZ '46;;;;;;;;;;;;x
SOV_commando_brigade_7;OSNAZ '48;;;;;;;;;;;;x
### Air Cavalry #;;;;;;;;;;;;;;x
##################### Engineers ####################;;;;;;;;;;;;;;x
### Engineer #;;;;;;;;;;;;;;x
SOV_engineer_brigade_0;Brigada Saper '36;;;;;;;;;;;;x
SOV_engineer_brigade_1;Brigada Saper '39;;;;;;;;;;;;x
SOV_engineer_brigade_2;Brigada Saper '41;;;;;;;;;;;;x
SOV_engineer_brigade_3;Brigada Saper '43;;;;;;;;;;;;x
SOV_engineer_brigade_4;Brigada Saper '45;;;;;;;;;;;;x
SOV_engineer_brigade_5;Brigada Saper '47;;;;;;;;;;;;x
### Motorized Engineer #;;;;;;;;;;;;;;x
SOV_motorized_engineer_brigade_0;Motorizovannyy Saper '36;;;;;;;;;;;;x
SOV_motorized_engineer_brigade_1;Motorizovannyy Saper '39;;;;;;;;;;;;x
SOV_motorized_engineer_brigade_2;Motorizovannyy Saper '41;;;;;;;;;;;;x
SOV_motorized_engineer_brigade_3;Motorizovannyy Saper '43;;;;;;;;;;;;x
SOV_motorized_engineer_brigade_4;Motorizovannyy Saper '45;;;;;;;;;;;;x
SOV_motorized_engineer_brigade_5;Motorizovannyy Saper '47;;;;;;;;;;;;x
### Armored Engineer #;;;;;;;;;;;;;;x
SOV_armored_engineer_brigade_0;Bronirovannyy Saper '41;;;;;;;;;;;;x
SOV_armored_engineer_brigade_1;Bronirovannyy Saper '42;;;;;;;;;;;;x
SOV_armored_engineer_brigade_2;Bronirovannyy Saper '43;;;;;;;;;;;;x
SOV_armored_engineer_brigade_3;Bronirovannyy Saper '44;;;;;;;;;;;;x
SOV_armored_engineer_brigade_4;Bronirovannyy Saper '45;;;;;;;;;;;;x
SOV_armored_engineer_brigade_5;Bronirovannyy Saper '46;;;;;;;;;;;;x
### Airborne Engineer #;;;;;;;;;;;;;;x
##################### Recon ####################;;;;;;;;;;;;;;x
### Recon Cavalry #;;;;;;;;;;;;;;x
SOV_Recon_cavalry_brigade_0;Konnaya kavaleriya '18;;;;;;;;;;;;x
SOV_Recon_cavalry_brigade_1;Konnaya kavaleriya '34;;;;;;;;;;;;x
SOV_Recon_cavalry_brigade_2;Konnaya kavaleriya '36;;;;;;;;;;;;x
SOV_Recon_cavalry_brigade_3;Konnaya kavaleriya '38;;;;;;;;;;;;x
SOV_Recon_cavalry_brigade_4;Konnaya kavaleriya '40;;;;;;;;;;;;x
SOV_Recon_cavalry_brigade_5;Konnaya kavaleriya '42;;;;;;;;;;;;x
SOV_Recon_cavalry_brigade_6;Konnaya kavaleriya '44;;;;;;;;;;;;x
SOV_Recon_cavalry_brigade_7;Konnaya kavaleriya '46;;;;;;;;;;;;x
SOV_Recon_cavalry_brigade_8;Konnaya kavaleriya '48;;;;;;;;;;;;x
SOV_Recon_cavalry_brigade_9;Konnaya kavaleriya '50;;;;;;;;;;;;x
### Motorcycle #;;;;;;;;;;;;;;x
SOV_motorcycle_recon_brigade_0;Mototsikletnaya brigada '18;;;;;;;;;;;;x
SOV_motorcycle_recon_brigade_1;Mototsikletnaya brigada '34;;;;;;;;;;;;x
SOV_motorcycle_recon_brigade_2;Mototsikletnaya brigada '36;;;;;;;;;;;;x
SOV_motorcycle_recon_brigade_3;Mototsikletnaya brigada '38;;;;;;;;;;;;x
SOV_motorcycle_recon_brigade_4;Mototsikletnaya brigada '40;;;;;;;;;;;;x
SOV_motorcycle_recon_brigade_5;Mototsikletnaya brigada '42;;;;;;;;;;;;x
SOV_motorcycle_recon_brigade_6;Mototsikletnaya brigada '44;;;;;;;;;;;;x
SOV_motorcycle_recon_brigade_7;Mototsikletnaya brigada '46;;;;;;;;;;;;x
SOV_motorcycle_recon_brigade_8;Mototsikletnaya brigada '48;;;;;;;;;;;;x
SOV_motorcycle_recon_brigade_9;Mototsikletnaya brigada '50;;;;;;;;;;;;x
### Armored Cars #;;;;;;;;;;;;;;x
SOV_armored_car_brigade_0;BAI;;;;;;;;;;;;;x
SOV_armored_car_brigade_1;BA-6M;;;;;;;;;;;;;x
SOV_armored_car_brigade_2;BA-10;;;;;;;;;;;;;x
SOV_armored_car_brigade_3;BA-10;;;;;;;;;;;;;x
SOV_armored_car_brigade_4;BA-10;;;;;;;;;;;;;x
SOV_armored_car_brigade_5;BA-10;;;;;;;;;;;;;x
SOV_armored_car_brigade_6;;BA-10;;;;;;;;;;;;x
SOV_armored_car_brigade_7;BA-64;;;;;;;;;;;;;x
SOV_armored_car_brigade_8;BA-64;;;;;;;;;;;;;x
SOV_armored_car_brigade_9;BA-64;;;;;;;;;;;;;x
SOV_armored_car_brigade_10;BA-64;;;;;;;;;;;;;x
SOV_armored_car_brigade_11;BA-64;;;;;;;;;;;;;x
SOV_armored_car_brigade_12;BA-64;;;;;;;;;;;;;x
SOV_armored_car_brigade_13;BA-64;;;;;;;;;;;;;x
SOV_armored_car_brigade_14;BTR-40;;;;;;;;;;;;;x
SOV_armored_car_brigade_15;BTR-40;;;;;;;;;;;;;x
SOV_armored_car_brigade_16;BTR-40;;;;;;;;;;;;;x
SOV_armored_car_brigade_17;BTR-40;;;;;;;;;;;;;x
SOV_armored_car_brigade_18;BTR-40;;;;;;;;;;;;;x
SOV_armored_car_brigade_19;BTR-40;;;;;;;;;;;;;x
SOV_armored_car_brigade_20;BTR-40;;;;;;;;;;;;;x
SOV_armored_car_brigade_21;BTR-40;;;;;;;;;;;;;x
SOV_armored_car_brigade_22;BTR-40;;;;;;;;;;;;;x
SOV_armored_car_brigade_23;BDRM Ober.1959;;;;;;;;;;;;;x
##################### Armor ####################;;;;;;;;;;;;;;x
### Infantry Tank Armor Divisions #;;;;;;;;;;;;;;x
SOV_infantry_tank_brigade_2;T-26;;;;;;;;;;;;;x
SOV_infantry_tank_brigade_3;T-35;;;;;;;;;;;;;x
SOV_infantry_tank_brigade_4;KV-1;;;;;;;;;;;;;x
SOV_infantry_tank_brigade_5;T-100 Infantry tank;;;;;;;;;;;;;x
### Special Purpose Armor #;;;;;;;;;;;;;;x
SOV_amph_armour_brigade_0;T-37 Amph.Tank;;;;;;;;;;;;;x
SOV_amph_armour_brigade_1;T-37 Amph.Tank;;;;;;;;;;;;;x
SOV_amph_armour_brigade_2;T-38 Amph.Tank;;;;;;;;;;;;;x
SOV_amph_armour_brigade_3;T-38 Amph.Tank;;;;;;;;;;;;;x
SOV_amph_armour_brigade_4;T-40 Amph.Tank;;;;;;;;;;;;;x
SOV_amph_armour_brigade_5;T-40 Amph.Tank;;;;;;;;;;;;;x
SOV_amph_armour_brigade_6;T-40 Amph.Tank;;;;;;;;;;;;;x
### Armored Divisions #;;;;;;;;;;;;;;x
SOV_armor_bat_0;BT-7-1;;;;;;;;;;;;;x37
SOV_armor_brigade_0;BT-7-1;;;;;;;;;;;;;x37
SOV_armor_bat_1;BT-7-2;;;;;;;;;;;;;x
SOV_armor_brigade_1;BT-7-2;;;;;;;;;;;;;x
SOV_armor_bat_2;BT-7-2;;;;;;;;;;;;;x
SOV_armor_brigade_2;BT-7-2;;;;;;;;;;;;;x
SOV_armor_bat_3;T-34/76 Mod.1940;;;;;;;;;;;;;x40
SOV_armor_brigade_3;T-34/76 Mod.1940;;;;;;;;;;;;;x40
SOV_armor_bat_4;T-34/76 Mod.1941;;;;;;;;;;;;;x41
SOV_armor_brigade_4;T-34/76 Mod.1941;;;;;;;;;;;;;x41
SOV_armor_bat_5;T-34/76 Mod.1942;;;;;;;;;;;;;x
SOV_armor_brigade_5;T-34/76 Mod.1942;;;;;;;;;;;;;x
SOV_armor_bat_6;T-34/76 Mod.1943;;;;;;;;;;;;;x
SOV_armor_brigade_6;T-34/76 Mod.1943;;;;;;;;;;;;;x
SOV_armor_bat_7;T-34/85 Mod.1943;;;;;;;;;;;;;x
SOV_armor_brigade_7;T-34/85 Mod.1943;;;;;;;;;;;;;x
SOV_armor_bat_8;T-34/85 Mod.1944;;;;;;;;;;;;;x
SOV_armor_brigade_8;T-34/85 Mod.1944;;;;;;;;;;;;;x
SOV_armor_bat_9;T-44;;;;;;;;;;;;;x46
SOV_armor_brigade_9;T-44;;;;;;;;;;;;;x46
SOV_armor_bat_10;T-44;;;;;;;;;;;;;x47
SOV_armor_brigade_10;T-44;;;;;;;;;;;;;x47
SOV_armor_bat_11;T-54-1;;;;;;;;;;;;;x
SOV_armor_brigade_11;T-54-1;;;;;;;;;;;;;x
### guard_bat_brigade #;;;;;;;;;;;;;;x
### guard_armor_brigade #;;;;;;;;;;;;;;x
guard_armor_bat_0;BT-7-1;;;;;;;;;;;;;x37
guard_armor_brigade_0;BT-7-1;;;;;;;;;;;;;x37
guard_armor_bat_1;BT-7-2;;;;;;;;;;;;;x
guard_armor_brigade_1;BT-7-2;;;;;;;;;;;;;x
guard_armor_bat_2;BT-7-2;;;;;;;;;;;;;x
guard_armor_brigade_2;BT-7-2;;;;;;;;;;;;;x
guard_armor_bat_3;T-34/76 Mod.1940;;;;;;;;;;;;;x40
guard_armor_brigade_3;T-34/76 Mod.1940;;;;;;;;;;;;;x40
guard_armor_bat_4;T-34/76 Mod.1941;;;;;;;;;;;;;x41
guard_armor_brigade_4;T-34/76 Mod.1941;;;;;;;;;;;;;x41
guard_armor_bat_5;T-34/76 Mod.1942;;;;;;;;;;;;;x
guard_armor_brigade_5;T-34/76 Mod.1942;;;;;;;;;;;;;x
guard_armor_bat_6;T-34/76 Mod.1943;;;;;;;;;;;;;x
guard_armor_brigade_6;T-34/76 Mod.1943;;;;;;;;;;;;;x
guard_armor_bat_7;T-34/85 Mod.1943;;;;;;;;;;;;;x
guard_armor_brigade_7;T-34/85 Mod.1943;;;;;;;;;;;;;x
guard_armor_bat_8;T-34/85 Mod.1944;;;;;;;;;;;;;x
guard_armor_brigade_8;T-34/85 Mod.1944;;;;;;;;;;;;;x
guard_armor_bat_9;T-44;;;;;;;;;;;;;x46
guard_armor_brigade_9;T-44;;;;;;;;;;;;;x46
guard_armor_bat_10;T-44;;;;;;;;;;;;;x47
guard_armor_brigade_10;T-44;;;;;;;;;;;;;x47
guard_armor_bat_11;T-54-1;;;;;;;;;;;;;x
guard_armor_brigade_11;T-54-1;;;;;;;;;;;;;x
### Light Armored Divisions #;;;;;;;;;;;;;;x
SOV_light_armor_brigade_0;T-26 Mod.1933;;;;;;;;;;;;;x
SOV_light_armor_brigade_1;T-26 Mod.1933;;;;;;;;;;;;;x
SOV_light_armor_brigade_2;T-26 Mod.1938;;;;;;;;;;;;;x
SOV_light_armor_brigade_3;T-26 Mod.1939;;;;;;;;;;;;;x
SOV_light_armor_brigade_4;T-26 Mod.1939;;;;;;;;;;;;;x
SOV_light_armor_brigade_5;T-60;;;;;;;;;;;;;x
SOV_light_armor_brigade_6;T-50;;;;;;;;;;;;;x
SOV_light_armor_brigade_7;T-50;;;;;;;;;;;;;x
SOV_light_armor_brigade_8;'LTTB' (85mm D-5T);;;;;;;;;;;;;x
SOV_light_armor_brigade_9;'LTTB' (85mm D-5T);;;;;;;;;;;;;x
SOV_light_armor_brigade_10;'LTTB' (85mm D-5T);;;;;;;;;;;;;x
SOV_light_armor_brigade_11;T-100;;;;;;;;;;;;;x
### Light Armor Bats #;;;;;;;;;;;;;;x
SOV_light_armor_bat_0;T-26 Mod.1933;;;;;;;;;;;;;x
SOV_light_armor_bat_1;T-26 Mod.1933;;;;;;;;;;;;;x
SOV_light_armor_bat_2;T-26 Mod.1938;;;;;;;;;;;;;x
SOV_light_armor_bat_3;T-26 Mod.1939;;;;;;;;;;;;;x
SOV_light_armor_bat_4;T-26 Mod.1939;;;;;;;;;;;;;x
SOV_light_armor_bat_5;T-60;;;;;;;;;;;;;x
SOV_light_armor_bat_6;T-50;;;;;;;;;;;;;x
SOV_light_armor_bat_7;T-50;;;;;;;;;;;;;x
SOV_light_armor_bat_8;'LTTB' (85mm D-5T);;;;;;;;;;;;;x
SOV_light_armor_bat_9;'LTTB' (85mm D-5T);;;;;;;;;;;;;x
SOV_light_armor_bat_10;'LTTB' (85mm D-5T);;;;;;;;;;;;;x
SOV_light_armor_bat_11;T-100;;;;;;;;;;;;;x
### Heavy Armor Brigade #;;;;;;;;;;;;;;x
SOV_heavy_armor_brigade_0;T-35 Mod.1935;;;;;;;;;;;;;x
SOV_heavy_armor_brigade_1;T-35 Mod.1937;;;;;;;;;;;;;x
SOV_heavy_armor_brigade_2;KV-1 Mod.1940;;;;;;;;;;;;;x
SOV_heavy_armor_brigade_3;KV-85;;;;;;;;;;;;;x
SOV_heavy_armor_brigade_4;IS-2 Mod.1944;;;;;;;;;;;;;x
SOV_heavy_armor_brigade_5;IS-3;;;;;;;;;;;;;x
SOV_heavy_armor_brigade_6;IS-4;;;;;;;;;;;;;x
SOV_heavy_armor_brigade_7;T-10M;;;;;;;;;;;;;x
### Guard Heavy Armor Brigade #;;;;;;;;;;;;;;x
guard_heavy_armor_brigade_0;T-35 Mod.1935;;;;;;;;;;;;;x
guard_heavy_armor_brigade_1;T-35 Mod.1937;;;;;;;;;;;;;x
guard_heavy_armor_brigade_2;KV-1 Mod.1940;;;;;;;;;;;;;x
guard_heavy_armor_brigade_3;KV-85;;;;;;;;;;;;;x
guard_heavy_armor_brigade_4;IS-2 Mod.1944;;;;;;;;;;;;;x
guard_heavy_armor_brigade_5;IS-3;;;;;;;;;;;;;x
guard_heavy_armor_brigade_6;IS-4;;;;;;;;;;;;;x
guard_heavy_armor_brigade_7;T-10M;;;;;;;;;;;;;x
### Super Heavy Armor #;;;;;;;;;;;;;;x
SOV_super_heavy_armor_brigade_0;KV-4 (Project Kuzmin,Tarapatin,Tarotko);;;;;;;;;;;;x
SOV_super_heavy_armor_brigade_1;IS-7 (Object 260);;;;;;;;;;;;x
SOV_super_heavy_armor_brigade_2;IS-7 (Object 260);;;;;;;;;;;;x
### Tank Destroyer #;;;;;;;;;;;;;;x
SOV_tank_destroyer_brigade_0;AT-1;;;;;;;;;;;;;x
SOV_tank_destroyer_brigade_1;ZiS-30;;;;;;;;;;;;;x
SOV_tank_destroyer_brigade_2;SU-76 Suka;;;;;;;;;;;;;x
SOV_tank_destroyer_brigade_3;SU-85;;;;;;;;;;;;;x
SOV_tank_destroyer_brigade_4;SU-100;;;;;;;;;;;;;x
SOV_tank_destroyer_brigade_5;ISU-122;;;;;;;;;;;;;x
SOV_tank_destroyer_brigade_6;ISU-122;;;;;;;;;;;;;x
### Medium Tank Destroyer #;;;;;;;;;;;;;;x
SOV_medium_tank_destroyer_brigade_0;SU-85;;;;;;;;;;;;;x
SOV_medium_tank_destroyer_brigade_1;SU-85;;;;;;;;;;;;;x
SOV_medium_tank_destroyer_brigade_2;SU-85;;;;;;;;;;;;;x
SOV_medium_tank_destroyer_brigade_3;SU-100;;;;;;;;;;;;;x
SOV_medium_tank_destroyer_brigade_4;SU-100;;;;;;;;;;;;;x
SOV_medium_tank_destroyer_brigade_5;ISU-130;;;;;;;;;;;;;x
##################### Artillery #;;;;;;;;;;;;;;x
SOV_artillery_0;122 mm Howitzer M1909/37;;;;;;;;;;;;;x18
SOV_artillery_1;76,2 mm Divisional gun M1902/30;;;;;;;;;;;;;x34
SOV_artillery_2;76,2 mm Divisional gun M1936(F-22);;;;;;;;;;;;;x36
SOV_artillery_3;122 mm Divisional Howitzer M1938(M-30);;;;;;;;;;;;;x38
SOV_artillery_4;76,2 mm Divisional gun M1942(ZiS-3);;;;;;;;;;;;;x42
SOV_artillery_5;76,2 mm Divisional gun M1942(ZiS-3);;;;;;;;;;;;;x44
SOV_artillery_6;85mm Divisional Gun D-44;;;;;;;;;;;;;x46
### Medium Artillery #;;;;;;;;;;;;;;x
SOV_medium_artillery_brigade_0;122mm Gaubitsa obr. 1907/37;;;;;;;;;;;;;x
SOV_medium_artillery_brigade_1;122mm Gaubitsa obr. 1910/30;;;;;;;;;;;;;x
SOV_medium_artillery_brigade_2;122mm Pushka obr. 1931/37;;;;;;;;;;;;;x
SOV_medium_artillery_brigade_3;122mm Gaubitsa obr. 1938;;;;;;;;;;;;;x
SOV_medium_artillery_brigade_4;152mm Pushka obr. 1910/30;;;;;;;;;;;;;x
SOV_medium_artillery_brigade_5;152mm Pushka obr. 1910/34;;;;;;;;;;;;;x
SOV_medium_artillery_brigade_6;152mm GP obr. 1937;;;;;;;;;;;;;x
SOV_medium_artillery_brigade_7;152mm Gaubitsa obr. 1938;;;;;;;;;;;;;x
SOV_medium_artillery_brigade_8;203mm Gaubitsa obr. 1931;;;;;;;;;;;;;x
### Anti-Tank Artillery #;;;;;;;;;;;;;;x
SOV_anti_tank_brigade_3;37mm PTP obr.30;;;;;;;;;;;;;x
SOV_anti_tank_brigade_4;45mm PTP obr.42;;;;;;;;;;;;;x
SOV_anti_tank_brigade_5;76.2mm ZiS3E;;;;;;;;;;;;;x
SOV_anti_tank_brigade_6;85mm D-44;;;;;;;;;;;;;x
SOV_anti_tank_brigade_7;100mm D-10T;;;;;;;;;;;;;x
### Heavy Anti-Tank Artillery #;;;;;;;;;;;;;;x
SOV_heavy_anti_tank_brigade_0;37mm PTP obr.30;;;;;;;;;;;;;x
SOV_heavy_anti_tank_brigade_1;45mm PTP obr.42;;;;;;;;;;;;;x
SOV_heavy_anti_tank_brigade_2;76.2mm ZiS3E;;;;;;;;;;;;;x
SOV_heavy_anti_tank_brigade_3;85mm D-44;;;;;;;;;;;;;x
SOV_heavy_anti_tank_brigade_4;100mm D-10T;;;;;;;;;;;;;x
### Rocket Artillery #;;;;;;;;;;;;;;x
SOV_rocket_artillery_brigade_0;M-8 Rocket;;;;;;;;;;;;;x
SOV_rocket_artillery_brigade_1;M-13 Rocket;;;;;;;;;;;;;x
SOV_rocket_artillery_brigade_2;M-31 Rocket;;;;;;;;;;;;;x
### Self-Propelled Artillery #;;;;;;;;;;;;;;x
SOV_sp_artillery_brigade_3;KV-2;;;;;;;;;;;;;x
SOV_sp_artillery_brigade_4;SU-76M;;;;;;;;;;;;;x
SOV_sp_artillery_brigade_5;SU-76B;;;;;;;;;;;;;x
SOV_sp_artillery_brigade_6;SU-122;;;;;;;;;;;;;x
SOV_sp_artillery_brigade_7;SU-152 Zveroboy;;;;;;;;;;;;;x
### Self-Propelled Rocket Artillery #;;;;;;;;;;;;;;x
SOV_sp_rocket_artillery_brigade_2;BM-8 Katyusha;;;;;;;;;;;;;x
SOV_sp_rocket_artillery_brigade_3;BM-8 Katyusha;;;;;;;;;;;;;x
SOV_sp_rocket_artillery_brigade_4;BM-13 Katyusha;;;;;;;;;;;;;x
SOV_sp_rocket_artillery_brigade_5;BM-31 Katyusha;;;;;;;;;;;;;x
SOV_sp_rocket_artillery_brigade_6;BM-14 Katyusha;;;;;;;;;;;;;x
SOV_sp_rocket_artillery_brigade_7;BM-21 Katyusha;;;;;;;;;;;;;x
### GUARD SP Rocket Artillery #;;;;;;;;;;;;;;x
SOV_guard_sp_rocket_artillery_brigade_2;BM-8 Katyusha;;;;;;;;;;;;;x
SOV_guard_sp_rocket_artillery_brigade_3;BM-8 Katyusha;;;;;;;;;;;;;x
SOV_guard_sp_rocket_artillery_brigade_4;BM-13 Katyusha;;;;;;;;;;;;;x
SOV_guard_sp_rocket_artillery_brigade_5;BM-31 Katyusha;;;;;;;;;;;;;x
SOV_guard_sp_rocket_artillery_brigade_6;BM-14 Katyusha;;;;;;;;;;;;;x
SOV_guard_sp_rocket_artillery_brigade_7;BM-21 Katyusha;;;;;;;;;;;;;x
### Self-Propelled Anti-Air #;;;;;;;;;;;;;;x
SOV_sp_anti_air_brigade_0;ZSU-37;;;;;;;;;;;;;x
SOV_sp_anti_air_brigade_1;ZSU-37;;;;;;;;;;;;;x
### Heavy Artillery #;;;;;;;;;;;;;;x
SOV_heavy_artillery_brigade_0;152 mm Howitzer M1909/30;;;;;;;;;;;;;x18
SOV_heavy_artillery_brigade_1;152 mm Howitzer M1937(ML-20) ;;;;;;;;;;;;;x38
SOV_heavy_artillery_brigade_2;152 mm Howitzer M1938(M-10) ;;;;;;;;;;;;;x41
SOV_heavy_artillery_brigade_3;152 mm Howitzer M1943(D-1) ;;;;;;;;;;;;;x44
### assault_gun_brigade #;;;;;;;;;;;;;;x
SOV_assault_gun_brigade_0;SU-5-3;;;;;;;;;;;;;x
SOV_assault_gun_brigade_1;KV-2;;;;;;;;;;;;;x
SOV_assault_gun_brigade_2;KV-2;;;;;;;;;;;;;x
SOV_assault_gun_brigade_3;KV-2;;;;;;;;;;;;;x
SOV_assault_gun_brigade_4;SU-76;;;;;;;;;;;;;x
SOV_assault_gun_brigade_5;SU-85;;;;;;;;;;;;;x
SOV_assault_gun_brigade_6;SU-122;;;;;;;;;;;;;x
SOV_assault_gun_brigade_7;ISU-122;;;;;;;;;;;;;x
SOV_assault_gun_brigade_8;ISU-152;;;;;;;;;;;;;x
### Railway Guns #;;;;;;;;;;;;;;x
SOV_railway_artillery_brigade_0;Br-17 210mm;;;;;;;;;;;;;x
SOV_railway_artillery_brigade_1;Br-17 210mm;;;;;;;;;;;;;x
SOV_railway_artillery_brigade_2;Br-17 210mm;;;;;;;;;;;;;x
SOV_railway_artillery_brigade_3;Br-18 305mm;;;;;;;;;;;;;x
SOV_railway_artillery_brigade_4;Br-18 305mm;;;;;;;;;;;;;x
SOV_railway_artillery_brigade_5;Br-18 305mm;;;;;;;;;;;;;x
SOV_railway_artillery_brigade_6;Br-18 305mm;;;;;;;;;;;;;x
SOV_railway_artillery_brigade_7;Br-18 305mm;;;;;;;;;;;;;x
SOV_railway_artillery_brigade_8;Br-18 305mm;;;;;;;;;;;;;x
##################### SOV Custom Battle Commanders and Leaders #;;;;;;;;;;;;;;x
sov_battle_commander_chuikov;Chuikov;;;;;;;;;;;;;x
sov_battle_commander_chuikov_short;Chuikov;;;;;;;;;;;;;x
sov_battle_commander_konev;Konev;;;;;;;;;;;;;x
sov_battle_commander_konev_short;Konev;;;;;;;;;;;;;x
sov_battle_commander_vatutin;Vatutin;;;;;;;;;;;;;x
sov_battle_commander_vatutin_short;Vatutin;;;;;;;;;;;;;x
sov_battle_commander_vasilevsky;Vasilevsky;;;;;;;;;;;;;x
sov_battle_commander_vasilevsky_short;Vasilevsky;;;;;;;;;;;;;x
sov_battle_commander_rokossovsky;Rokossovsky;;;;;;;;;;;;;x
sov_battle_commander_rokossovsky_short;Rokossovsky;;;;;;;;;;;;;x
sov_battle_commander_timoshenko;Timoshenko;;;;;;;;;;;;;x
sov_battle_commander_timoshenko_short;Timoshenko;;;;;;;;;;;;;x
sov_battle_commander_shaposhnikov;Shaposhnikov;;;;;;;;;;;;;x
sov_battle_commander_shaposhnikov_short;Shaposhnikov;;;;;;;;;;;;;x
sov_battle_commander_budyonny;Budyonny;;;;;;;;;;;;;x
sov_battle_commander_budyonny_short;Budyonny;;;;;;;;;;;;;x
SOV_leader_brigade_0;Joseph Stalin;;;;;;;;;;;;;x
SOV_battle_commander_brigade_0;Joseph Stalin ;;;;;;;;;;;;;x
SOV_leader_brigade_1;STAVKA;;;;;;;;;;;;;x
SOV_battle_commander_brigade_1;STAVKA ;;;;;;;;;;;;;x
SOV_leader_brigade_2;Georgy Zhukov;;;;;;;;;;;;;x
SOV_battle_commander_brigade_2;Georgy Zhukov ;;;;;;;;;;;;;x
SOV_leader_brigade_3;Lavrentiy Beria;;;;;;;;;;;;;x
SOV_battle_commander_brigade_3;Lavrentiy Beria ;;;;;;;;;;;;;x
SOV_leader_brigade_4;Vyacheslav Molotov;;;;;;;;;;;;;x
SOV_battle_commander_brigade_4;Vyacheslav Molotov ;;;;;;;;;;;;;x
SOV_leader_brigade_5;Vasily Chuikov;;;;;;;;;;;;;x
SOV_battle_commander_brigade_5;Vasily Chuikov ;;;;;;;;;;;;;x
SOV_leader_brigade_6;Semyon Budyonny;;;;;;;;;;;;;x
SOV_battle_commander_brigade_6;Semyon Budyonny ;;;;;;;;;;;;;x
SOV_leader_brigade_7;Semyon Timoshenko;;;;;;;;;;;;;x
SOV_battle_commander_brigade_7;Semyon Timoshenko ;;;;;;;;;;;;;x
SOV_leader_brigade_8;Ivan Konev;;;;;;;;;;;;;x
SOV_battle_commander_brigade_8;Ivan Konev ;;;;;;;;;;;;;x
SOV_leader_brigade_9;Kliment Voroshilov;;;;;;;;;;;;;x
SOV_battle_commander_brigade_10;Boris Shaposhnikov ;;;;;;;;;;;;;x
SOV_battle_commander_brigade_11;Nikolai Vatutin ;;;;;;;;;;;;;x
SOV_battle_commander_brigade_12;Konstantin Rokossovsky ;;;;;;;;;;;;;x
SOV_battle_commander_brigade_13;Aleksandr Vasilevsky ;;;;;;;;;;;;;x
#OOB FILES;;;;;;;;;;;;;x
sov_chief_marshal_of_aviation.txt;- Chief Marshal of Aviation arrives bear Kozlovska -\n;;;;;;;;;;;;;x
#EOF;;;;;;;;;;;;;x