# MODEL_TAG;ENGLISH;FRENCH;GERMAN;;SPANISH;;;;;;;;;x
################################;;;;;;;;;;;;;x
### HQ Units ####;;;;;;;;;;;;;x
### Japanese Armies (Corps) #;;;;;;;;;;;;;;x
jap_konkyochi_army_group;konkyochi;;;;;;;;;;;;x;
jap_konkyochi_army_group_short;konkyochi;;;;;;;;;;;;x;
jap_north_district_corps;Hokubugun HQ;;;;;;;;;;;;x;
jap_east_district_corps;Tobugun HQ;;;;;;;;;;;;x;
jap_west_district_corps;Seibugun HQ;;;;;;;;;;;;x;
jap_central_district_corps;Chubugun HQ;;;;;;;;;;;;x;
jap_north_district_corps_short;Hokubugun HQ;;;;;;;;;;;;x;
jap_east_district_corps_short;Tobugun HQ;;;;;;;;;;;;x;
jap_west_district_corps_short;Seibugun HQ;;;;;;;;;;;;x;
jap_central_district_corps_short;Chubugun HQ;;;;;;;;;;;;x;
jap_mongol_corps;Mongoru Homengun HQ;;;;;;;;;;;;x;
jap_mongol_corps_short;Mongoru Homengun HQ;;;;;;;;;;;;x;
jap_korean_corps;Chosen Homengun HQ;;;;;;;;;;;;x;
jap_korean_corps_short;Chosen Homengun HQ;;;;;;;;;;;;x;
jap_i_corps;1 Homengun HQ;;;;;;;;;;;;x;
jap_ii_corps;2 Homengun HQ;;;;;;;;;;;;x;
jap_iii_corps;3 Homengun HQ;;;;;;;;;;;;x;
jap_iv_corps;4 Homengun HQ;;;;;;;;;;;;x;
jap_v_corps;5 Homengun HQ;;;;;;;;;;;;x;
jap_vi_corps;6 Homengun HQ;;;;;;;;;;;;x;
jap_vii_corps;7 Homengun HQ;;;;;;;;;;;;x;
jap_viii_corps;8 Homengun HQ;;;;;;;;;;;;x;
jap_ix_corps;9 Homengun HQ;;;;;;;;;;;;x;
jap_x_corps;10 Homengun HQ;;;;;;;;;;;;x;
jap_xi_corps;11 Homengun HQ;;;;;;;;;;;;x;
jap_xii_corps;12 Homengun HQ;;;;;;;;;;;;x;
jap_xiii_corps;13 Homengun HQ;;;;;;;;;;;;x;
jap_xiv_corps;14 Homengun HQ;;;;;;;;;;;;x;
jap_xv_corps;15 Homengun HQ;;;;;;;;;;;;x;
jap_xvi_corps;16 Homengun HQ;;;;;;;;;;;;x;
jap_xvii_corps;17 Homengun HQ;;;;;;;;;;;;x;
jap_xviii_corps;18 Homengun HQ;;;;;;;;;;;;x;
jap_xix_corps;19 Homengun HQ;;;;;;;;;;;;x;
jap_xx_corps;20 Homengun HQ;;;;;;;;;;;;x;
jap_xxi_corps;21 Homengun HQ;;;;;;;;;;;;x;
jap_xxii_corps;22 Homengun HQ;;;;;;;;;;;;x;
jap_xxiii_corps;23 Homengun HQ;;;;;;;;;;;;x;
jap_xxiv_corps;24 Homengun HQ;;;;;;;;;;;;x;
jap_xxv_corps;25 Homengun HQ;;;;;;;;;;;;x;
jap_xxvi_corps;26 Homengun HQ;;;;;;;;;;;;x;
jap_xxvii_corps;27 Homengun HQ;;;;;;;;;;;;x;
jap_xxviii_corps;28 Homengun HQ;;;;;;;;;;;;x;
jap_xxix_corps;29 Homengun HQ;;;;;;;;;;;;x;
jap_xxx_corps;30 Homengun HQ;;;;;;;;;;;;x;
jap_xxxi_corps;31 Homengun HQ;;;;;;;;;;;;x;
jap_xxxii_corps;32 Homengun HQ;;;;;;;;;;;;x;
jap_xxxiii_corps;33 Homengun HQ;;;;;;;;;;;;x;
jap_xxxiv_corps;34 Homengun HQ;;;;;;;;;;;;x;
jap_xxxv_corps;35 Homengun HQ;;;;;;;;;;;;x;
jap_xxxvi_corps;36 Homengun HQ;;;;;;;;;;;;x;
jap_xxxvii_corps;37 Homengun HQ;;;;;;;;;;;;x;
jap_xxxviii_corps;Indoshina Chutongun;;;;;;;;;;;;x;
jap_xxxix_corps;39 Homengun HQ;;;;;;;;;;;;x;
jap_xl_corps;40 Homengun HQ;;;;;;;;;;;;x;
jap_xli_corps;41 Homengun HQ;;;;;;;;;;;;x;
jap_xlii_corps;42 Homengun HQ;;;;;;;;;;;;x;
jap_xliii_corps;43 Homengun HQ;;;;;;;;;;;;x;
jap_xliv_corps;Kanto Boei Gun;;;;;;;;;;;;x;
jap_xlv_corps;45 Homengun HQ;;;;;;;;;;;;x;
jap_xlvi_corps;46 Homengun HQ;;;;;;;;;;;;x;
jap_xlvii_corps;47 Homengun HQ;;;;;;;;;;;;x;
jap_xlviii_corps;48 Homengun HQ;;;;;;;;;;;;x;
jap_xlix_corps;49 Homengun HQ;;;;;;;;;;;;x;
jap_l_corps;50 Homengun HQ;;;;;;;;;;;;x;
jap_li_corps;51 Homengun HQ;;;;;;;;;;;;x;
jap_lii_corps;52 Homengun HQ;;;;;;;;;;;;x;
jap_liii_corps;53 Homengun HQ;;;;;;;;;;;;x;
jap_liv_corps;54 Homengun HQ;;;;;;;;;;;;x;
jap_lv_corps;55 Homengun HQ;;;;;;;;;;;;x;
jap_lvi_corps;56 Homengun HQ;;;;;;;;;;;;x;
jap_lvii_corps;57 Homengun HQ;;;;;;;;;;;;x;
jap_lviii_corps;58 Homengun HQ;;;;;;;;;;;;x;
jap_lix_corps;59 Homengun HQ;;;;;;;;;;;;x;
jap_i_corps_short;1 Homengun HQ;;;;;;;;;;;;x;
jap_ii_corps_short;2 Homengun HQ;;;;;;;;;;;;x;
jap_iii_corps_short;3 Homengun HQ;;;;;;;;;;;;x;
jap_iv_corps_short;4 Homengun HQ;;;;;;;;;;;;x;
jap_v_corps_short;5 Homengun HQ;;;;;;;;;;;;x;
jap_vi_corps_short;6 Homengun HQ;;;;;;;;;;;;x;
jap_vii_corps_short;7 Homengun HQ;;;;;;;;;;;;x;
jap_viii_corps_short;8 Homengun HQ;;;;;;;;;;;;x;
jap_ix_corps_short;9 Homengun HQ;;;;;;;;;;;;x;
jap_x_corps_short;10 Homengun HQ;;;;;;;;;;;;x;
jap_xi_corps_short;11 Homengun HQ;;;;;;;;;;;;x;
jap_xii_corps_short;12 Homengun HQ;;;;;;;;;;;;x;
jap_xiii_corps_short;13 Homengun HQ;;;;;;;;;;;;x;
jap_xiv_corps_short;14 Homengun HQ;;;;;;;;;;;;x;
jap_xv_corps_short;15 Homengun HQ;;;;;;;;;;;;x;
jap_xvi_corps_short;16 Homengun HQ;;;;;;;;;;;;x;
jap_xvii_corps_short;17 Homengun HQ;;;;;;;;;;;;x;
jap_xviii_corps_short;18 Homengun HQ;;;;;;;;;;;;x;
jap_xix_corps_short;19 Homengun HQ;;;;;;;;;;;;x;
jap_xx_corps_short;20 Homengun HQ;;;;;;;;;;;;x;
jap_xxi_corps_short;21 Homengun HQ;;;;;;;;;;;;x;
jap_xxii_corps_short;22 Homengun HQ;;;;;;;;;;;;x;
jap_xxiii_corps_short;23 Homengun HQ;;;;;;;;;;;;x;
jap_xxiv_corps_short;24 Homengun HQ;;;;;;;;;;;;x;
jap_xxv_corps_short;25 Homengun HQ;;;;;;;;;;;;x;
jap_xxvi_corps_short;26 Homengun HQ;;;;;;;;;;;;x;
jap_xxvii_corps_short;27 Homengun HQ;;;;;;;;;;;;x;
jap_xxviii_corps_short;28 Homengun HQ;;;;;;;;;;;;x;
jap_xxix_corps_short;29 Homengun HQ;;;;;;;;;;;;x;
jap_xxx_corps_short;30 Homengun HQ;;;;;;;;;;;;x;
jap_xxxi_corps_short;31 Homengun HQ;;;;;;;;;;;;x;
jap_xxxii_corps_short;32 Homengun HQ;;;;;;;;;;;;x;
jap_xxxiii_corps_short;33 Homengun HQ;;;;;;;;;;;;x;
jap_xxxiv_corps_short;34 Homengun HQ;;;;;;;;;;;;x;
jap_xxxv_corps_short;35 Homengun HQ;;;;;;;;;;;;x;
jap_xxxvi_corps_short;36 Homengun HQ;;;;;;;;;;;;x;
jap_xxxvii_corps_short;37 Homengun HQ;;;;;;;;;;;;x;
jap_xxxviii_corps_short;Indoshina Chutongun;;;;;;;;;;;;x;
jap_xxxix_corps_short;39 Homengun HQ;;;;;;;;;;;;x;
jap_xl_corps_short;40 Homengun HQ;;;;;;;;;;;;x;
jap_xli_corps_short;41 Homengun HQ;;;;;;;;;;;;x;
jap_xlii_corps_short;42 Homengun HQ;;;;;;;;;;;;x;
jap_xliii_corps_short;43 Homengun HQ;;;;;;;;;;;;x;
jap_xliv_corps_short;Kanto Boei Gun;;;;;;;;;;;;x;
jap_xlv_corps_short;45 Homengun HQ;;;;;;;;;;;;x;
jap_xlvi_corps_short;46 Homengun HQ;;;;;;;;;;;;x;
jap_xlvii_corps_short;47 Homengun HQ;;;;;;;;;;;;x;
jap_xlviii_corps_short;48 Homengun HQ;;;;;;;;;;;;x;
jap_xlix_corps_short;49 Homengun HQ;;;;;;;;;;;;x;
jap_l_corps_short;50 Homengun HQ;;;;;;;;;;;;x;
jap_li_corps_short;51 Homengun HQ;;;;;;;;;;;;x;
jap_lii_corps_short;52 Homengun HQ;;;;;;;;;;;;x;
jap_liii_corps_short;53 Homengun HQ;;;;;;;;;;;;x;
jap_liv_corps_short;54 Homengun HQ;;;;;;;;;;;;x;
jap_lv_corps_short;55 Homengun HQ;;;;;;;;;;;;x;
jap_lvi_corps_short;56 Homengun HQ;;;;;;;;;;;;x;
jap_lvii_corps_short;57 Homengun HQ;;;;;;;;;;;;x;
jap_lviii_corps_short;58 Homengun HQ;;;;;;;;;;;;x;
jap_lix_corps_short;59 Homengun HQ;;;;;;;;;;;;x;
### Japanese Area Armies (Armies) #;;;;;;;;;;;;;;x
jap_first_area_army;1 Area Army HQ;;;;;;;;;;;;x;
jap_second_area_army;2 Area Army HQ;;;;;;;;;;;;x;
jap_third_area_army;3 Area Army HQ;;;;;;;;;;;;x;
jap_fourth_area_army;4 Area Army HQ;;;;;;;;;;;;x;
jap_fifth_area_army;5 Area Army HQ;;;;;;;;;;;;x;
jap_sixth_area_army;6 Area Army HQ;;;;;;;;;;;;x;
jap_seventh_area_army;7 Area Army HQ;;;;;;;;;;;;x;
jap_eighth_area_army;8 Area Army HQ;;;;;;;;;;;;x;
jap_ninth_area_army;9 Area Army HQ;;;;;;;;;;;;x;
jap_tenth_area_army;10 Area Army HQ;;;;;;;;;;;;x;
jap_eleventh_area_army;11 Area Army HQ;;;;;;;;;;;;x;
jap_twelfth_area_army;12 Area Army HQ;;;;;;;;;;;;x;
jap_thirteenth_area_army;13 Area Army HQ;;;;;;;;;;;;x;
jap_fourteenth_area_army;14 Area Army HQ;;;;;;;;;;;;x;
jap_fifteenth_area_army;15 Area Army HQ;;;;;;;;;;;;x;
jap_sixteenth_area_army;16 Area Army HQ;;;;;;;;;;;;x;
jap_seventeenth_area_army;17 Area Army HQ;;;;;;;;;;;;x;
jap_eighteenth_area_army;Tai-koku Chutongun Shirebu;;;;;;;;;;;;x;
jap_first_area_army_short;1 Area Army HQ;;;;;;;;;;;;x;
jap_second_area_army_short;2 Area Army HQ;;;;;;;;;;;;x;
jap_third_area_army_short;3 Area Army HQ;;;;;;;;;;;;x;
jap_fourth_area_army_short;4 Area Army HQ;;;;;;;;;;;;x;
jap_fifth_area_army_short;5 Area Army HQ;;;;;;;;;;;;x;
jap_sixth_area_army_short;6 Area Army HQ;;;;;;;;;;;;x;
jap_seventh_area_army_short;7 Area Army HQ;;;;;;;;;;;;x;
jap_eighth_area_army_short;8 Area Army HQ;;;;;;;;;;;;x;
jap_ninth_area_army_short;9 Area Army HQ;;;;;;;;;;;;x;
jap_tenth_area_army_short;10 Area Army HQ;;;;;;;;;;;;x;
jap_eleventh_area_army_short;11 Area Army HQ;;;;;;;;;;;;x;
jap_twelfth_area_army_short;12 Area Army HQ;;;;;;;;;;;;x;
jap_thirteenth_area_army_short;13 Area Army HQ;;;;;;;;;;;;x;
jap_fourteenth_area_army_short;14 Area Army HQ;;;;;;;;;;;;x;
jap_fifteenth_area_army_short;15 Area Army HQ;;;;;;;;;;;;x;
jap_sixteenth_area_army_short;16 Area Army HQ;;;;;;;;;;;;x;
jap_seventeenth_area_army_short;17 Area Army HQ;;;;;;;;;;;;x;
jap_eighteenth_area_army_short;Tai-koku Chutongun Shirebu;;;;;;;;;;;;x;
jap_central_china_area_army;Naka Shina HQ;;;;;;;;;;;;x;
jap_central_china_area_army_short;Naka Shina HQ;;;;;;;;;;;;x;
jap_south_china_area_army;Minami Shina HQ;;;;;;;;;;;;x;
jap_south_china_area_army_short;Minami Shina HQ;;;;;;;;;;;;x;
jap_north_china_area_army;Kita Shina HQ;;;;;;;;;;;;x;
jap_north_china_area_army_short;Kita Shina HQ;;;;;;;;;;;;x;
jap_burma_area_army;Biruma HQ;;;;;;;;;;;;x;
jap_burma_area_army_short;Biruma HQ;;;;;;;;;;;;x;
jap_fourteenth_army;14 Army HQ;;;;;;;;;;;;x;
jap_fourteenth_army_short;14 Army HQ;;;;;;;;;;;;x;
jap_sixth_army;6 Army HQ;;;;;;;;;;;;x;
jap_sixth_army_short;6 Army HQ;;;;;;;;;;;;x;
### Japanese Army Groups #;;;;;;;;;;;;;;x
jap_gdc_army_group;Boei Soshireibu;;;;;;;;;;;;x;
jap_gdc_army_group_short;Boei Soshireibu Gun;;;;;;;;;;;;x;
jap_south_pacific_army_group;Minami-Taiheiyo Gun;;;;;;;;;;;;x;
jap_south_pacific_army_group_short;Minami-Taiheiyo Gun;;;;;;;;;;;;x;
jap_kanto_army_group;Kanto Gun;;;;;;;;;;;;x;
jap_kanto_army_group_short;Kanto Gun;;;;;;;;;;;;x;
jap_southern_exp_army_group;Nanpo Gun;;;;;;;;;;;;x;
jap_southern_exp_army_group_short;Nanpo Gun;;;;;;;;;;;;x;
jap_airforce_army_group;Dai-Nippon Teikoku Rikugun Kokubutai Gun;;;;;;;;;;;;x;
jap_airforce_army_group_short;Dai-Nippon Teikoku Rikugun Kokubutai Gun;;;;;;;;;;;;x;
jap_inspectorate_general_aviation;Kogun Koku Sokambu;;;;;;;;;;;;x;
jap_inspectorate_general_aviation_short;KKS;;;;;;;;;;;;x;
### Japanese Theatres #;;;;;;;;;;;;;;x
jap_daihonei_theatre;Daihon'ei;;;;;;;;;;;;x;
jap_daihonei_theatre_short;Daihon'ei;;;;;;;;;;;;x;
jap_kanto_theatre;Kwantung HQ;;;;;;;;;;;;x;
jap_kanto_theatre_short;Kwantung HQ;;;;;;;;;;;;x;
### Infantry Divisions #;;;;;;;;;;;;;;x
jap_first_id;1 Shidan HQ;;;;;;;;;;;;x;
jap_second_id;2 Shidan HQ;;;;;;;;;;;;x;
jap_third_id;3 Shidan HQ;;;;;;;;;;;;x;
jap_fourth_id;4 Shidan HQ;;;;;;;;;;;;x;
jap_fifth_id;5 Shidan HQ;;;;;;;;;;;;x;
jap_sixth_id;6 Shidan HQ;;;;;;;;;;;;x;
jap_seventh_id;7 Shidan HQ;;;;;;;;;;;;x;
jap_eighth_id;8 Shidan HQ;;;;;;;;;;;;x;
jap_ninth_id;9 Shidan HQ;;;;;;;;;;;;x;
jap_tenth_id;10 Shidan HQ;;;;;;;;;;;;x;
jap_eleventh_id;11 Shidan HQ;;;;;;;;;;;;x;
jap_twelfth_id;12 Shidan HQ;;;;;;;;;;;;x;
jap_thirteenth_id;13 Shidan HQ;;;;;;;;;;;;x;
jap_fourteenth_id;14 Shidan HQ;;;;;;;;;;;;x;
jap_fifteenth_id;15 Shidan HQ;;;;;;;;;;;;x;
jap_sixteenth_id;16 Shidan HQ;;;;;;;;;;;;x;
jap_seventeenth_id;17 Shidan HQ;;;;;;;;;;;;x;
jap_eighteenth_id;18 Shidan HQ;;;;;;;;;;;;x;
jap_nineteenth_id;19 Shidan HQ;;;;;;;;;;;;x;
jap_twentieth_id;20 Shidan HQ;;;;;;;;;;;;x;
jap_twentyfirst_id;21 Shidan HQ;;;;;;;;;;;;x;
jap_twentysecond_id;22 Shidan HQ;;;;;;;;;;;;x;
jap_twentythird_id;23 Shidan HQ;;;;;;;;;;;;x;
jap_twentyfourth_id;24 Shidan HQ;;;;;;;;;;;;x;
jap_twentyfifth_id;25 Shidan HQ;;;;;;;;;;;;x;
jap_twentysixth_id;26 Shidan HQ;;;;;;;;;;;;x;
jap_twentyeighth_id;28 Shidan HQ;;;;;;;;;;;;x;
jap_thirtyfirst_id;31 Shidan HQ;;;;;;;;;;;;x;
jap_thirtysecond_id;32 Shidan HQ;;;;;;;;;;;;x;
jap_thirtythird_id;33 Shidan HQ;;;;;;;;;;;;x;
jap_thirtyfourth_id;34 Shidan HQ;;;;;;;;;;;;x;
jap_thirtyfifth_id;35 Shidan HQ;;;;;;;;;;;;x;
jap_thirtysixth_id;36 Shidan HQ;;;;;;;;;;;;x;
jap_thirtyseventh_id;37 Shidan HQ;;;;;;;;;;;;x;
jap_thirtyeighth_id;38 Shidan HQ;;;;;;;;;;;;x;
jap_thirtyninth_id;39 Shidan HQ;;;;;;;;;;;;x;
jap_fortieth_id;40 Shidan HQ;;;;;;;;;;;;x;
jap_fortyfirst_id;41 Shidan HQ;;;;;;;;;;;;x;
jap_fortysecond_id;42 Shidan HQ;;;;;;;;;;;;x;
jap_fortythird_id;43 Shidan HQ;;;;;;;;;;;;x;
jap_fortyfourth_id;44 Shidan HQ;;;;;;;;;;;;x;
jap_fortyfifth_id;45 Shidan HQ;;;;;;;;;;;;x;
jap_fortysixth_id;46 Shidan HQ;;;;;;;;;;;;x;
jap_fortyseventh_id;47 Shidan HQ;;;;;;;;;;;;x;
jap_fortyeighth_id;48 Shidan HQ;;;;;;;;;;;;x;
jap_fortyninth_id;49 Shidan HQ;;;;;;;;;;;;x;
jap_fiftieth_id;50 Shidan HQ;;;;;;;;;;;;x;
jap_fiftyfirst_id;51 Shidan HQ;;;;;;;;;;;;x;
jap_fiftysecond_id;52 Shidan HQ;;;;;;;;;;;;x;
jap_fiftythird_id;53 Shidan HQ;;;;;;;;;;;;x;
jap_fiftyfourth_id;54 Shidan HQ;;;;;;;;;;;;x;
jap_fiftyfifth_id;55 Shidan HQ;;;;;;;;;;;;x;
jap_fiftysixth_id;56 Shidan HQ;;;;;;;;;;;;x;
jap_fiftyseventh_id;57 Shidan HQ;;;;;;;;;;;;x;
jap_fiftyeighth_id;58 Shidan HQ;;;;;;;;;;;;x;
jap_fiftyninth_id;59 Shidan HQ;;;;;;;;;;;;x;
jap_sixtieth_id;60 Shidan HQ;;;;;;;;;;;;x;
jap_twohundredfirst_id;201 Shidan HQ;;;;;;;;;;;;x;
jap_twohundredsecond_id;202 Shidan HQ;;;;;;;;;;;;x;
jap_first_id_short;1 Shidan HQ;;;;;;;;;;;;x;
jap_second_id_short;2 Shidan HQ;;;;;;;;;;;;x;
jap_third_id_short;3 Shidan HQ;;;;;;;;;;;;x;
jap_fourth_id_short;4 Shidan HQ;;;;;;;;;;;;x;
jap_fifth_id_short;5 Shidan HQ;;;;;;;;;;;;x;
jap_sixth_id_short;6 Shidan HQ;;;;;;;;;;;;x;
jap_seventh_id_short;7 Shidan HQ;;;;;;;;;;;;x;
jap_eighth_id_short;8 Shidan HQ;;;;;;;;;;;;x;
jap_ninth_id_short;9 Shidan HQ;;;;;;;;;;;;x;
jap_tenth_id_short;10 Shidan HQ;;;;;;;;;;;;x;
jap_eleventh_id_short;11 Shidan HQ;;;;;;;;;;;;x;
jap_twelfth_id_short;12 Shidan HQ;;;;;;;;;;;;x;
jap_thirteenth_id_short;13 Shidan HQ;;;;;;;;;;;;x;
jap_fourteenth_id_short;14 Shidan HQ;;;;;;;;;;;;x;
jap_fifteenth_id_short;15 Shidan HQ;;;;;;;;;;;;x;
jap_sixteenth_id_short;16 Shidan HQ;;;;;;;;;;;;x;
jap_seventeenth_id_short;17 Shidan HQ;;;;;;;;;;;;x;
jap_eighteenth_id_short;18 Shidan HQ;;;;;;;;;;;;x;
jap_nineteenth_id_short;19 Shidan HQ;;;;;;;;;;;;x;
jap_twentieth_id_short;20 Shidan HQ;;;;;;;;;;;;x;
jap_twentyfirst_id_short;21 Shidan HQ;;;;;;;;;;;;x;
jap_twentysecond_id_short;22 Shidan HQ;;;;;;;;;;;;x;
jap_twentythird_id_short;23 Shidan HQ;;;;;;;;;;;;x;
jap_twentyfourth_id_short;24 Shidan HQ;;;;;;;;;;;;x;
jap_twentyfifth_id_short;25 Shidan HQ;;;;;;;;;;;;x;
jap_twentysixth_id_short;26 Shidan HQ;;;;;;;;;;;;x;
jap_twentyeighth_id_short;28 Shidan HQ;;;;;;;;;;;;x;
jap_thirtyfirst_id_short;31 Shidan HQ;;;;;;;;;;;;x;
jap_thirtysecond_id_short;32 Shidan HQ;;;;;;;;;;;;x;
jap_thirtythird_id_short;33 Shidan HQ;;;;;;;;;;;;x;
jap_thirtyfourth_id_short;34 Shidan HQ;;;;;;;;;;;;x;
jap_thirtyfifth_id_short;35 Shidan HQ;;;;;;;;;;;;x;
jap_thirtysixth_id_short;36 Shidan HQ;;;;;;;;;;;;x;
jap_thirtyseventh_id_short;37 Shidan HQ;;;;;;;;;;;;x;
jap_thirtyeighth_id_short;38 Shidan HQ;;;;;;;;;;;;x;
jap_thirtyninth_id_short;39 Shidan HQ;;;;;;;;;;;;x;
jap_fortieth_id_short;40 Shidan HQ;;;;;;;;;;;;x;
jap_fortyfirst_id_short;41 Shidan HQ;;;;;;;;;;;;x;
jap_fortysecond_id_short;42 Shidan HQ;;;;;;;;;;;;x;
jap_fortythird_id_short;43 Shidan HQ;;;;;;;;;;;;x;
jap_fortyfourth_id_short;44 Shidan HQ;;;;;;;;;;;;x;
jap_fortyfifth_id_short;45 Shidan HQ;;;;;;;;;;;;x;
jap_fortysixth_id_short;46 Shidan HQ;;;;;;;;;;;;x;
jap_fortyseventh_id_short;47 Shidan HQ;;;;;;;;;;;;x;
jap_fortyeighth_id_short;48 Shidan HQ;;;;;;;;;;;;x;
jap_fortyninth_id_short;49 Shidan HQ;;;;;;;;;;;;x;
jap_fiftieth_id_short;50 Shidan HQ;;;;;;;;;;;;x;
jap_fiftyfirst_id_short;51 Shidan HQ;;;;;;;;;;;;x;
jap_fiftysecond_id_short;52 Shidan HQ;;;;;;;;;;;;x;
jap_fiftythird_id_short;53 Shidan HQ;;;;;;;;;;;;x;
jap_fiftyfourth_id_short;54 Shidan HQ;;;;;;;;;;;;x;
jap_fiftyfifth_id_short;55 Shidan HQ;;;;;;;;;;;;x;
jap_fiftysixth_id_short;56 Shidan HQ;;;;;;;;;;;;x;
jap_fiftyseventh_id_short;57 Shidan HQ;;;;;;;;;;;;x;
jap_fiftyeighth_id_short;58 Shidan HQ;;;;;;;;;;;;x;
jap_fiftyninth_id_short;59 Shidan HQ;;;;;;;;;;;;x;
jap_sixtieth_id_short;60 Shidan HQ;;;;;;;;;;;;x;
jap_twohundredfirst_id_short;201 Shidan HQ;;;;;;;;;;;;x;
jap_twohundredsecond_id_short;202 Shidan HQ;;;;;;;;;;;;x;
### Armor HQs  #;;;;;;;;;;;;;x
jap_first_armored;Sensha Dai 1 Shidan HQ;;;;;;;;;;;;x;
jap_second_armored;Sensha Dai 2 Shidan HQ;;;;;;;;;;;;x;
jap_third_armored;Sensha Dai 3 Shidan HQ;;;;;;;;;;;;x;
jap_fourth_armored;Sensha Dai 4 Shidan HQ;;;;;;;;;;;;x;
jap_first_armored_short;1 ARM HQ;;;;;;;;;;;;x;
jap_second_armored_short;2 ARM HQ;;;;;;;;;;;;x;
jap_third_armored_short;3 ARM HQ;;;;;;;;;;;;x;
jap_fourth_armored_short;4 ARM HQ;;;;;;;;;;;;x;
### SNLF #;;;;;;;;;;;;;;x
jap_snlf_yokosuka;SNLF Yokosuka;;;;;;;;;;;;x;
jap_snlf_maizuru;SNLF Maizuru;;;;;;;;;;;;x;
jap_snlf_sasebo;SNLF Sasebo;;;;;;;;;;;;x;
jap_snlf_kure;SNLF Kure;;;;;;;;;;;;x;
jap_snlf_ryojun;SNLF Ryojun;;;;;;;;;;;;x;
jap_snlf_yokosuka_short;S-Yoko;;;;;;;;;;;;x;
jap_snlf_maizuru_short;S-Mai;;;;;;;;;;;;x;
jap_snlf_sasebo_short;S-Sase;;;;;;;;;;;;x;
jap_snlf_kure_short;S-Kure;;;;;;;;;;;;x;
jap_snlf_ryojun_short;S-Ryo;;;;;;;;;;;;x;
### Kampfgruppen/Airborne Kampfgruppen #;;;;;;;;;;;;;;x
jap_ohmura_detachment;Ohmura Detachment HQ;;;;;;;;;;;;x;
jap_ohmura_detachment_short;Ohmura HQ;;;;;;;;;;;;x;
jap_kaoru_detachment;Kaoru Detachment HQ;;;;;;;;;;;;x;
jap_kaoru_detachment_short;Kaoru HQ;;;;;;;;;;;;x;
jap_takachiho_detachment;Takachiho Detachment HQ;;;;;;;;;;;;x;
jap_takachiho_detachment_short;T'Chiho HQ;;;;;;;;;;;;x;
### Standard HQs #;;;;;;;;;;;;;x
JAP_division_hq_standard_0;IJA Division HQ ;;;;;;;;;;;;;x
JAP_division_hq_veteran_0;Veteran IJA Division HQ ;;;;;;;;;;;;;x
JAP_division_hq_elite_0;Elite IJA Division HQ ;;;;;;;;;;;;;x
##################### Unit Models ####;;;;;;;;;;;;;x
##################### Militia #;;;;;;;;;;;;;x
JAP_militia_brigade_0;Kokumin Giyutai Sentai '30;;;;;;;;;;;;x
JAP_militia_brigade_1;Kokumin Giyutai Sentai '34;;;;;;;;;;;;x
JAP_militia_brigade_2;Kokumin Giyutai Sentai '36;;;;;;;;;;;;x
JAP_militia_brigade_3;Kokumin Giyutai Sentai '38;;;;;;;;;;;;x
JAP_militia_brigade_4;Kokumin Giyutai Sentai '40;;;;;;;;;;;;x
JAP_militia_brigade_5;Kokumin Giyutai Sentai '42;;;;;;;;;;;;x
JAP_militia_brigade_6;Kokumin Giyutai Sentai '44;;;;;;;;;;;;x
JAP_militia_brigade_7;Kokumin Giyutai Sentai '46;;;;;;;;;;;;x
JAP_militia_brigade_8;Kokumin Giyutai Sentai '48;;;;;;;;;;;;x
JAP_militia_brigade_9;Kokumin Giyutai Sentai '50;;;;;;;;;;;;x
JAP_militia_brigade_10;Kokumin Giyutai Sentai '52;;;;;;;;;;;;x
JAP_militia_brigade_11;Kokumin Giyutai Sentai '54;;;;;;;;;;;;x
JAP_militia_brigade_12;Kokumin Giyutai Sentai '56;;;;;;;;;;;;x
JAP_militia_brigade_13;Kokumin Giyutai Sentai '58;;;;;;;;;;;;x
JAP_militia_brigade_14;Kokumin Giyutai Sentai '60;;;;;;;;;;;;x
##################### Fascist Militia #;;;;;;;;;;;;;x
JAP_fascist_militia_brigade_0;Kokumin Giyutai Sentai '30;;;;;;;;;;;;x
JAP_fascist_militia_brigade_1;Kokumin Giyutai Sentai '34;;;;;;;;;;;;x
JAP_fascist_militia_brigade_2;Kokumin Giyutai Sentai '36;;;;;;;;;;;;x
JAP_fascist_militia_brigade_3;Kokumin Giyutai Sentai '38;;;;;;;;;;;;x
JAP_fascist_militia_brigade_4;Kokumin Giyutai Sentai '40;;;;;;;;;;;;x
JAP_fascist_militia_brigade_5;Kokumin Giyutai Sentai '42;;;;;;;;;;;;x
JAP_fascist_militia_brigade_6;Kokumin Giyutai Sentai '44;;;;;;;;;;;;x
JAP_fascist_militia_brigade_7;Kokumin Giyutai Sentai '46;;;;;;;;;;;;x
JAP_fascist_militia_brigade_8;Kokumin Giyutai Sentai '48;;;;;;;;;;;;x
JAP_fascist_militia_brigade_9;Kokumin Giyutai Sentai '50;;;;;;;;;;;;x
JAP_fascist_militia_brigade_10;Kokumin Giyutai Sentai '52;;;;;;;;;;;;x
JAP_fascist_militia_brigade_11;Kokumin Giyutai Sentai '54;;;;;;;;;;;;x
JAP_fascist_militia_brigade_12;Kokumin Giyutai Sentai '56;;;;;;;;;;;;x
JAP_fascist_militia_brigade_13;Kokumin Giyutai Sentai '58;;;;;;;;;;;;x
JAP_fascist_militia_brigade_14;Kokumin Giyutai Sentai '60;;;;;;;;;;;;x
##################### Military Police #;;;;;;;;;;;;;x
JAP_police_brigade_0;Kenpeitai '30;;;;;;;;;;;;x
JAP_police_brigade_1;Kenpeitai '34;;;;;;;;;;;;x
JAP_police_brigade_2;Kenpeitai '36;;;;;;;;;;;;x
JAP_police_brigade_3;Kenpeitai '38;;;;;;;;;;;;x
JAP_police_brigade_4;Kenpeitai '40;;;;;;;;;;;;x
JAP_police_brigade_5;Kenpeitai '42;;;;;;;;;;;;x
JAP_police_brigade_6;Kenpeitai '44;;;;;;;;;;;;x
JAP_police_brigade_7;Kenpeitai '46;;;;;;;;;;;;x
JAP_police_brigade_8;Kenpeitai '48;;;;;;;;;;;;x
JAP_police_brigade_9;Kenpeitai '50;;;;;;;;;;;;x
JAP_police_brigade_10;Kenpeitai '52;;;;;;;;;;;;x
JAP_police_brigade_11;Kenpeitai '54;;;;;;;;;;;;x
JAP_police_brigade_12;Kenpeitai '56;;;;;;;;;;;;x
JAP_police_brigade_13;Kenpeitai '58;;;;;;;;;;;;x
JAP_police_brigade_14;Kenpeitai '60;;;;;;;;;;;;x
##################### HQDEF brigade #;;;;;;;;;;;;;x
JAP_HQDEF_brigade_0;Boei Soshireibu '30;;;;;;;;;;;;x
JAP_HQDEF_brigade_1;Boei Soshireibu '34;;;;;;;;;;;;x
JAP_HQDEF_brigade_2;Boei Soshireibu '36;;;;;;;;;;;;x
JAP_HQDEF_brigade_3;Boei Soshireibu '38;;;;;;;;;;;;x
JAP_HQDEF_brigade_4;Boei Soshireibu '40;;;;;;;;;;;;x
JAP_HQDEF_brigade_5;Boei Soshireibu '42;;;;;;;;;;;;x
JAP_HQDEF_brigade_6;Boei Soshireibu '44;;;;;;;;;;;;x
JAP_HQDEF_brigade_7;Boei Soshireibu '46;;;;;;;;;;;;x
JAP_HQDEF_brigade_8;Boei Soshireibu '48;;;;;;;;;;;;x
JAP_HQDEF_brigade_9;Boei Soshireibu '50;;;;;;;;;;;;x
JAP_HQDEF_brigade_10;Boei Soshireibu '52;;;;;;;;;;;;x
JAP_HQDEF_brigade_11;Boei Soshireibu '54;;;;;;;;;;;;x
JAP_HQDEF_brigade_12;Boei Soshireibu '56;;;;;;;;;;;;x
JAP_HQDEF_brigade_13;Boei Soshireibu '58;;;;;;;;;;;;x
JAP_HQDEF_brigade_14;Boei Soshireibu '60;;;;;;;;;;;;x
##################### Cavalry #;;;;;;;;;;;;;x
JAP_cavalry_brigade_0;Kihei '30;;;;;;;;;;;;x
JAP_cavalry_brigade_1;Kihei '34;;;;;;;;;;;;x
JAP_cavalry_brigade_2;Kihei '36;;;;;;;;;;;;x
JAP_cavalry_brigade_3;Kihei '38;;;;;;;;;;;;x
JAP_cavalry_brigade_4;Kihei '40;;;;;;;;;;;;x
JAP_cavalry_brigade_5;Kihei '42;;;;;;;;;;;;x
JAP_cavalry_brigade_6;Kihei '44;;;;;;;;;;;;x
JAP_cavalry_brigade_7;Kihei '46;;;;;;;;;;;;x
JAP_cavalry_brigade_8;Kihei '48;;;;;;;;;;;;x
JAP_cavalry_brigade_9;Kihei '50;;;;;;;;;;;;x
JAP_cavalry_brigade_10;Kihei '52;;;;;;;;;;;;x
JAP_cavalry_brigade_11;Kihei '54;;;;;;;;;;;;x
JAP_cavalry_brigade_12;Kihei '56;;;;;;;;;;;;x
JAP_cavalry_brigade_13;Kihei '58;;;;;;;;;;;;x
JAP_cavalry_brigade_14;Kihei '60;;;;;;;;;;;;x
##################### Infantry #;;;;;;;;;;;;;x
JAP_infantry_brigade_0;Hohei '30;;;;;;;;;;;;x
JAP_infantry_brigade_1;Hohei '34;;;;;;;;;;;;x
JAP_infantry_brigade_2;Hohei '36;;;;;;;;;;;;x
JAP_infantry_brigade_3;Hohei '38;;;;;;;;;;;;x
JAP_infantry_brigade_4;Hohei '40;;;;;;;;;;;;x
JAP_infantry_brigade_5;Hohei '42;;;;;;;;;;;;x
JAP_infantry_brigade_6;Hohei '44;;;;;;;;;;;;x
JAP_infantry_brigade_7;Hohei '46;;;;;;;;;;;;x
JAP_infantry_brigade_8;Hohei '48;;;;;;;;;;;;x
JAP_infantry_brigade_9;Hohei '50;;;;;;;;;;;;x
JAP_infantry_brigade_10;Hohei '52;;;;;;;;;;;;x
JAP_infantry_brigade_11;Hohei '54;;;;;;;;;;;;x
JAP_infantry_brigade_12;Hohei '56;;;;;;;;;;;;x
JAP_infantry_brigade_13;Hohei '58;;;;;;;;;;;;x
JAP_infantry_brigade_14;Hohei '60;;;;;;;;;;;;x
##################### Infantry Bat #;;;;;;;;;;;;;x
JAP_infantry_bat_0;Hohei '30;;;;;;;;;;;;x
JAP_infantry_bat_1;Hohei '34;;;;;;;;;;;;x
JAP_infantry_bat_2;Hohei '36;;;;;;;;;;;;x
JAP_infantry_bat_3;Hohei '38;;;;;;;;;;;;x
JAP_infantry_bat_4;Hohei '40;;;;;;;;;;;;x
JAP_infantry_bat_5;Hohei '42;;;;;;;;;;;;x
JAP_infantry_bat_6;Hohei '44;;;;;;;;;;;;x
JAP_infantry_bat_7;Hohei '46;;;;;;;;;;;;x
JAP_infantry_bat_8;Hohei '48;;;;;;;;;;;;x
JAP_infantry_bat_9;Hohei '50;;;;;;;;;;;;x
JAP_infantry_bat_10;Hohei '52;;;;;;;;;;;;x
JAP_infantry_bat_11;Hohei '54;;;;;;;;;;;;x
JAP_infantry_bat_12;Hohei '56;;;;;;;;;;;;x
JAP_infantry_bat_13;Hohei '58;;;;;;;;;;;;x
JAP_infantry_bat_14;Hohei '60;;;;;;;;;;;;x
##################### Semi-Motorized Infantry #;;;;;;;;;;;;;x
JAP_semi_motorized_brigade_0;Hohei '30;;;;;;;;;;;;x
JAP_semi_motorized_brigade_1;Hohei '34;;;;;;;;;;;;x
JAP_semi_motorized_brigade_2;Hohei '36;;;;;;;;;;;;x
JAP_semi_motorized_brigade_3;Hohei '38;;;;;;;;;;;;x
JAP_semi_motorized_brigade_4;Hohei '40;;;;;;;;;;;;x
JAP_semi_motorized_brigade_5;Hohei '42;;;;;;;;;;;;x
JAP_semi_motorized_brigade_6;Hohei '44;;;;;;;;;;;;x
JAP_semi_motorized_brigade_7;Hohei '46;;;;;;;;;;;;x
JAP_semi_motorized_brigade_8;Hohei '48;;;;;;;;;;;;x
JAP_semi_motorized_brigade_9;Hohei '50;;;;;;;;;;;;x
JAP_semi_motorized_brigade_10;Hohei '52;;;;;;;;;;;;x
JAP_semi_motorized_brigade_11;Hohei '54;;;;;;;;;;;;x
JAP_semi_motorized_brigade_12;Hohei '56;;;;;;;;;;;;x
JAP_semi_motorized_brigade_13;Hohei '58;;;;;;;;;;;;x
JAP_semi_motorized_brigade_14;Hohei '60;;;;;;;;;;;;x
##################### Motorized Infantry #;;;;;;;;;;;;;x
JAP_motorized_brigade_0;Jidosha Hohei '30;;;;;;;;;;;;x
JAP_motorized_brigade_1;Jidosha Hohei '34;;;;;;;;;;;;x
JAP_motorized_brigade_2;Jidosha Hohei '36;;;;;;;;;;;;x
JAP_motorized_brigade_3;Jidosha Hohei '38;;;;;;;;;;;;x
JAP_motorized_brigade_4;Jidosha Hohei '40;;;;;;;;;;;;x
JAP_motorized_brigade_5;Jidosha Hohei '42;;;;;;;;;;;;x
JAP_motorized_brigade_6;Jidosha Hohei '44;;;;;;;;;;;;x
JAP_motorized_brigade_7;Jidosha Hohei '46;;;;;;;;;;;;x
JAP_motorized_brigade_8;Jidosha Hohei '48;;;;;;;;;;;;x
JAP_motorized_brigade_9;Jidosha Hohei '50;;;;;;;;;;;;x
JAP_motorized_brigade_10;Jidosha Hohei '52;;;;;;;;;;;;x
JAP_motorized_brigade_11;Jidosha Hohei '54;;;;;;;;;;;;x
JAP_motorized_brigade_12;Jidosha Hohei '56;;;;;;;;;;;;x
JAP_motorized_brigade_13;Jidosha Hohei '58;;;;;;;;;;;;x
JAP_motorized_brigade_14;Jidosha Hohei '60;;;;;;;;;;;;x
##################### Motorized Infantry Bat #;;;;;;;;;;;;;x
JAP_motorized_infantry_bat_0;Jidosha Hohei '30;;;;;;;;;;;;x
JAP_motorized_infantry_bat_1;Jidosha Hohei '34;;;;;;;;;;;;x
JAP_motorized_infantry_bat_2;Jidosha Hohei '36;;;;;;;;;;;;x
JAP_motorized_infantry_bat_3;Jidosha Hohei '38;;;;;;;;;;;;x
JAP_motorized_infantry_bat_4;Jidosha Hohei '40;;;;;;;;;;;;x
JAP_motorized_infantry_bat_5;Jidosha Hohei '42;;;;;;;;;;;;x
JAP_motorized_infantry_bat_6;Jidosha Hohei '44;;;;;;;;;;;;x
JAP_motorized_infantry_bat_7;Jidosha Hohei '46;;;;;;;;;;;;x
JAP_motorized_infantry_bat_8;Jidosha Hohei '48;;;;;;;;;;;;x
JAP_motorized_infantry_bat_9;Jidosha Hohei '50;;;;;;;;;;;;x
JAP_motorized_infantry_bat_10;Jidosha Hohei '52;;;;;;;;;;;;x
JAP_motorized_infantry_bat_11;Jidosha Hohei '54;;;;;;;;;;;;x
JAP_motorized_infantry_bat_12;Jidosha Hohei '56;;;;;;;;;;;;x
JAP_motorized_infantry_bat_13;Jidosha Hohei '58;;;;;;;;;;;;x
JAP_motorized_infantry_bat_14;Jidosha Hohei '60;;;;;;;;;;;;x
##################### Mechanized Infantry #;;;;;;;;;;;;;x
JAP_mechanized_brigade_0;Tokusetsu Jidosha Hohei '30;;;;;;;;;;;;x
JAP_mechanized_brigade_1;Tokusetsu Jidosha Hohei '34;;;;;;;;;;;;x
JAP_mechanized_brigade_2;Tokusetsu Jidosha Hohei '36;;;;;;;;;;;;x
JAP_mechanized_brigade_3;Tokusetsu Jidosha Hohei '38;;;;;;;;;;;;x
JAP_mechanized_brigade_4;Tokusetsu Jidosha Hohei '40;;;;;;;;;;;;x
JAP_mechanized_brigade_5;Tokusetsu Jidosha Hohei '42;;;;;;;;;;;;x
JAP_mechanized_brigade_6;Tokusetsu Jidosha Hohei '44;;;;;;;;;;;;x
JAP_mechanized_brigade_7;Tokusetsu Jidosha Hohei '46;;;;;;;;;;;;x
JAP_mechanized_brigade_8;Tokusetsu Jidosha Hohei '48;;;;;;;;;;;;x
JAP_mechanized_brigade_9;Tokusetsu Jidosha Hohei '50;;;;;;;;;;;;x
JAP_mechanized_brigade_10;Tokusetsu Jidosha Hohei '52;;;;;;;;;;;;x
JAP_mechanized_brigade_11;Tokusetsu Jidosha Hohei '54;;;;;;;;;;;;x
JAP_mechanized_brigade_12;Tokusetsu Jidosha Hohei '56;;;;;;;;;;;;x
JAP_mechanized_brigade_13;Tokusetsu Jidosha Hohei '58;;;;;;;;;;;;x
JAP_mechanized_brigade_14;Tokusetsu Jidosha Hohei '60;;;;;;;;;;;;x
##################### Mechanized Infantry Bat #;;;;;;;;;;;;;x
JAP_mechanized_infantry_bat_0;Tokusetsu Jidosha Hohei '30;;;;;;;;;;;;x
JAP_mechanized_infantry_bat_1;Tokusetsu Jidosha Hohei '34;;;;;;;;;;;;x
JAP_mechanized_infantry_bat_2;Tokusetsu Jidosha Hohei '36;;;;;;;;;;;;x
JAP_mechanized_infantry_bat_3;Tokusetsu Jidosha Hohei '38;;;;;;;;;;;;x
JAP_mechanized_infantry_bat_4;Tokusetsu Jidosha Hohei '40;;;;;;;;;;;;x
JAP_mechanized_infantry_bat_5;Tokusetsu Jidosha Hohei '42;;;;;;;;;;;;x
JAP_mechanized_infantry_bat_6;Tokusetsu Jidosha Hohei '44;;;;;;;;;;;;x
JAP_mechanized_infantry_bat_7;Tokusetsu Jidosha Hohei '46;;;;;;;;;;;;x
JAP_mechanized_infantry_bat_8;Tokusetsu Jidosha Hohei '48;;;;;;;;;;;;x
JAP_mechanized_infantry_bat_9;Tokusetsu Jidosha Hohei '50;;;;;;;;;;;;x
JAP_mechanized_infantry_bat_10;Tokusetsu Jidosha Hohei '52;;;;;;;;;;;;x
JAP_mechanized_infantry_bat_11;Tokusetsu Jidosha Hohei '54;;;;;;;;;;;;x
JAP_mechanized_infantry_bat_12;Tokusetsu Jidosha Hohei '56;;;;;;;;;;;;x
JAP_mechanized_infantry_bat_13;Tokusetsu Jidosha Hohei '58;;;;;;;;;;;;x
JAP_mechanized_infantry_bat_14;Tokusetsu Jidosha Hohei '60;;;;;;;;;;;;x
##################### Light Infantry #;;;;;;;;;;;;;x
JAP_light_infantry_brigade_0;Kei Hohei '30;;;;;;;;;;;;x
JAP_light_infantry_brigade_1;Kei Hohei '34;;;;;;;;;;;;x
JAP_light_infantry_brigade_2;Kei Hohei '36;;;;;;;;;;;;x
JAP_light_infantry_brigade_3;Kei Hohei '38;;;;;;;;;;;;x
JAP_light_infantry_brigade_4;Kei Hohei '40;;;;;;;;;;;;x
JAP_light_infantry_brigade_5;Kei Hohei '42;;;;;;;;;;;;x
JAP_light_infantry_brigade_6;Kei Hohei '44;;;;;;;;;;;;x
JAP_light_infantry_brigade_7;Kei Hohei '46;;;;;;;;;;;;x
JAP_light_infantry_brigade_8;Kei Hohei '48;;;;;;;;;;;;x
JAP_light_infantry_brigade_9;Kei Hohei '50;;;;;;;;;;;;x
JAP_light_infantry_brigade_10;Kei Hohei '52;;;;;;;;;;;;x
JAP_light_infantry_brigade_11;Kei Hohei '54;;;;;;;;;;;;x
JAP_light_infantry_brigade_12;Kei Hohei '56;;;;;;;;;;;;x
JAP_light_infantry_brigade_13;Kei Hohei '58;;;;;;;;;;;;x
JAP_light_infantry_brigade_14;Kei Hohei '60;;;;;;;;;;;;x 
##################### Elite, light Infantry #;;;;;;;;;;;;;x
JAP_elite_light_infantry_brigade_0;Toku Hohei '30;;;;;;;;;;;;;x
JAP_elite_light_infantry_brigade_1;Toku Hohei '34;;;;;;;;;;;;;x
JAP_elite_light_infantry_brigade_2;Toku Hohei '36;;;;;;;;;;;;;x
JAP_elite_light_infantry_brigade_3;Toku Hohei '38;;;;;;;;;;;;;x
JAP_elite_light_infantry_brigade_4;Toku Hohei '40;;;;;;;;;;;;;x
JAP_elite_light_infantry_brigade_5;Toku Hohei '42;;;;;;;;;;;;;x
JAP_elite_light_infantry_brigade_6;Toku Hohei '44;;;;;;;;;;;;;x
JAP_elite_light_infantry_brigade_7;Toku Hohei '46;;;;;;;;;;;;;x
JAP_elite_light_infantry_brigade_8;Toku Hohei '48;;;;;;;;;;;;;x
JAP_elite_light_infantry_brigade_9;Toku Hohei '50;;;;;;;;;;;;;x
JAP_elite_light_infantry_brigade_10;Toku Hohei '52;;;;;;;;;;;;;x
JAP_elite_light_infantry_brigade_11;Toku Hohei '54;;;;;;;;;;;;;x
JAP_elite_light_infantry_brigade_12;Toku Hohei '56;;;;;;;;;;;;;x
JAP_elite_light_infantry_brigade_13;Toku Hohei '58;;;;;;;;;;;;;x
JAP_elite_light_infantry_brigade_14;Toku Hohei '60;;;;;;;;;;;;;x
##################### Elite, light Infantry Bat #;;;;;;;;;;;;;x
JAP_elite_light_infantry_battalion_0;Toku Hohei '30;;;;;;;;;;;;;x
JAP_elite_light_infantry_battalion_1;Toku Hohei '34;;;;;;;;;;;;;x
JAP_elite_light_infantry_battalion_2;Toku Hohei '36;;;;;;;;;;;;;x
JAP_elite_light_infantry_battalion_3;Toku Hohei '38;;;;;;;;;;;;;x
JAP_elite_light_infantry_battalion_4;Toku Hohei '40;;;;;;;;;;;;;x
JAP_elite_light_infantry_battalion_5;Toku Hohei '42;;;;;;;;;;;;;x
JAP_elite_light_infantry_battalion_6;Toku Hohei '44;;;;;;;;;;;;;x
JAP_elite_light_infantry_battalion_7;Toku Hohei '46;;;;;;;;;;;;;x
JAP_elite_light_infantry_battalion_8;Toku Hohei '48;;;;;;;;;;;;;x
JAP_elite_light_infantry_battalion_9;Toku Hohei '50;;;;;;;;;;;;;x
JAP_elite_light_infantry_battalion_10;Toku Hohei '52;;;;;;;;;;;;;x
JAP_elite_light_infantry_battalion_11;Toku Hohei '54;;;;;;;;;;;;;x
JAP_elite_light_infantry_battalion_12;Toku Hohei '56;;;;;;;;;;;;;x
JAP_elite_light_infantry_battalion_13;Toku Hohei '58;;;;;;;;;;;;;x
JAP_elite_light_infantry_battalion_14;Toku Hohei '60;;;;;;;;;;;;;x
##################### Commando #;;;;;;;;;;;;;x
JAP_commando_brigade_0;Giretsu '34;;;;;;;;;;;;x
JAP_commando_brigade_1;Giretsu '36;;;;;;;;;;;;x
JAP_commando_brigade_2;Giretsu '38;;;;;;;;;;;;x
JAP_commando_brigade_3;Giretsu '40;;;;;;;;;;;;x
JAP_commando_brigade_4;Giretsu '42;;;;;;;;;;;;x
JAP_commando_brigade_5;Giretsu '44;;;;;;;;;;;;x
JAP_commando_brigade_6;Giretsu '46;;;;;;;;;;;;x
JAP_commando_brigade_7;Giretsu '48;;;;;;;;;;;;x
##################### Paratroopers #;;;;;;;;;;;;;x
JAP_paratrooper_brigade_0;SNLF Teishin '30;;;;;;;;;;;;x
JAP_paratrooper_brigade_1;SNLF Teishin '34;;;;;;;;;;;;x
JAP_paratrooper_brigade_2;SNLF Teishin '36;;;;;;;;;;;;x
JAP_paratrooper_brigade_3;SNLF Teishin '38;;;;;;;;;;;;x
JAP_paratrooper_brigade_4;SNLF Teishin '40;;;;;;;;;;;;x
JAP_paratrooper_brigade_5;SNLF Teishin '42;;;;;;;;;;;;x
JAP_paratrooper_brigade_6;SNLF Teishin '44;;;;;;;;;;;;x
JAP_paratrooper_brigade_7;SNLF Teishin '46;;;;;;;;;;;;x
JAP_paratrooper_brigade_8;SNLF Teishin '48;;;;;;;;;;;;x
JAP_paratrooper_brigade_9;SNLF Teishin '50;;;;;;;;;;;;x
JAP_paratrooper_brigade_10;SNLF Teishin '52;;;;;;;;;;;;x
JAP_paratrooper_brigade_11;SNLF Teishin '54;;;;;;;;;;;;x
JAP_paratrooper_brigade_12;SNLF Teishin '56;;;;;;;;;;;;x
JAP_paratrooper_brigade_13;SNLF Teishin '58;;;;;;;;;;;;x
JAP_paratrooper_brigade_14;SNLF Teishin '60;;;;;;;;;;;;x
##################### Air-Landing Infantry #;;;;;;;;;;;;;x
JAP_airlanding_infantry_brigade_0;SNLF Teishin '30;;;;;;;;;;;;x
JAP_airlanding_infantry_brigade_1;SNLF Teishin '34;;;;;;;;;;;;x
JAP_airlanding_infantry_brigade_2;SNLF Teishin '36;;;;;;;;;;;;x
JAP_airlanding_infantry_brigade_3;SNLF Teishin '38;;;;;;;;;;;;x
JAP_airlanding_infantry_brigade_4;SNLF Teishin '40;;;;;;;;;;;;x
JAP_airlanding_infantry_brigade_5;SNLF Teishin '42;;;;;;;;;;;;x
JAP_airlanding_infantry_brigade_6;SNLF Teishin '44;;;;;;;;;;;;x
JAP_airlanding_infantry_brigade_7;SNLF Teishin '46;;;;;;;;;;;;x
JAP_airlanding_infantry_brigade_8;SNLF Teishin '48;;;;;;;;;;;;x
JAP_airlanding_infantry_brigade_9;SNLF Teishin '50;;;;;;;;;;;;x
JAP_airlanding_infantry_brigade_10;SNLF Teishin '52;;;;;;;;;;;;x
JAP_airlanding_infantry_brigade_11;SNLF Teishin '54;;;;;;;;;;;;x
JAP_airlanding_infantry_brigade_12;SNLF Teishin '56;;;;;;;;;;;;x
JAP_airlanding_infantry_brigade_13;SNLF Teishin '58;;;;;;;;;;;;x
JAP_airlanding_infantry_brigade_14;SNLF Teishin '60;;;;;;;;;;;;x
##################### Naval Infantry #;;;;;;;;;;;;;x
JAP_naval_infantry_brigade_0;Kaigun Hohei '30;;;;;;;;;;;;x
JAP_naval_infantry_brigade_1;Kaigun Hohei '34;;;;;;;;;;;;x
JAP_naval_infantry_brigade_2;Kaigun Hohei '36;;;;;;;;;;;;x
JAP_naval_infantry_brigade_3;Kaigun Hohei '38;;;;;;;;;;;;x
JAP_naval_infantry_brigade_4;Kaigun Hohei '40;;;;;;;;;;;;x
JAP_naval_infantry_brigade_5;Kaigun Hohei '42;;;;;;;;;;;;x
JAP_naval_infantry_brigade_6;Kaigun Hohei '44;;;;;;;;;;;;x
JAP_naval_infantry_brigade_7;Kaigun Hohei '46;;;;;;;;;;;;x
JAP_naval_infantry_brigade_8;Kaigun Hohei '48;;;;;;;;;;;;x
JAP_naval_infantry_brigade_9;Kaigun Hohei '50;;;;;;;;;;;;x
JAP_naval_infantry_brigade_10;Kaigun Hohei '52;;;;;;;;;;;;x
JAP_naval_infantry_brigade_11;Kaigun Hohei '54;;;;;;;;;;;;x
JAP_naval_infantry_brigade_12;Kaigun Hohei '56;;;;;;;;;;;;x
JAP_naval_infantry_brigade_13;Kaigun Hohei '58;;;;;;;;;;;;x
JAP_naval_infantry_brigade_14;Kaigun Hohei '60;;;;;;;;;;;;x
##################### Marines #;;;;;;;;;;;;;x
JAP_marine_brigade_0;SNLF '30;;;;;;;;;;;;x
JAP_marine_brigade_1;SNLF '34;;;;;;;;;;;;x
JAP_marine_brigade_2;SNLF '36;;;;;;;;;;;;x
JAP_marine_brigade_3;SNLF '38;;;;;;;;;;;;x
JAP_marine_brigade_4;SNLF '40;;;;;;;;;;;;x
JAP_marine_brigade_5;SNLF '42;;;;;;;;;;;;x
JAP_marine_brigade_6;SNLF '44;;;;;;;;;;;;x
JAP_marine_brigade_7;SNLF '46;;;;;;;;;;;;x
JAP_marine_brigade_8;SNLF '48;;;;;;;;;;;;x
JAP_marine_brigade_9;SNLF '50;;;;;;;;;;;;x
JAP_marine_brigade_10;SNLF '52;;;;;;;;;;;;x
JAP_marine_brigade_11;SNLF '54;;;;;;;;;;;;x
JAP_marine_brigade_12;SNLF '56;;;;;;;;;;;;x
JAP_marine_brigade_13;SNLF '58;;;;;;;;;;;;x
JAP_marine_brigade_14;SNLF '60;;;;;;;;;;;;x
##################### Mountain Infantry #;;;;;;;;;;;;;x
JAP_bergsjaeger_brigade_0;Yamahei '30;;;;;;;;;;;;x
JAP_bergsjaeger_brigade_1;Yamahei '34;;;;;;;;;;;;x
JAP_bergsjaeger_brigade_2;Yamahei '36;;;;;;;;;;;;x
JAP_bergsjaeger_brigade_3;Yamahei '38;;;;;;;;;;;;x
JAP_bergsjaeger_brigade_4;Yamahei '40;;;;;;;;;;;;x
JAP_bergsjaeger_brigade_5;Yamahei '42;;;;;;;;;;;;x
JAP_bergsjaeger_brigade_6;Yamahei '44;;;;;;;;;;;;x
JAP_bergsjaeger_brigade_7;Yamahei '46;;;;;;;;;;;;x
JAP_bergsjaeger_brigade_8;Yamahei '48;;;;;;;;;;;;x
JAP_bergsjaeger_brigade_9;Yamahei '50;;;;;;;;;;;;x
JAP_bergsjaeger_brigade_10;Yamahei '52;;;;;;;;;;;;x
JAP_bergsjaeger_brigade_11;Yamahei '54;;;;;;;;;;;;x
JAP_bergsjaeger_brigade_12;Yamahei '56;;;;;;;;;;;;x
JAP_bergsjaeger_brigade_13;Yamahei '58;;;;;;;;;;;;x
JAP_bergsjaeger_brigade_14;Yamahei '60;;;;;;;;;;;;x
##################### Ski Infantry #;;;;;;;;;;;;;x
JAP_ski_brigade_0;Hokkyokuhei '30;;;;;;;;;;;;x
JAP_ski_brigade_1;Hokkyokuhei '34;;;;;;;;;;;;x
JAP_ski_brigade_2;Hokkyokuhei '36;;;;;;;;;;;;x
JAP_ski_brigade_3;Hokkyokuhei '38;;;;;;;;;;;;x
JAP_ski_brigade_4;Hokkyokuhei '40;;;;;;;;;;;;x
JAP_ski_brigade_5;Hokkyokuhei '42;;;;;;;;;;;;x
JAP_ski_brigade_6;Hokkyokuhei '44;;;;;;;;;;;;x
JAP_ski_brigade_7;Hokkyokuhei '46;;;;;;;;;;;;x
JAP_ski_brigade_8;Hokkyokuhei '48;;;;;;;;;;;;x
JAP_ski_brigade_9;Hokkyokuhei '50;;;;;;;;;;;;x
JAP_ski_brigade_10;Hokkyokuhei '52;;;;;;;;;;;;x
JAP_ski_brigade_11;Hokkyokuhei '54;;;;;;;;;;;;x
JAP_ski_brigade_12;Hokkyokuhei '56;;;;;;;;;;;;x
JAP_ski_brigade_13;Hokkyokuhei '58;;;;;;;;;;;;x
JAP_ski_brigade_14;Hokkyokuhei '60;;;;;;;;;;;;x
##################### Garrison #;;;;;;;;;;;;;x
JAP_garrison_brigade_0;Eihei '30;;;;;;;;;;;;x
JAP_garrison_brigade_1;Eihei '34;;;;;;;;;;;;x
JAP_garrison_brigade_2;Eihei '36;;;;;;;;;;;;x
JAP_garrison_brigade_3;Eihei '38;;;;;;;;;;;;x
JAP_garrison_brigade_4;Eihei '40;;;;;;;;;;;;x
JAP_garrison_brigade_5;Eihei '42;;;;;;;;;;;;x
JAP_garrison_brigade_6;Eihei '44;;;;;;;;;;;;x
JAP_garrison_brigade_7;Eihei '46;;;;;;;;;;;;x
JAP_garrison_brigade_8;Eihei '48;;;;;;;;;;;;x
JAP_garrison_brigade_9;Eihei '50;;;;;;;;;;;;x
JAP_garrison_brigade_10;Eihei '52;;;;;;;;;;;;x
JAP_garrison_brigade_11;Eihei '54;;;;;;;;;;;;x
JAP_garrison_brigade_12;Eihei '56;;;;;;;;;;;;x
JAP_garrison_brigade_13;Eihei '58;;;;;;;;;;;;x
JAP_garrison_brigade_14;Eihei '60;;;;;;;;;;;;x
##################### Garrison Detachment #;;;;;;;;;;;;;x
JAP_garrison_detacthment_0;Eihei '30;;;;;;;;;;;;x
JAP_garrison_detacthment_1;Eihei '34;;;;;;;;;;;;x
JAP_garrison_detacthment_2;Eihei '36;;;;;;;;;;;;x
JAP_garrison_detacthment_3;Eihei '38;;;;;;;;;;;;x
JAP_garrison_detacthment_4;Eihei '40;;;;;;;;;;;;x
JAP_garrison_detacthment_5;Eihei '42;;;;;;;;;;;;x
JAP_garrison_detacthment_6;Eihei '44;;;;;;;;;;;;x
JAP_garrison_detacthment_7;Eihei '46;;;;;;;;;;;;x
JAP_garrison_detacthment_8;Eihei '48;;;;;;;;;;;;x
JAP_garrison_detacthment_9;Eihei '50;;;;;;;;;;;;x
JAP_garrison_detacthment_10;Eihei '52;;;;;;;;;;;;x
JAP_garrison_detacthment_11;Eihei '54;;;;;;;;;;;;x
JAP_garrison_detacthment_12;Eihei '56;;;;;;;;;;;;x
JAP_garrison_detacthment_13;Eihei '58;;;;;;;;;;;;x
JAP_garrison_detacthment_14;Eihei '60;;;;;;;;;;;;x
##################### Tropical Garrison #;;;;;;;;;;;;;x
JAP_tropical_island_garrison_brigade_0;Shima Eihei '30;;;;;;;;;;;;x
JAP_tropical_island_garrison_brigade_1;Shima Eihei '34;;;;;;;;;;;;x
JAP_tropical_island_garrison_brigade_2;Shima Eihei '36;;;;;;;;;;;;x
JAP_tropical_island_garrison_brigade_3;Shima Eihei '38;;;;;;;;;;;;x
JAP_tropical_island_garrison_brigade_4;Shima Eihei '40;;;;;;;;;;;;x
JAP_tropical_island_garrison_brigade_5;Shima Eihei '42;;;;;;;;;;;;x
JAP_tropical_island_garrison_brigade_6;Shima Eihei '44;;;;;;;;;;;;x
JAP_tropical_island_garrison_brigade_7;Shima Eihei '46;;;;;;;;;;;;x
JAP_tropical_island_garrison_brigade_8;Shima Eihei '48;;;;;;;;;;;;x
JAP_tropical_island_garrison_brigade_9;Shima Eihei '50;;;;;;;;;;;;x
JAP_tropical_island_garrison_brigade_10;Shima Eihei '52;;;;;;;;;;;;x
JAP_tropical_island_garrison_brigade_11;Shima Eihei '54;;;;;;;;;;;;x
JAP_tropical_island_garrison_brigade_12;Shima Eihei '56;;;;;;;;;;;;x
JAP_tropical_island_garrison_brigade_13;Shima Eihei '58;;;;;;;;;;;;x
JAP_tropical_island_garrison_brigade_14;Shima Eihei '60;;;;;;;;;;;;x
##################### Air Cavalry #;;;;;;;;;;;;;x
################################;;;;;;;;;;;;;x
##################### Engineer #;;;;;;;;;;;;;x
JAP_engineer_brigade_0;Kohei '36;;;;;;;;;;;;x
JAP_engineer_brigade_1;Kohei '39;;;;;;;;;;;;x
JAP_engineer_brigade_2;Kohei '41;;;;;;;;;;;;x
JAP_engineer_brigade_3;Kohei '43;;;;;;;;;;;;x
JAP_engineer_brigade_4;Kohei '45;;;;;;;;;;;;x
JAP_engineer_brigade_5;Kohei '47;;;;;;;;;;;;x
##################### Motorized Engineer #;;;;;;;;;;;;;x
JAP_motorized_engineer_brigade_0;Kihei Rvodan Koheitai '36;;;;;;;;;;;;x
JAP_motorized_engineer_brigade_1;Kihei Rvodan Koheitai '39;;;;;;;;;;;;x
JAP_motorized_engineer_brigade_2;Kihei Rvodan Koheitai '41;;;;;;;;;;;;x
JAP_motorized_engineer_brigade_3;Kihei Rvodan Koheitai '43;;;;;;;;;;;;x
JAP_motorized_engineer_brigade_4;Kihei Rvodan Koheitai '45;;;;;;;;;;;;x
JAP_motorized_engineer_brigade_5;Kihei Rvodan Koheitai '47;;;;;;;;;;;;x
##################### Armored Engineer #;;;;;;;;;;;;;x
JAP_armored_engineers_brigade_0;Senshadan Koheitai '41;;;;;;;;;;;;x
JAP_armored_engineers_brigade_1;Senshadan Koheitai '42;;;;;;;;;;;;x
JAP_armored_engineers_brigade_2;Senshadan Koheitai '43;;;;;;;;;;;;x
JAP_armored_engineers_brigade_3;Senshadan Koheitai '44;;;;;;;;;;;;x
JAP_armored_engineers_brigade_4;Senshadan Koheitai '45;;;;;;;;;;;;x
JAP_armored_engineers_brigade_5;Senshadan Koheitai '46;;;;;;;;;;;;x
##################### Airborne Engineer #;;;;;;;;;;;;;x
################################;;;;;;;;;;;;;x
##################### Recon Cavalry #;;;;;;;;;;;;;x
JAP_recon_cavalry_brigade_0;Teisatsu Kihei '30;;;;;;;;;;;;x
JAP_recon_cavalry_brigade_1;Teisatsu Kihei '34;;;;;;;;;;;;x
JAP_recon_cavalry_brigade_2;Teisatsu Kihei '36;;;;;;;;;;;;x
JAP_recon_cavalry_brigade_3;Teisatsu Kihei '38;;;;;;;;;;;;x
JAP_recon_cavalry_brigade_4;Teisatsu Kihei '40;;;;;;;;;;;;x
JAP_recon_cavalry_brigade_5;Teisatsu Kihei '42;;;;;;;;;;;;x
JAP_recon_cavalry_brigade_6;Teisatsu Kihei '44;;;;;;;;;;;;x
JAP_recon_cavalry_brigade_7;Teisatsu Kihei '46;;;;;;;;;;;;x
JAP_recon_cavalry_brigade_8;Teisatsu Kihei '48;;;;;;;;;;;;x
JAP_recon_cavalry_brigade_9;Teisatsu Kihei '50;;;;;;;;;;;;x
JAP_recon_cavalry_brigade_10;Teisatsu Kihei '52;;;;;;;;;;;;x
JAP_recon_cavalry_brigade_11;Teisatsu Kihei '54;;;;;;;;;;;;x
JAP_recon_cavalry_brigade_12;Teisatsu Kihei '56;;;;;;;;;;;;x
JAP_recon_cavalry_brigade_13;Teisatsu Kihei '58;;;;;;;;;;;;x
JAP_recon_cavalry_brigade_14;Teisatsu Kihei '60;;;;;;;;;;;;x
##################### Motorcycle #;;;;;;;;;;;;;x
JAP_motorcycle_recon_brigade_0;Jidosha Teisatsu '30;;;;;;;;;;;;x
JAP_motorcycle_recon_brigade_1;Jidosha Teisatsu '34;;;;;;;;;;;;x
JAP_motorcycle_recon_brigade_2;Jidosha Teisatsu '36;;;;;;;;;;;;x
JAP_motorcycle_recon_brigade_3;Jidosha Teisatsu '38;;;;;;;;;;;;x
JAP_motorcycle_recon_brigade_4;Jidosha Teisatsu '40;;;;;;;;;;;;x
JAP_motorcycle_recon_brigade_5;Jidosha Teisatsu '42;;;;;;;;;;;;x
JAP_motorcycle_recon_brigade_6;Jidosha Teisatsu '44;;;;;;;;;;;;x
JAP_motorcycle_recon_brigade_7;Jidosha Teisatsu '46;;;;;;;;;;;;x
JAP_motorcycle_recon_brigade_8;Jidosha Teisatsu '48;;;;;;;;;;;;x
JAP_motorcycle_recon_brigade_9;Jidosha Teisatsu '50;;;;;;;;;;;;x
JAP_motorcycle_recon_brigade_10;Jidosha Teisatsu '52;;;;;;;;;;;;x
JAP_motorcycle_recon_brigade_11;Jidosha Teisatsu '54;;;;;;;;;;;;x
JAP_motorcycle_recon_brigade_12;Jidosha Teisatsu '56;;;;;;;;;;;;x
JAP_motorcycle_recon_brigade_13;Jidosha Teisatsu '58;;;;;;;;;;;;x
JAP_motorcycle_recon_brigade_14;Jidosha Teisatsu '60;;;;;;;;;;;;x
##################### Armored Car #;;;;;;;;;;;;;x
JAP_armored_car_brigade_0;Austin Armoured Car;;;;;;;;;;;;;x
JAP_armored_car_brigade_1;Vickers Crossley Armoured Car;;;;;;;;;;;;;x
JAP_armored_car_brigade_2;Type 93;;;;;;;;;;;;;x
JAP_armored_car_brigade_3;Type 92 Kokusan;;;;;;;;;;;;;x
JAP_armored_car_brigade_4;Type 92 Chiyoda;;;;;;;;;;;;;x
JAP_armored_car_brigade_5;Type 92 Chiyoda;;;;;;;;;;;;;x
################################;;;;;;;;;;;;;x
##################### Light Armor #;;;;;;;;;;;;;x
JAP_light_armor_brigade_0;Renault FT-17 Ko;;;;;;;;;;;;;x
JAP_light_armor_brigade_1;Type 94 Te-Ke/TK;;;;;;;;;;;;;x
JAP_light_armor_brigade_2;Type 95 Ha-Go;;;;;;;;;;;;;x
JAP_light_armor_brigade_3;Type 2 Ke-To;;;;;;;;;;;;;x
JAP_light_armor_brigade_4;Type 3 Ke-Ri;;;;;;;;;;;;;x
JAP_light_armor_brigade_5;Type 4 Ke-Nu;;;;;;;;;;;;;x
JAP_light_armor_brigade_6;Type 5 Ke-Ho;;;;;;;;;;;;;x
##################### Light Armor Bat #;;;;;;;;;;;;;x
JAP_light_armor_bat_0;Renault FT-17 Ko;;;;;;;;;;;;;x
JAP_light_armor_bat_1;Type 94 Te-Ke/TK;;;;;;;;;;;;;x
JAP_light_armor_bat_2;Type 95 Ha-Go;;;;;;;;;;;;;x
JAP_light_armor_bat_3;Type 2 Ke-To;;;;;;;;;;;;;x
JAP_light_armor_bat_4;Type 3 Ke-Ri;;;;;;;;;;;;;x
JAP_light_armor_bat_5;Type 4 Ke-Nu;;;;;;;;;;;;;x
JAP_light_armor_bat_6;Type 5 Ke-Ho;;;;;;;;;;;;;x
##################### Main Battle Tank #;;;;;;;;;;;;;x
JAP_armor_brigade_0;Renault FT-17 Ko;;;;;;;;;;;;;x
JAP_armor_brigade_1;Type 89 Otsu;;;;;;;;;;;;;x
JAP_armor_brigade_2;Type 97 Chi-Ha;;;;;;;;;;;;;x
JAP_armor_brigade_3;Type 97 Shinhoto Chi-Ha;;;;;;;;;;;;;x
JAP_armor_brigade_4;Type 1 Chi-He;;;;;;;;;;;;;x
JAP_armor_brigade_5;Type 3 Chi-Nu;;;;;;;;;;;;;x
JAP_armor_brigade_6;Type 4 Chi-Re;;;;;;;;;;;;;x
JAP_armor_brigade_7;Type 61;;;;;;;;;;;;;x
JAP_armor_brigade_8;Type 74;;;;;;;;;;;;;x
##################### MBT Bat #;;;;;;;;;;;;;x
JAP_armor_bat_0;Renault FT-17 Ko;;;;;;;;;;;;;x
JAP_armor_bat_1;Type 89 Otsu;;;;;;;;;;;;;x
JAP_armor_bat_2;Type 97 Chi-Ha;;;;;;;;;;;;;x
JAP_armor_bat_3;Type 97 Shinhoto Chi-Ha;;;;;;;;;;;;;x
JAP_armor_bat_4;Type 1 Chi-He;;;;;;;;;;;;;x
JAP_armor_bat_5;Type 3 Chi-Nu;;;;;;;;;;;;;x
JAP_armor_bat_6;Type 4 Chi-Re;;;;;;;;;;;;;x
JAP_armor_bat_7;Type 61;;;;;;;;;;;;;x
JAP_armor_bat_8;Type 74;;;;;;;;;;;;;x
##################### Heavy Armor #;;;;;;;;;;;;;x
JAP_heavy_armor_brigade_0;Type 95 Heavy Tank;;;;;;;;;;;;;x
JAP_heavy_armor_brigade_1;Type 95 Heavy Tank;;;;;;;;;;;;;x
JAP_heavy_armor_brigade_2;Type 95 Heavy Tank;;;;;;;;;;;;;x
JAP_heavy_armor_brigade_3;Type 4 Chi-To;;;;;;;;;;;;;x
JAP_heavy_armor_brigade_4;Type 5 Chi-Ri;;;;;;;;;;;;;x
##################### Super Heavy Armor #;;;;;;;;;;;;;x
##################### Special Purpose Armor #;;;;;;;;;;;;;x
JAP_amph_armour_brigade_0;Type 2 Ka-Mi;;;;;;;;;;;;;x
JAP_amph_armour_brigade_1;Type 2 Ka-Mi;;;;;;;;;;;;;x
JAP_amph_armour_brigade_2;Type 3 Ka-Chi;;;;;;;;;;;;;x
JAP_amph_armour_brigade_3;Type 3 Ka-Chi;;;;;;;;;;;;;x
JAP_amph_armour_brigade_4;Type 4 Ka-Tsu;;;;;;;;;;;;;x
JAP_amph_armour_brigade_5;Type 4 Ka-Tsu;;;;;;;;;;;;;x
JAP_amph_armour_brigade_6;Type 5 To-K;;;;;;;;;;;;;x
##################### Infantry Tank #;;;;;;;;;;;;;x
JAP_infantry_tank_brigade_0;Type 91 Heavy Tank;;;;;;;;;;;;;x
JAP_infantry_tank_brigade_1;Type 95 Heavy Tank;;;;;;;;;;;;;x
JAP_infantry_tank_brigade_2;Type 89 I-Go;;;;;;;;;;;;;x
JAP_infantry_tank_brigade_3;Type 89 I-Go;;;;;;;;;;;;;x
JAP_infantry_tank_brigade_4;Type 89 I-Go;;;;;;;;;;;;;x
JAP_infantry_tank_brigade_5;Type 89 I-Go;;;;;;;;;;;;;x
################################;;;;;;;;;;;;;x
##################### MIXED SUPPORT #################;;;;;;;;;;;;;;x
JAP_mixed_support_brigade_0;Dokuritsu Konsei Rentai (I);;;;;;;;;;;;;x
JAP_mixed_support_brigade_1;Dokuritsu Konsei Rentai (II);;;;;;;;;;;;;x
JAP_mixed_support_brigade_2;Dokuritsu Konsei Rentai (III);;;;;;;;;;;;;x
JAP_mixed_support_brigade_3;Dokuritsu Konsei Rentai (IV);;;;;;;;;;;;;x
JAP_mixed_support_brigade_4;Dokuritsu Konsei Rentai (V);;;;;;;;;;;;;x
JAP_mixed_support_brigade_5;Dokuritsu Konsei Rentai (VI);;;;;;;;;;;;;x
JAP_mixed_support_brigade_6;Dokuritsu Konsei Rentai (VII);;;;;;;;;;;;;x
JAP_mixed_support_brigade_7;Dokuritsu Konsei Rentai (VIII);;;;;;;;;;;;;x
JAP_mixed_support_brigade_8;Dokuritsu Konsei Rentai (IX);;;;;;;;;;;;;x
JAP_mixed_support_brigade_9;Dokuritsu Konsei Rentai (X);;;;;;;;;;;;;x
##################### MOTORIZED SUPPORT #################;;;;;;;;;;;;;;x
JAP_motorized_support_brigade_0;Dokuritsu Konsei Rentai Dendo (I);;;;;;;;;;;;;x
JAP_motorized_support_brigade_1;Dokuritsu Konsei Rentai Dendo (II);;;;;;;;;;;;;x
JAP_motorized_support_brigade_2;Dokuritsu Konsei Rentai Dendo (III);;;;;;;;;;;;;x
JAP_motorized_support_brigade_3;Dokuritsu Konsei Rentai Dendo (IV);;;;;;;;;;;;;x
JAP_motorized_support_brigade_4;Dokuritsu Konsei Rentai Dendo (V);;;;;;;;;;;;;x
JAP_motorized_support_brigade_5;Dokuritsu Konsei Rentai Dendo (VI);;;;;;;;;;;;;x
JAP_motorized_support_brigade_6;Dokuritsu Konsei Rentai Dendo (VII);;;;;;;;;;;;;x
JAP_motorized_support_brigade_7;Dokuritsu Konsei Rentai Dendo (VIII);;;;;;;;;;;;;x
JAP_motorized_support_brigade_8;Dokuritsu Konsei Rentai Dendo (IX);;;;;;;;;;;;;x
JAP_motorized_support_brigade_9;Dokuritsu Konsei Rentai Dendo (X);;;;;;;;;;;;;x
##################### ARMORED SUPPORT #################;;;;;;;;;;;;;;x
JAP_armored_support_brigade_0;Dokuritsu Konsei Rentai Kiko (I);;;;;;;;;;;;;x
JAP_armored_support_brigade_1;Dokuritsu Konsei Rentai Kiko (II);;;;;;;;;;;;;x
JAP_armored_support_brigade_2;Dokuritsu Konsei Rentai Kiko (III);;;;;;;;;;;;;x
JAP_armored_support_brigade_3;Dokuritsu Konsei Rentai Kiko (IV);;;;;;;;;;;;;x
JAP_armored_support_brigade_4;Dokuritsu Konsei Rentai Kiko (V);;;;;;;;;;;;;x
JAP_armored_support_brigade_5;Dokuritsu Konsei Rentai Kiko (VI);;;;;;;;;;;;;x
JAP_armored_support_brigade_6;Dokuritsu Konsei Rentai Kiko (VII);;;;;;;;;;;;;x
JAP_armored_support_brigade_7;Dokuritsu Konsei Rentai Kiko (VIII);;;;;;;;;;;;;x
JAP_armored_support_brigade_8;Dokuritsu Konsei Rentai Kiko (IX);;;;;;;;;;;;;x
JAP_armored_support_brigade_9;Dokuritsu Konsei Rentai Kiko (X);;;;;;;;;;;;;x
##################### Artillery #;;;;;;;;;;;;;x
JAP_artillery_brigade_0; 75mm Type 31 Field Gun ;;;;;;;;;;;;;x
JAP_artillery_brigade_1; 75mm Type 31 Field Gun ;;;;;;;;;;;;;x
JAP_artillery_brigade_2; 75mm Type 38 Field Gun;;;;;;;;;;;;;x
JAP_artillery_brigade_3; 75mm Type 38 Improved Field Gun;;;;;;;;;;;;;x
JAP_artillery_brigade_4; 75mm Type 41 Cavalry Gun;;;;;;;;;;;;;x
JAP_artillery_brigade_5; 75mm Type 90 Field Gun;;;;;;;;;;;;;x
JAP_artillery_brigade_6; 75mm Type 95 Field Gun;;;;;;;;;;;;;x
JAP_artillery_brigade_7; 105mm Remodeled Type 14 Field Howitzer;;;;;;;;;;;;;x
JAP_artillery_brigade_8; 105mm Type 91 Field Howitzer;;;;;;;;;;;;;x
##################### Medium Artillery #;;;;;;;;;;;;;x
JAP_medium_artillery_brigade_0; Type 38 105mm Gun;;;;;;;;;;;;;x
JAP_medium_artillery_brigade_1; Type 14 105mm Gun;;;;;;;;;;;;;x
JAP_medium_artillery_brigade_2; Type 92 105mm Gun;;;;;;;;;;;;;x
JAP_medium_artillery_brigade_3; Type 38 15cm Howitzer;;;;;;;;;;;;;x
JAP_medium_artillery_brigade_4; Type 4 15cm Howitzer;;;;;;;;;;;;;x
JAP_medium_artillery_brigade_5; Type 96 15cm Howitzer;;;;;;;;;;;;;x
##################### Heavy Artillery #;;;;;;;;;;;;;x
JAP_heavy_artillery_brigade_0;24cm Type 45 Howitzer ;;;;;;;;;;;;;x
JAP_heavy_artillery_brigade_1;15cm Type 89 Gun ;;;;;;;;;;;;;x
JAP_heavy_artillery_brigade_2;15cm Type 96 Gun ;;;;;;;;;;;;;x
JAP_heavy_artillery_brigade_3;24cm Type 96 Howitzer ;;;;;;;;;;;;;x
JAP_heavy_artillery_brigade_4;30.5cm Type 7 Howitzer ;;;;;;;;;;;;;x
##################### SP Artillery #;;;;;;;;;;;;;x
JAP_sp_artillery_brigade_2;Type 1 Ho-Ni;;;;;;;;;;;;;x
JAP_sp_artillery_brigade_3;Type 1 Ho-Ni II;;;;;;;;;;;;;x
JAP_sp_artillery_brigade_4;Type 4 Ho-Ro;;;;;;;;;;;;;x
JAP_sp_artillery_brigade_5;Type 4 Ha-To;;;;;;;;;;;;;x
JAP_sp_artillery_brigade_6;Jiro-Sha;;;;;;;;;;;;;x
##################### Rocket Artillery #;;;;;;;;;;;;;x
JAP_rocket_artillery_brigade_0;20cm Army Type 4 Rocket;;;;;;;;;;;;;x
JAP_rocket_artillery_brigade_1;20cm Navy Rocket;;;;;;;;;;;;;x
JAP_rocket_artillery_brigade_2;Army 40cm Variable-Range Rocket;;;;;;;;;;;;;x
JAP_rocket_artillery_brigade_3;Navy 45cm Rocket;;;;;;;;;;;;;x
JAP_rocket_artillery_brigade_4;Navy 45cm Rocket;;;;;;;;;;;;;x
##################### SP Rocket Artillery #;;;;;;;;;;;;;x
##################### Pack Artillery #;;;;;;;;;;;;;x
JAP_pack_artillery_brigade_0;7 cm mountain gun;;;;;;;;;;;;;x
JAP_pack_artillery_brigade_1;Type 31 75 mm mountain gun;;;;;;;;;;;;;x
JAP_pack_artillery_brigade_2;Type 31 75 mm mountain gun;;;;;;;;;;;;;x
JAP_pack_artillery_brigade_3;Type 41 75 mm mountain gun;;;;;;;;;;;;;x
JAP_pack_artillery_brigade_4;Type 41 75 mm mountain gun;;;;;;;;;;;;;x
JAP_pack_artillery_brigade_6;Type 94 75 mm mountain gun;;;;;;;;;;;;;x
JAP_pack_artillery_brigade_7;Type 94 75 mm mountain gun;;;;;;;;;;;;;x
JAP_pack_artillery_brigade_8;Type 99 10cm Mountain Gun;;;;;;;;;;;;;x
JAP_pack_artillery_brigade_9;Type 99 10cm Mountain Gun;;;;;;;;;;;;;x
##################### Anti-Tank #;;;;;;;;;;;;;x
JAP_anti_tank_brigade_0;Type 2 AT Rifle Grenade;;;;;;;;;;;;;x
JAP_anti_tank_brigade_1;Type 97 anti-tank rifle;;;;;;;;;;;;;x
JAP_anti_tank_brigade_2;37mm Type 94;;;;;;;;;;;;;x
JAP_anti_tank_brigade_3;47mm Type 1;;;;;;;;;;;;;x
JAP_anti_tank_brigade_4;Type 11 37 mm infantry gun;;;;;;;;;;;;;x
JAP_anti_tank_brigade_5;Type 1 37 mm anti-tank gun;;;;;;;;;;;;;x
JAP_anti_tank_brigade_6;Type 4 70 mm AT Rocket Launcher;;;;;;;;;;;;;x
JAP_anti_tank_brigade_7;Type 4 70 mm AT Rocket Launcher;;;;;;;;;;;;;x
##################### Heavy Anti-Tank #;;;;;;;;;;;;;x
##################### TD #;;;;;;;;;;;;;x
JAP_tank_destroyer_brigade_1;Type 1 Ho-Ni;;;;;;;;;;;;;x
JAP_tank_destroyer_brigade_2;Type 1 Ho-Ni III;;;;;;;;;;;;;x
JAP_tank_destroyer_brigade_3;Type 5 Ho-Ru;;;;;;;;;;;;;x
JAP_tank_destroyer_brigade_4;Type 5 Na-to;;;;;;;;;;;;;x
JAP_tank_destroyer_brigade_5;Type 2 Ho-Ri;;;;;;;;;;;;;x
JAP_tank_destroyer_brigade_6;Type 2 Ho-Ri;;;;;;;;;;;;;x
JAP_tank_destroyer_brigade_7;Type 60;;;;;;;;;;;;;x
##################### Medium Tank Destroyer #;;;;;;;;;;;;;x
##################### Heavy Tank Destroyer #;;;;;;;;;;;;;x
##################### Assault Gun #;;;;;;;;;;;;;x
JAP_assault_gun_brigade_0;Type 1 Ho-Ni II;;;;;;;;;;;;;x
JAP_assault_gun_brigade_1;Type 4 Ho-Ro;;;;;;;;;;;;;x
JAP_assault_gun_brigade_2;Type 4 Ho-Ro;;;;;;;;;;;;;x
JAP_assault_gun_brigade_3;Type 2 Ho-I;;;;;;;;;;;;;x
JAP_assault_gun_brigade_4;Type 97 Chi-Ha 120mm;;;;;;;;;;;;;x
JAP_assault_gun_brigade_5;Type 97 Chi-Ha 120mm;;;;;;;;;;;;;x
JAP_assault_gun_brigade_6;Jiro-Sha;;;;;;;;;;;;;x
##################### Heavy Assault Gun #;;;;;;;;;;;;;x
################################;;;;;;;;;;;;;x
##################### Anti-Air #;;;;;;;;;;;;;x
JAP_anti_air_brigade_0;Type 98 20 mm AA;;;;;;;;;;;;;x
JAP_anti_air_brigade_1;Type 98 20 mm AA;;;;;;;;;;;;;x
JAP_anti_air_brigade_2;Type 2 20 mm AA;;;;;;;;;;;;;x
JAP_anti_air_brigade_3;Type 2 20 mm AA;;;;;;;;;;;;;x
JAP_anti_air_brigade_4;Type 88 75 mm AA;;;;;;;;;;;;;x
JAP_anti_air_brigade_5;Type 88 75 mm AA;;;;;;;;;;;;;x
JAP_anti_air_brigade_6;Type 4 20 mm twin AA ;;;;;;;;;;;;;x
JAP_anti_air_brigade_7;Type 4 20 mm twin AA ;;;;;;;;;;;;;x
##################### Heavy Anti-Air #;;;;;;;;;;;;;x
JAP_heavy_anti_air_brigade_0;Type 88 75 mm AA;;;;;;;;;;;;;x
JAP_heavy_anti_air_brigade_1;Type 11 75 mm AA;;;;;;;;;;;;;x
JAP_heavy_anti_air_brigade_2;Type 14 10 cm AA;;;;;;;;;;;;;x
JAP_heavy_anti_air_brigade_3;Type 96 25 mm AT/AA;;;;;;;;;;;;;x
JAP_heavy_anti_air_brigade_4;Type 96 25 mm AT/AA;;;;;;;;;;;;;x
JAP_heavy_anti_air_brigade_5;Type 5 15 cm AA;;;;;;;;;;;;;x
JAP_heavy_anti_air_brigade_6;Type 10 120 mm AA;;;;;;;;;;;;;x
JAP_heavy_anti_air_brigade_7;Type 10 120 mm AA;;;;;;;;;;;;;x
##################### SP Anti-Air #;;;;;;;;;;;;;x
JAP_sp_anti_air_brigade_0;Type 96 AA Gun;;;;;;;;;;;;;x
JAP_sp_anti_air_brigade_1;Type 96 AA Gun;;;;;;;;;;;;;x
JAP_sp_anti_air_brigade_2;Ko-Hi T98 AA;;;;;;;;;;;;;x
JAP_sp_anti_air_brigade_3;Ko-Hi T98 AA;;;;;;;;;;;;;x
JAP_sp_anti_air_brigade_4;Type 98 Ke-Ni;;;;;;;;;;;;;x
JAP_sp_anti_air_brigade_5;Type 98 Ke-Ni;;;;;;;;;;;;;x
JAP_sp_anti_air_brigade_6;Type 1 Ho-Ki;;;;;;;;;;;;;x
JAP_sp_anti_air_brigade_7;Type 1 Ho-Ki;;;;;;;;;;;;;x
################################;;;;;;;;;;;;;x
JAP_railway_artillery_brigade_0;28cm Howitzer;;;;;;;;;;;;;x
JAP_railway_artillery_brigade_1;28cm Howitzer;;;;;;;;;;;;;x
JAP_railway_artillery_brigade_2;Type 45 24cm Howitzer;;;;;;;;;;;;;x
JAP_railway_artillery_brigade_3;Type 45 24cm Howitzer;;;;;;;;;;;;;x
JAP_railway_artillery_brigade_4;Type 7 30cm Howitzer;;;;;;;;;;;;;x
JAP_railway_artillery_brigade_5;Type 7 30cm Howitzer;;;;;;;;;;;;;x
JAP_railway_artillery_brigade_6;Type 96 24cm Howitzer;;;;;;;;;;;;;x
JAP_railway_artillery_brigade_7;Type 96 24cm Howitzer;;;;;;;;;;;;;x
JAP_railway_artillery_brigade_8;Type 96 24cm Howitzer;;;;;;;;;;;;;x
################################;;;;;;;;;;;;;x
#####################  JAP Custom Battle Commanders ##;;;;;;;;;;;;;x
JAP_battle_commander_sugiyama;Sugiyama;;;;;;;;;;;;;x
JAP_battle_commander_sugiyama_short;Sugiyama;;;;;;;;;;;;;x
JAP_battle_commander_kotohito;Kotohito;;;;;;;;;;;;;x
JAP_battle_commander_kotohito_short;Kotohito;;;;;;;;;;;;;x
JAP_battle_commander_terauchi;Terauchi;;;;;;;;;;;;;x
JAP_battle_commander_terauchi_short;Terauchi;;;;;;;;;;;;;x
JAP_battle_commander_hata;Hata;;;;;;;;;;;;;x
JAP_battle_commander_hata_short;Hata;;;;;;;;;;;;;x
JAP_battle_commander_yamashita;Yamashita;;;;;;;;;;;;;x
JAP_battle_commander_yamashita_short;Yamashita;;;;;;;;;;;;;x
JAP_battle_commander_matsui;Matsui;;;;;;;;;;;;;x
JAP_battle_commander_matsui_short;Matsui;;;;;;;;;;;;;x
JAP_battle_commander_homma;Homma;;;;;;;;;;;;;x
JAP_battle_commander_homma_short;Homma;;;;;;;;;;;;;x
JAP_battle_commander_kuribayashi;Kuribayashi;;;;;;;;;;;;;x
JAP_battle_commander_kuribayashi_short;Kuribayashi;;;;;;;;;;;;;x
###;;;;;;;;;;;;;x
JAP_leader_brigade_0;Hideki Tojo;;;;;;;;;;;;;x
JAP_battle_commander_brigade_0;Heidiki Tojo ;;;;;;;;;;;;;x
JAP_leader_brigade_1;Imperial General HQ;;;;;;;;;;;;;x
JAP_battle_commander_brigade_1;Imperial General HQ ;;;;;;;;;;;;;x
JAP_leader_brigade_2;Isoroku Yamamoto ;;;;;;;;;;;;;x
JAP_leader_brigade_3;Hirohito ;;;;;;;;;;;;;x
JAP_battle_commander_brigade_2;Isoroku Yamamoto ;;;;;;;;;;;;;x
JAP_battle_commander_brigade_3;Hajime Sugiyama ;;;;;;;;;;;;;x
JAP_battle_commander_brigade_4;Iwane Matsui ;;;;;;;;;;;;;x
JAP_battle_commander_brigade_5;Tomoyuki Yamashita ;;;;;;;;;;;;;x
#EOF;;;;;;;;;;;;;x