# Top Buttons;;;;;;;;;;;;;;x
TECH_NSM;NSM;NSM;NSM;;NSM;;;;;;;;;x
nsm_folder;NSM;NSM;NSM;;NSM;;;;;;;;;x
########### NAVY ###########;;;;;;;;;;;;;;x
grand_destroyer_technology;Grand Destroyer;Grand Destroyer;Großzerstörer;Ciê¿ki Niszczyciel;Grand Destroyer;;;;;;;;;x
grand_destroyer_technology_desc;Grand Destroyers are destroyers with bigger main armament, either in calibre or in the number of guns. In reality only a few nations build such ships. Their heavier armament reduced their seaworthiness. You can use them as a cheap alternative to light cruisers.   ;X;Großzerstörer unterscheiden sich entweder anhand der Kalibergröße, oder anhand der Geschützanzahl, von den normalen Zerstörern. Nur einige wenige Nationen bauten sie. Ihre schwerere Bewaffnung setzte ihre Seegängigkeit herab. Du kannst sie als billige Alternative zu leichten Kreuzern nehmen. ;Ciê¿kie Niszczyciele s¹ niszczycielami z wiêkszym g³ównym uzbrojeniem, albo w klasie lub liczbie dzia³. W rzeczywistoœci tylko kilka pañstw buduje takie statki. Ich ciê¿sze uzbrojenie zmniejszy³o zdolnoœci ¿eglugowe. Mo¿esz u¿ywaæ ich jako tani¹ alternatywê dla lekkich kr¹¿owników.;X;;;;;;;;;x
grand_destroyer_armament;Grand Destroyer: Main Armament;Grand Destroyer: Main Armament;Großzerstörer: Hauptbewaffnung;G³ówne Uzbrojenie Ciê¿kiego Niszczyciela;Grand Destroyer: Main Armament;;;;;;;;;x
grand_destroyer_armament_desc;Destroyers carry a mixture of light guns and torpedoes for use against other surface ships. Researching improved weapons will mean we can build new destroyer models which are more effective against surface targets.;Les destroyers transportent un ensemble de canons légers et de torpilles destiné à être utilisé contre d'autres navires de surface. Chercher à améliorer les armes nous permettra de construire de nouveaux modèles de destroyers qui seront plus efficaces contre les cibles à la surface.;Zerstörer sind für den Kampf gegen andere Oberflächenschiffe mit einer Mischung von leichten Geschützen und Torpedos bestückt. Die Erforschung verbesserter Waffen würde bedeuten, dass wir gegen Oberflächenziele effizientere Zerstörer bauen könnten.;Niszczyciele s¹ uzbrojone w lekkie dzia³a i torpedy do u¿ycia przeciw innym okrêtom nawodnym. Badaj¹c ulepszone bronie mo¿emy zbudowaæ nowe modele niszczycieli, które s¹ bardziej skuteczne przeciwko celom na powierzchni.;Los destructores transportan una mezcla de cañones ligeros y torpedos para usarlos contra buques de superficie. La investigación en armas mejoradas significará que podremos construir nuevos modelos de destructor, más eficaces contra buques de superficie.;;;;;;;;;x
grand_destroyer_engine;Grand Destroyer: Engine;Grand Destroyer: Engine;Großzerstörer: Antrieb;Silnik Ciê¿kiego Niszczyciela;Grand Destroyer: Engine;;;;;;;;;x
grand_destroyer_engine_desc;Destroyers are the fastest ships in the fleet, but very short-ranged. Their speed gives them much flexibility. However, it's important our destroyers maintain their speed advantage. More powerful engines will mean we can build faster, longer-ranged destroyers.;Les destroyers sont les navires les plus rapides mais leur rayon d'action est très limité. Leur vitesse les rend bien plus flexibles. Cependant, il est important que nos destroyers conservent leur avantage en terme de vitesse. Des moteurs plus puissants nous permettront de construire des destroyers plus rapides et d'augmenter leur rayon d'action.;Zerstörer sind die schnellsten Schiffe der Flotte, verfügen jedoch nur über geringe Reichweite. Ihre Geschwindigkeit gibt ihnen hohe Flexibilität. Es ist jedoch wichtig, dass unsere Zerstörer ihren Geschwindigkeitsvorteil beibehalten. Leistungsstärkere Antriebe würde bedeuten, dass wir schnellere Zerstörer mit größerer Reichweite bauen könnten.;Niszczyciele s¹ najszybszymi statkami floty, ale o bardzo krótkim zasiegu. Ich prêdkoœæ daje im du¿¹ elastycznoœæ. Jednak wa¿ne jest by nasze niszczyciele utrzyma³y swoj¹ przewagê szybkoœci. Mocniejsze silniki oznaczaj¹, ¿e mo¿emy zbudowaæ szybsze, o dalszym zasiêgu niszczyciele.;Los destructores son los navíos más rápidos de la flota, pero tienen poca autonomía. Su velocidad les otorga mucha flexibilidad. No obstante, es importante que nuestros destructores mantengan su ventaja de velocidad. Motores más potentes significarán que podemos construir destructores más rápidos y de mayor autonomía.;;;;;;;;;x
grand_destroyer_armour;Grand Destroyer: Design;Grand Destroyer: Design;Großzerstörer: Design;Kad³ub Ciê¿kiego Niszczyciela;Grand Destroyer: Design;;;;;;;;;x
grand_destroyer_armour_desc;Destroyers have lightly-built hulls with very little armour protection. The strength of the hull and the quality of its design affect how easy our destroyers are to sink. Better protection let us build destroyers which are more durable in combat.;Les coques des destroyers sont conçues pour être légères et la protection qu'offre leur blindage est très faible. La solidité et la qualité de la conception de la coque de nos destroyers influencent leur probabilité de naufrage. Une meilleure protection nous permettra de construire des destroyers plus résistants.;Die Schiffsrümpfe von Zerstörern sind leicht gebaut und daher nur schwach gepanzert. Die Rumpfstärke und Designqualität unserer Zerstörer legen fest, wie schwer diese zu versenken sind. Besserer Schutz würde zu widerstandsfähigeren Zerstörern führen.;Niszczyciele maj¹ lekko zbudowane kad³uby niewiele opancerzenie. Wytrzyma³oœæ kad³uba i jakoœæ jego projektu wp³ywa ³atwoœæ zatopienia naszych niszczycieli. Zbudujmy lepsz¹ ochronê dla niszczycieli, które s¹ bardziej trwa³e w walce;Los destructores tienen cascos ligeros con muy poco blindaje. La fuerza del casco y la calidad de su diseño afectan directamente a la dificultad para hundirlos. Una mejor protección nos permitirá construir destructores más duraderos en combate.;;;;;;;;;x
torpedo_boat_activation;Torpedo Boat Construction;Torpedo Boat;Torpedoboot;Torpedowiec;Torpedo Boat;;;;;;;;;x
torpedo_boat_activation_desc;These vessels were basically small destroyers with the armament focus on the torpedo weapon. Their other armament were some small main guns (in the most cases 10,5cm). In terms of speed they were as fast as the destroyers or even faster. In WWII they were mostly used as escorts or submarine hunters. They can be used as an alternative to destroyers, but their fighting abilities are very limited.;X;Diese Fahrzeuge waren kleinere Zerstörer mit dem Hauptaugenmerk auf die Bewaffnung mit Torpedos. Sie waren auch mit, in den meisten Fällen Kaliber 10,5cm, Kanonen bewaffnet, und meist etwas schneller als Zerstörer. Im 2.Weltkrieg wurden sie entweder zur U-Jagd oder zum Geleitschutz eingesetzt. Man kann sie als Alternative zu Zerstörern einsetzen, aber ihre Kampffähigkeiten sind sehr begrenzt. ;Statki te by³y w zasadzie ma³ymi niszczycielami z naciskiem na uzbrojenie w broñ torpedow¹. Ich uzbrojeniem by³y ma³e g³ówne dzia³a (w wiêkszoœci 10,5 cm). Pod wzglêdem szybkoœci by³y one tak szybkie, jak niszczyciele a nawet szybsze. W II wojnie œwiatowej by³y one najczêœciej u¿ywane jako eskorta lub podwodni myœliwi. Mog¹ byæ u¿ywane jako alternatywa dla niszczycieli, ale ich umiejêtnoœci walki s¹ bardzo ograniczone.;X;;;;;;;;;x
torpedo_boat_armament;Torpedo Boat: Main Armament;Torpedo Boat: Main Armament;Torpedoboot: Hauptbewaffnung;G³ówne Uzbrojenie Torpedowca;Tropedo Boat: Main Armament;;;;;;;;;x
torpedo_boat_armament_desc;Torpedo Boats carry a mixture of very light guns and torpedoes for use against other surface ships.;X;Torpedoboote sind mit einer Mixtur aus leichten Geschützen und Torpedos gegen andere Überwasserschiffe bewaffnet. ;Torpedowce s¹ uzbrojone w lekkie dzia³a i torpedy przeciwko innym okrêtom nawodnym.;X;;;;;;;;;x
torpedo_boat_engine;Torpedo Boat: Engine;Torpedo Boat: Engine;Torpedoboot: Antrieb;Silnik Torpedowca;Torpedo Boat: Engine;;;;;;;;;x
torpedo_boat_engine_desc;Torpedo Boats are fast ships. Their speed gives them much flexibility against other surface ships. However, it's important our Torpedo Boats maintain their speed advantage. More powerful engines will mean we can build faster, longer-ranged Torpedo Boats.;X;Torpedoboote sind schnelle Schiffe, welche ihre Geschwindigkeit gegen andere Schiffe zu ihrem Vorteil nutzen können. Um diesen Vorteil zu behalten, sollten wir sie mit stärkeren Motoren ausrüsten, welche die Geschwindigkeit als auch die Reichweite erhöhen. ;Torpedowce s¹ szybkimi statkami. Ich prêdkoœæ daje im du¿¹ elastycznoœæ w stosunku do innych okrêtów nawodnych. Jednak wa¿ne jest aby nasze torpedowce utrzymywa³y swoj¹ przewagê szybkoœci. Mocniejsze silniki oznaczaj¹, ¿e mo¿emy zbudowaæ szybsze i o dalszym zasiêgu torpedowce.;X;;;;;;;;;x
torpedo_boat_armour;Torpedo Boat: Design;Torpedo Boat: Design;Torpedoboot: Design;Kad³ub Torpedowca;Torpedo Boat: Design;;;;;;;;;x
torpedo_boat_armour_desc;Torpedo Boats have lightly-built hulls with very little armour protection. The strength of the hull and the quality of its design affect how easy our Torpedo Boats are to sink. Better protection let us build Torpedo Boats which are more durable in combat.;X;Torpedoboote haben Rümpfe in Leichtbauweise ohne nennenswerte Panzerung. Die Rumpfstärke und die Qualität ihres Designs bestimmt, wie leicht sie versenkbar sind, daher sollten wir sie besser beschützen, um ihre Kampffähigkeit zu erhöhen. ;Torpedowce s¹ lekko zbudowane z kad³ubów o niewielkim opancerzeniu. wytrzyma³oœæ kad³uba i jakoœæ jego projektu, wp³ywa jak ³atwo zatopiæ nasze torpedowce. Budujmy lepiej chronione torpedowce, które s¹ bardziej trwa³e w walce.;X;;;;;;;;;x
pocket_battleship_activation;Pocket Battleship;Pocket Battleship;Panzerschiff;Pancernik Kieszonkowy;Pocket Battleship;;;;;;;;;x
pocket_battleship_technology_desc;The Deutschland class was a series of three Panzerschiffe, a form of heavily armed cruiser, built by the German Reichsmarine more or less in accordance with restrictions imposed by the Treaty of Versailles. The British began referring to the vessels as pocket battleships, in reference to the heavy firepower of the relatively small vessels.;X;Die Deutschland-Klasse, war eine Serie aus drei Panzerschiffen, eine Art überbewaffnete schwere Kreuzer, welcher entstand, um die Bedingungen des Versailler Vertrags zu umgehen. Die Briten nannten sie Westentaschen-Schlachtschiffe, wegen ihrer immensen Feuerkraft auf einem recht kleinen Rumpf. ;Klasa Deutschland by³a seri¹ trzech Panzerschiffe, rodzaj ciê¿ko uzbrojonych kr¹¿owników, zbudowanych przez niemieck¹ Reichsmarine mniej lub bardziej zgodnie z ograniczeniami na³o¿onymi przez Traktat Wersalski. Brytyjczycy zaczêli okreœlaæ je jako pancerniki kieszonkowe, w odniesieniu do ciê¿kiej si³y ognia przy stosunkowo niewielkiej wielkoœci okrêtu.;X;;;;;;;;;x
pocket_battleship_armament;Pocket Battleship: Main Armament;Pocket Battleship: Main Armament;Panzerschiff: Hauptbewaffnung;G³ówne Uzbrojenie Pancernika Kieszonkowego;Pocket Battleship: Main Armament;;;;;;;;;x
pocket_battleship_activation_desc;The principal feature of the Pocket battleships design was that it had guns of large enough calibre —280 mm (11 inches)— to out-gun almost any enemy cruiser fast enough to catch it, while being fast enough to outrun almost any enemy powerful enough to sink it.;X;Das Prinzip des Designs der Deutschland-Klasse, beruhte auf den 280mm Kanonen, welche sich feindliche Schiffe, die mit ihrer Geschwindigkeit Schritt halten konnten, an Feuerkraft überlegen waren, und Schiffen die an Feuerkraft ihrerseits überlegen waren, auf Grund ihrer hohen Geschwindigkeit davonfahren zu können. ;Zasadnicz¹ cech¹ projektu Deutschland by³o to, ¿e mia³ wystarczaj¹co du¿e dzia³a kalibru -280 mm (11 cali) - by pochwyciæ i zatopiæ prawie ka¿dego kr¹¿ownika.;X;;;;;;;;;x
pocket_battleship_engine;Pocket Battleship: Engine;Pocket Battleship: Engine;Panzerschiff: Antrieb;Silnik Pancernika Kieszonkowego;Pocket Battleship: Engine;;;;;;;;;x
pocket_battleship_engine_desc;Pocket Battleships are quite fast and long-ranged warships. The adoption of an all-diesel propulsion system was a radical innovation at the time and contributed to significant savings in weight. This in turn increased operating range and speed. However, it's important our heavy cruisers don't get left behind by newer ships. More powerful engines will mean we can build faster, longer-ranged ships.;X;Unsere Panzerschiffe sind zwar recht schnell und haben eine große Reichweite, aber wir sollten unsere Panzerschiffe nicht in der Entwicklung hinter neueren Schiffen hinterherhinken lassen. Bessere Maschinen bedeutet Schnelligkeit und größere Reichweite. ;Pancerniki Kieszonkowe s¹ ca³kiem szybkim i dalekodystansowym okrêtem wojennym. Jednak¿e wa¿ne jest by nasze ciê¿kie kr¹¿owniki nie zosta³y zast¹pione przez nowsze statki. Potê¿ne silniki sprawi¹, ¿e bêdziemy zbudowaæ szybsze i o dalszym zasiêgu.;X;;;;;;;;;x
pocket_battleship_armour;Pocket Battleship: Armour;Pocket Battleship: Armour;Panzerschiff: Panzerung;Pancerz Pancernika Kieszonkowego;Pocket Battleship: Armour;;;;;;;;;x
pocket_battleship_armour_desc;Pocket Battleships have armour which can stand up against anything apart from a battleship shell. Thicker and stronger armour plate will mean we can build more durable models.;X;Die Panzerung eines Panzerschiffes kann bis auf Granaten eines Schlachtschiffes einiges vertragen. Dickere Panzerung läßt sie bei Beschuß länger standhalten. ;Pancerniki kieszonkowe maj¹ opancerzenie, które mog¹ stan¹æ na przeciw wszystkich okrêtów poza kad³ubem pancernika. Grubsze i mocniejsze pancerze oznaczaj¹, ¿e mo¿emy zbudowaæ bardziej wytrzyma³e modele.;X;;;;;;;;;x
super_heavy_battleship_armament;Super Heavy Battleship: Main Armament;Super Heavy Battleship: Main Armament;Superschw. Schlachtschiff: Hauptbewaffnung;G³ówne Uzbrojenie Superciê¿kego Pancernika;Super Heavy Battleship: Main Armament;;;;;;;;;x
super_heavy_battleship_armament_desc;Heavy guns, better guns, firing heavier shells at a higher speed, will mean we can build capital ships which are even more powerful against surface targets.;X;Schwerere und bessere Geschütze, verschießen schwerere Granaten bei höherer Feuergeschwindigkeit, was bedeutet, daß wir noch kräftigere Schlachtschiffe gegen Überwasserziele bauen können. ;Ciê¿kie dzia³a, lepsza broñ, strzelaj¹c ciê¿sze pociski z wiêksz¹ prêdkoœci¹, to oznacza, ¿e mo¿emy budowaæ wspania³e okrêty, które s¹ najbardziej skuteczne przeciwko celom nawodnym.;X;;;;;;;;;x
super_heavy_battleship_engine;Super Heavy Battleship: Engine;Super Heavy Battleship: Engine;Superschw. Schlachtschiff: Antrieb;Silnik Superciê¿kiego Pancernika;Super Heavy Battleship: Engine;;;;;;;;;x
super_heavy_battleship_engine_desc;Our battleships risk being left behind by enemy warships. Improving our battleship engine designs will mean we can build battleships which steam faster.;X;Unsere Schlachtschiffe riskieren, von feindlichen Schiffen abgehängt zu werden. Die Verbesserung unserer Schlachtschiffsantriebe läßt sie schneller werden. ;Nasze okrêty wojenne ryzykuj¹, ¿e pozostan¹ w tyle za okrêtami wroga. Poprawa konstrukcji silników naszych pancerników oznacza, ¿e mo¿emy budowaæ okrêty, które p³yn¹ szybciej.;X;;;;;;;;;x
super_heavy_battleship_armour;Super Heavy Battleship: Armour;Super Heavy Battleship: Armour;Superschw. Schlachtschiff: Panzerung;Pancerz Superciê¿kiego Pancernika;Super Heavy Battleship: Armour;;;;;;;;;x
super_heavy_battleship_armour_desc;Battleships are protected by heavy steel plate. Improved armour schemes have thicker plates, stronger alloys, or better layouts. Researching them means we can build battleships which are more difficult to sink.;X;Schlachtschiffe werden durch dicke Panzerungen geschützt. Wenn wir diese durch besseres Design, dickere Panzerplatten oder besseren Stahl verbessern können, können unsere Schlachtschiffe nicht so schnell versenkt werden. ;Pancerniki s¹ chronione przez ciê¿kie stalowe blachy. Ulepszone systemy uzbrojenia maj¹ grubsze p³yty, silniejsze stopy, lub lepsze rozmieszczenie. Badaj¹c je oznacza, ¿e mo¿emy budowaæ okrêty, które s¹ trudniejsze do zatopienia.;X;;;;;;;;;x
coastal_submarine_technology;Coastal Submarine;Coastal Submarine;Küsten-U-Boot;Przybrze¿ny Okrêt podwodny;Coastal Submarine;;;;;;;;;x
coastal_submarine_technology_desc;The coastal submarines were small ships with a small crew, only little number of torpedoes and especially only a short range. If your submarine force only operates in smaller sea area, then you can use them instead of the more expensive normal ones.;X;Küsten-U-Boote sind Tauchboote mit kleinerer Reichweite, Crew, und wenigen Torpedos. Sie eignen sich besser für den Einsatz in kleineren Seegebieten, als die teureren großen U-Boote. ;Przybrze¿ne okrêty podwodne by³y ma³ymi statkami z ma³¹ za³og¹, ma³¹ liczb¹ torped i krótkim zasiêgiem. Jeœli twoja podwodna si³a dzia³a w mniejszym obszarze, to mo¿na ich u¿ywaæ zamiast dro¿szych normalnych.;X;;;;;;;;;x
coastal_submarine_antiaircraft;Coastal Submarine: Antiaircraft;Coastal Submarine: Antiaircraft;Küsten-U-Boot: Flugabwehr;Uzbrojenie Plot. Przybrze¿nego Okr.Podw.;Coastal Submarine: Antiaircraft;;;;;;;;;x
coastal_submarine_antiaircraft_desc;Submarines carry small anti-aircraft guns. By improving these guns, we can refit our submarines and give them better protection against air attack;Les sous-marins sont munis de canons antiaériens légers. En améliorant ces canons, nous pourrons réarmer nos sous-marins et améliorer leur protection face aux attaques aériennes.;U-Boote sind mit kleinkalibrigen Flakgeschützen ausgerüstet. Durch die Verbesserung dieser Geschütze könnten wir die Flugabwehrfähigkeiten unserer U-Boote verbessern.;Okrêty podwodne posiadaj¹ ma³¹ artyleriê przeciwlotnicz¹. Dziêki poprawie tych karabinów, mo¿emy odremontowaæ nasze okrêty podwodne i daæ im lepsz¹ ochronê przed atakami lotniczymi.;Los submarinos están equipados con cañones antiaéreos ligeros. Si mejoramos estos cañones, podremos reequipar a nuestros submarinos para que puedan protegerse mejor contra los ataques aéreos.;;;;;;;;;x
coastal_submarine_engine;Coastal Submarine: Engine;Coastal Submarine: Engine;Küsten-U-Boot: Antrieb;Silnik Przybrze¿nego Okr.Podw.;Coastal Submarine: Engine;;;;;;;;;x
coastal_submarine_engine_desc;Submarines are quite slow and short-ranged. By researching better diesel engines for use on the surface and better electric motors for use underwater, we will be able to build submarines with more speed and endurance.;Les sous-marins sont relativement lents et leur rayon d'action est plutôt limité. La recherche de meilleurs moteurs diesel destinés à être utilisés à la surface et de meilleurs moteurs électriques destinés à être utilisés sous l'eau nous permettra de construire des sous-marins plus rapides et plus résistants.;U-Boote sind relativ langsam und haben nur geringe Reichweite. Durch die Erforschung besserer Dieselantriebe für die Überwasserfahrt und besserer Elektroantriebe für die Unterwasserfahrt könnten wir die Geschwindigkeit und Einsatzdauer unserer U-Boote steigern.;Okrêty podwodne s¹ doœæ powolne i o krótkim zasiêgu. Badaj¹c lepsze silniki Diesla do u¿ytkowania na powierzchni i lepsze silniki elektryczne do u¿ytku pod wod¹ bêdziemy w stanie budowaæ okrêty z wiêksz¹ szybkoœci¹ i wytrzyma³oœci¹.;Los submarinos son bastante lentos y tienen una autonomía escasa. Si investigamos mejores motores diésel para uso en superficie, y mejores motores eléctricos para uso submarino, podremos construir submarinos más rápidos y duraderos.;;;;;;;;;x
coastal_submarine_hull;Coastal Submarine: Hull;Coastal Submarine: Hull;Küsten-U-Boot: Rumpf;Kad³ub Przybrze¿nego Okr.Podw.;Coastal Submarine: Hull;;;;;;;;;x
coastal_submarine_hull_desc;To escape attack, submarines must dive underwater. The stronger the hull of a submarine is, the deeper it can dive, and the more likely it is to survive a depth-charge attack. If we improve our submarine hull designs we will be able to build submarines which are more resistant to damage.;Les sous-marins peuvent s'immerger pour échapper à une attaque. Plus la coque d'un sous-marin est solide, plus il pourra plonger profondément et plus il sera susceptible de résister à une attaque de grenade sous-marine. Si nous améliorons les conceptions de coque de nos sous-marins, nous serons en mesure de construire des sous-marins résistant davantage aux dégâts.;Zur Flucht vor Angriffen müssen U-Boote tauchen. Je stärker der Rumpf eines U-Bootes ist, desto tiefer kann es tauchen. Die Rumpfstärke erhöht auch die Überlebenschancen bei Wasserbombenangriffen. Wenn wir unsere U-Boot-Designs verbessern würden, könnten wir widerstandsfähigere U-Boote bauen.;Aby unikn¹æ ataku okrêtów podwodnych musi nurkowaæ. Im silniejszy kad³ub okrêtu podwodnego to jest g³êbsza mo¿liwoœæ nurkowania, a bardziej prawdopodobne jest, by przetrwaæ atak g³êbinowy. Jeœli mo¿emy poprawiæ nasze projekty kad³uba okrêtu podwodnego bêdziemy mogli budowaæ okrêty podwodne, które s¹ bardziej odporne na uszkodzenia.;Para huir del ataque, los submarinos tienen que sumergirse. Cuanto más fuerte sea el casco de un submarino, a más profundidad podrá sumergirse, y mayores serán sus probabilidades de sobrevivir a un ataque con cargas de profundidad. Si mejoramos los diseños de los cascos de nuestros submarinos, podremos construir submarinos más resistentes al daño.;;;;;;;;;x
frigate_technology;Frigate/Destroyer Escort;Frigate/Corvette;Geleitboot;Fregata/Korweta;Frigate/Corvette;;;;;;;;;x
frigate_technology_desc;Frigates are small ships, normally bigger than a corvette, and are specialized in submarine hunting. They have the same capability as destroyers in ASW warfare but are smaller and much less capable surface combatants. ;X;Fregatten sind, etwas größer als Korvetten, spezialisiert in der U-Boot-Jagd. Ihre Bewaffnung ist anderen Überwasserschiffen unterlegen, aber sie haben ein besseres Sonarsystem als Zerstörer oder Torpedoboote. Sie sind die besten U-Jäger im Spiel. ;Fregaty s¹ ma³ymi statkami, zwykle wiêkszymi od corwety i specjalizuje siê w podwodnych polowaniach. Ich inne uzbrojenie jest ma³e, wiêc nie s¹ one przeznaczone do prawdziwej walki morskiej. Zamiast tego maj¹ lepsze systemy sonaru ni¿ niszczyciele i torpedowce. Statki te s¹ najlepszymi podwodnymi myœliwymi w grze.;X;;;;;;;;;x
super_carrier_technology;Super Carrier;Super Carrier;Großer Flottenträger;Super Lotniskowiec;Super Carrier;;;;;;;;;x
super_carrier_technology_desc;Supercarrier is an unofficial descriptive term for the largest type of aircraft carrier, usually displacing over 70,000 long tons. Supercarriers are the largest warships ever built. They can carry 3 CAG units.;X;Großer Flottenträger ist eine inoffizielle Bezeichnung für Träger über 70,000 BRT. Sie sind die größten, je gebauten Kriegsschiffe, und können 3 Einheiten Trägerflugzeuge mit sich mitführen. ;Superlotniskowiec jest nieoficjaln¹ nazw¹ dla najwiêkszych typów lotniskowca, zwykle wypiera ponad 70.000 ton. Superlotniskowce to najwiêksze okrêty wojenne, jakie kiedykolwiek zbudowano. Mog¹ one pomieœæiæ 3 jednostki CAG.;X;;;;;;;;;x
anti_air_cruiser_activation;Anti-Air Cruiser;Anti-Air Cruiser;Flakkreuzer;Kr¹¿ownik Przeciwlotniczy;;;;;;;;;;x
anti_air_cruiser_activation_desc;The development of the anti-aircraft cruiser began in 1935 when the Royal Navy re-armed HMS Coventry and HMS Curlew. Torpedo tubes and 6-inch (15 cm) low-angle guns were removed from these WWI light cruisers and replaced by ten 4-inch (10 cm) high-angle guns with appropriate fire-control equipment to provide larger warships with protection against high-altitude bombers.;;Die Entwicklung der FlaK-Kreuzer begann 1935, als die Royal Navy die HMS Coventry und HMS Curlew wiederbewaffnete. Die Torpedowerfer und die 15 cm Geschütze wurden aus den leichten 1.Weltkriegskreuzern ausgebaut, und durch 4-inch (10 cm) Steilfeuergeschütze ersetzt und mit Feuerleitsystemen ausgestattet, um die größeren Kriegsschiffe gegen Luftangriffe von höher anfliegenden Bombern zu schützen. ;Rozwój kr¹¿ownika przeciwlotniczego rozpocz¹³ siê w 1935 roku, gdy HMS Coventry i HMS Curlew uzbrojono ponownie. Rury Torpedowe 6 cali (15 cm) o niskim k¹cie zosta³y usuniête podczas I wojny œwiatowej z kr¹¿owników lekkich i zast¹pione przez dziesiêæ 4-calowych (10 cm) dzia³ pod du¿ym k¹tem zapewnieniaj¹c wiêkszym okrêtom wojennym ochronê przed atakom wrogich samolotów.;;;;;;;;;;x
transport_ship_hull;Transport Ship Hull;Transport Ship Hull;Handelsschiffrumpf;Kad³ub Statku Transportowego;Transport Ship Hull;;;;;;;;;x
transport_ship_hull_desc;Researching and building better transports will allow for greater sea invasion capabilities;;Erforschen und Bauen von besseren Transportschiffen wird uns größere Landungsoperationen erlauben;;;;;;;;x;;;x
carrier_deck_optimisation;Carrier Deck Optimisation;Carrier deck optimisation;Carrier deck optimisation;Carrier deck optimisation;Carrier deck optimisation;;;;;;;;;x
carrier_deck_optimisation_desc;The amount of aircraft was limited by the size of the ships hangars. However by optimising the flight deck space on a carrier more aircraft could be carried.;X;X;X;X;;;;;;;;;x
submarine_electroboat;Electro-boat engine;;elektrisches U-Boot;;;;;;;;;;;x
submarine_snorkel;Submarine Snorkel;;U-Boot Schnorchel;;;;;;;;;;;x
asw_counter_measures;Acoustic Countermeasures;;akustische Anti-U-Boot Maßnahmen;;;;;;;;;;;x
##################################################;;;;;;;;;;;;;;x
GER_super_heavy_battleship_armament_1;8 x 42cm L/48 SK C/40;8 x 42cm L/48 SK C/40;8 x 42cm L/48 SK C/40;8 x 42cm L/48 SK C/40;8 x 42cm L/48 SK C/40;;;;;;;;;x
GER_super_heavy_battleship_armament_2;8 x 50,8cm/48 SK C/44;8 x 50,8cm/48 SK C/44;8 x 50,8cm/48 SK C/44;8 x 50,8cm/48 SK C/44;8 x 50,8cm/48 SK C/44;;;;;;;;;x
GER_super_heavy_battleship_armament_3;8 x 50,8cm/48 SK C/44;8 x 50,8cm/48 SK C/44;8 x 50,8cm/48 SK C/44;8 x 50,8cm/48 SK C/44;8 x 50,8cm/48 SK C/44;;;;;;;;;x
GER_super_heavy_battleship_engine_1;240.000 hp turbines;Turbines 240.000 hp;240.000 PS Turbinen;Turbina 240.000 hp;Turbinas 240.000 cv;;;;;;;;;x
GER_super_heavy_battleship_engine_2;270.000 hp turbines;Turbines 270.000 hp;270.000 PS Turbinen;Turbina 270.000 hp;Turbinas 270.000 cv;;;;;;;;;x
GER_super_heavy_battleship_engine_3;300.000 hp turbines;Turbines 300.000 hp;300.000 PS Turbinen;Turbina 300.000 hp;Turbinas 300.000 cv;;;;;;;;;x
GER_super_heavy_battleship_armour_1;D.140mm/B.385mm/T.400mm Schott;D.140mm/B.385mm/T.400mm Schott;D.140mm/B.385mm/T.400mm Schott;D.140mm/B.385mm/T.400mm Schott;D.140mm/B.385mm/T.400mm Schott;;;;;;;;;x
GER_super_heavy_battleship_armour_2;D.140mm/B.385mm/T.400mm Schott;D.140mm/B.385mm/T.400mm Schott;D.140mm/B.385mm/T.400mm Schott;D.140mm/B.385mm/T.400mm Schott;D.140mm/B.385mm/T.400mm Schott;;;;;;;;;x
GER_super_heavy_battleship_armour_3;D.160mm/B.400mm/T.425mm Schott;D.160mm/B.400mm/T.425mm Schott;D.160mm/B.400mm/T.425mm Schott;D.160mm/B.400mm/T.425mm Schott;D.160mm/B.400mm/T.425mm Schott;;;;;;;;;x
pocket_battleship_armament_1;6 x 28cm L/52 SK C/28;6 x 28cm L/52 SK C/28;6 x 28cm L/52 SK C/28;6 x 28cm L/52 SK C/28;6 x 28cm L/52 SK C/28;;;;;;;;;x
pocket_battleship_armament_2;6 x 28cm L/54,5 SK C/34;6 x 28cm L/54,5 SK C/34;6 x 28cm L/54,5 SK C/34;6 x 28cm L/54,5 SK C/34;6 x 28cm L/54,5 SK C/34;;;;;;;;;x
pocket_battleship_engine_1;53.650 hp turbines;53.650 hp turbines;53.650 PS Turbinen;Turbina 53.650 hp;Turbinas 53.650 cv;;;;;;;;;x
pocket_battleship_engine_2;165.000 hp turbines;165.000 hp turbines;165.000 PS Turbinen;Turbina 165.000 hp;Turbinas 165..000 cv;;;;;;;;;x
pocket_battleship_armour_1;D.45mm/B.80mm/T.140mm;D.45mm/B.80mm/T.140mm;D.45mm/B.80mm/T.140mm;D.45mm/B.80mm/T.140mm;D.45mm/B.80mm/T.140mm;;;;;;;;;x
pocket_battleship_armour_2;D.100mm/B.120mm/T.140mm;D.100mm/B.120mm/T.140mm;D.100mm/B.120mm/T.140mm;D.100mm/B.120mm/T.140mm;D.100mm/B.120mm/T.140mm;;;;;;;;;x
grand_destroyer_armament_1;5 x 15cm L/45 SK;5 x 15cm L/45 SK;5 x 15cm L/45 SK;5 x 15cm L/45 SK;5 x 15cm L/45 SK;;;;;;;;;x
grand_destroyer_armament_2;4 x 15cm L/48 SK C/36;4 x 15cm L/48 SK C/36;4 x 15cm L/48 SK C/36;4 x 15cm L/48 SK C/36;4 x 15cm L/48 SK C/36;;;;;;;;;x
GER_grand_destroyer_armament_3;5 x 15cm L/48 SK C/36;5 x 15cm L/48 SK C/36;5 x 15cm L/48 SK C/36;5 x 15cm L/48 SK C/36;5 x 15cm L/48 SK C/36;;;;;;;;;x
GER_grand_destroyer_armament_4;6 x 15cm L/48 SK C/36;6 x 15cm L/48 SK C/36;6 x 15cm L/48 SK C/36;6 x 15cm L/48 SK C/36;6 x 15cm L/48 SK C/36;;;;;;;;;x
GER_grand_destroyer_armament_5;6 x 15cm L/48 SK C/36;6 x 15cm L/48 SK C/36;6 x 15cm L/48 SK C/36;6 x 15cm L/48 SK C/36;6 x 15cm L/48 SK C/36;;;;;;;;;x
GER_grand_destroyer_engine_1;38.000 hp Turbinen;38.000 hp turbines;38.000 PS Turbinen;Turbina 38.000 hp;Turbinas 38.000 cv;;;;;;;;;x
GER_grand_destroyer_engine_2;74.000 hp Turbinen;74.000 hp turbines;74.000 PS Turbinen;Turbina 74.000 hp;Turbinas 74.000 cv;;;;;;;;;x
GER_grand_destroyer_engine_3;87.450 hp Turbinen;87.450 hp turbines;87.450 PS Turbinen;Turbina 87.450 hp;Turbinas 87.450 cv;;;;;;;;;x
GER_grand_destroyer_engine_4;92.000 hp turbines;92.000 hp turbines;92.000 PS Turbinen;Turbina 92.000 hp;Turbinas 92.000 cv;;;;;;;;;x
GER_grand_destroyer_engine_5;110.000 hp turbines;110.000 hp turbines;110.000 PS Turbinen;Turbina 110.000 hp;Turbinas 110.000 cv;;;;;;;;;x
GER_torpedo_boat_armament_1;2-3 x 8,8cm L/45 SK;2-3 x 8,8cm L/45 SK;2-3 x 8,8cm L/45 SK;2-3 x 8,8cm L/45 SK;2-3 x 8,8cm L/45 SK;;;;;;;;;x
GER_torpedo_boat_armament_2;4 x 10,5cm L/45 SK C/32;4 x 10,5cm L/45 SK C/32;4 x 10,5cm L/45 SK C/32;4 x 10,5cm L/45 SK C/32;4 x 10,5cm L/45 SK C/32;;;;;;;;;x
GER_torpedo_boat_armament_3;4 x 10,5cm L/45 SK C/32;4 x 10,5cm L/45 SK C/32;4 x 10,5cm L/45 SK C/32;4 x 10,5cm L/45 SK C/32;4 x 10,5cm L/45 SK C/32;;;;;;;;;x
GER_torpedo_boat_armament_4;1 x 10,5cm L/45 SK C/32;1 x 10,5cm L/45 SK C/32;1 x 10,5cm L/45 SK C/32;1 x 10,5cm L/45 SK C/32;1 x 10,5cm L/45 SK C/32;;;;;;;;;x
GER_torpedo_boat_armament_5;4 x 10,5cm L/45 SK C/32;4 x 10,5cm L/45 C/32;4 x 10,5cm L/45 C/32;4 x 10,5cm L/45 C/32;4 x 10,5cm L/45 C/32;;;;;;;;;x
GER_torpedo_boat_armament_6;4 x 12,7cm L/45 SK C/34;4 x 12,7cm L/45 C/34;4 x 12,7cm L/45 C/34;4 x 12,7cm L/45 C/34;4 x 12,7cm L/45 C/34;;;;;;;;;x
GER_torpedo_boat_armament_7;4 x 10,5cm L/45 SK C/32;4 x 10,5cm L/45 C/32;4 x 10,5cm L/45 C/32;4 x 10,5cm L/45 C/32;4 x 10,5cm L/45 C/32;;;;;;;;;x
GER_torpedo_boat_engine_1;6.008 PS Turbinen;6.008 hp turbines;6.008 PS Turbinen;Turbina 6.008 PS;Turbinas 6.008 cv;;;;;;;;;x
GER_torpedo_boat_engine_2;22.100 PS Turbinen;22.100 hp turbines;22.100 PS Turbinen;Turbina 22.100 PS;Turbinas 22.100 cv;;;;;;;;;x
GER_torpedo_boat_engine_3;25.500 PS Turbinen;25.500 hp turbines;25.500 PS Turbinen;Turbina 25.500 PS;Turbinas 25.500 cv;;;;;;;;;x
GER_torpedo_boat_engine_4;34.000 PS Turbinen;34.000 hp turbines;34.000 PS Turbinen;Turbina 34.000 PS;Turbinas 34.000 cv;;;;;;;;;x
GER_torpedo_boat_engine_5;32.560 PS Turbinen;32.560 hp turbines;32.560 PS Turbinen;Turbina 32.560 PS;Turbinas 32.560 cv;;;;;;;;;x
GER_torpedo_boat_engine_6;49.500 PS Turbinen;49.500 hp turbines;49.500 PS Turbinen;Turbina 49.500 PS;Turbinas 49.500 cv;;;;;;;;;x
GER_torpedo_boat_engine_7;52.000 PS Turbinen;52.000 hp turbines;52.000 PS Turbinen;Turbina 52.000 PS;Turbinas 52.000 cv;;;;;;;;;x
GER_torpedo_boat_armour_1;Torpedoboot 1916-Design;Torpedoboot 1916-Design;Torpedoboot 1916-Design;Torpedoboot 1916-Design;Torpedoboot 1916-Design;;;;;;;;;x
GER_torpedo_boat_armour_2;Torpedoboot 1923-Design;Torpedoboot 1923-Design;Torpedoboot 1923-Design;Torpedoboot 1923-Design;Torpedoboot 1923-Design;;;;;;;;;x
GER_torpedo_boat_armour_3;Torpedoboot 1924-Design;Torpedoboot 1924-Design;Torpedoboot 1924-Design;Torpedoboot 1924-Design;Torpedoboot 1924-Design;;;;;;;;;x
GER_torpedo_boat_armour_4;Flottentorpedoboot 1935/37-Design;Flottentorpedoboot 1935/37-Design;Flottentorpedoboot 1935/37-Design;Flottentorpedoboot 1935/37-Design;Flottentorpedoboot 1935/37-Design;;;;;;;;;x
GER_torpedo_boat_armour_5;Flottentorpedoboot 1939-Design;Flottentorpedoboot 1939-Design;Flottentorpedoboot 1939-Design;Flottentorpedoboot 1939-Design;Flottentorpedoboot 1939-Design;;;;;;;;;x
GER_torpedo_boat_armour_6;Flottentorpedoboot 1940-Design;Flottentorpedoboot 1940-Design;Flottentorpedoboot 1940-Design;Flottentorpedoboot 1940-Design;Flottentorpedoboot 1940-Design;;;;;;;;;x
GER_torpedo_boat_armour_7;Flottentorpedoboot 1941/44-Design;Flottentorpedoboot 1941/44-Design;Flottentorpedoboot 1941/44-Design;Flottentorpedoboot 1941/44-Design;Flottentorpedoboot 1941/44-Design;;;;;;;;;x
USA_super_heavy_battleship_armament_1;12 x 40,6cm L/50 Mk.7;12 x 40,6cm L/50 Mk.7;12 x 40,6cm L/50 Mk.7;12 x 40,6cm L/50 Mk.7;12 x 40,6cm L/50 Mk.7;;;;;;;;;x
USA_super_heavy_battleship_armament_2;9 x 45,7cm L/48 Mk.A;9 x 45,7cm L/48 Mk.A;9 x 45,7cm L/48 Mk.A;9 x 45,7cm L/48 Mk.A;9 x 45,7cm L/48 Mk.A;;;;;;;;;x
USA_super_heavy_battleship_engine_1;172.000 hp turbines;Turbines 172.000 hp;172.000 PS Turbinen;Turbina 172.000 hp;Turbinas 172.000 cv;;;;;;;;;x
USA_super_heavy_battleship_engine_2;212.000 hp turbines;Turbines 212.000 hp;212.000 PS Turbinen;Turbina 212.000 hp;Turbinas 212.000 cv;;;;;;;;;x
USA_super_heavy_battleship_armour_1;D.187mm/B.409mm/T.572mm Schott;D.187mm/B.409mm/T.572mm Schott;D.187mm/B.409mm/T.572mm Schott;D.187mm/B.409mm/T.572mm Schott;D.187mm/B.409mm/T.572mm Schott;;;;;;;;;x
USA_super_heavy_battleship_armour_2;D.200mm/B.415mm/T.585mm Schott;D.200mm/B.415mm/T.585mm Schott;D.200mm/B.415mm/T.585mm Schott;D.200mm/B.415mm/T.585mm Schott;D.200mm/B.415mm/T.585mm Schott;;;;;;;;;x
ENG_super_heavy_battleship_armament_1;12 x 40,6cm L/45 Mk.IV;12 x 40,6cm L/45 Mk.IV;12 x 40,6cm L/45 Mk.IV;12 x 40,6cm L/45 Mk.IV;12 x 40,6cm L/45 Mk.IV;;;;;;;;;x
ENG_super_heavy_battleship_armament_2;9 x 45,7cm L/45 Mk.II;9 x 45,7cm L/45 Mk.II;9 x 45,7cm L/45 Mk.II;9 x 45,7cm L/45 Mk.II;9 x 45,7cm L/45 Mk.II;;;;;;;;;x
ENG_super_heavy_battleship_engine_1;145.000 hp turbines;Turbines 145.000 hp;145.000 PS Turbinen;Turbina 145.000 hp;Turbinas 145.000 cv;;;;;;;;;x
ENG_super_heavy_battleship_engine_2;165.000 hp turbines;Turbines 165.000 hp;165.000 PS Turbinen;Turbina 165.000 hp;Turbinas 165.000 cv;;;;;;;;;x
ENG_super_heavy_battleship_armour_1;D.162mm/B.400mm/T.418mm Schott;D.162mm/B.400mm/T.418mm Schott;D.162mm/B.400mm/T.418mm Schott;D.162mm/B.400mm/T.418mm Schott;D.162mm/B.400mm/T.418mm Schott;;;;;;;;;x
ENG_super_heavy_battleship_armour_2;D.175mm/B.415mm/T.430mm Schott;D.175mm/B.415mm/T.430mm Schott;D.175mm/B.415mm/T.430mm Schott;D.175mm/B.415mm/T.430mm Schott;D.175mm/B.415mm/T.430mm Schott;;;;;;;;;x
JAP_super_heavy_battleship_armament_1;9 x 46cm L/45 Mod.1934;9 x 46cm L/45 Mod.1934;9 x 46cm L/45 Mod.1934;9 x 46cm L/45 Mod.1934;9 x 46cm L/45 Mod.1934;;;;;;;;;x
JAP_super_heavy_battleship_armament_2;8 x 51cm L/45 Mod.1938;8 x 51cm L/45 Mod.1938;8 x 51cm L/45 Mod.1938;8 x 51cm L/45 Mod.1938;8 x 51cm L/45 Mod.1938;;;;;;;;;x
JAP_super_heavy_battleship_armament_3;9 x 51cm L/45 Mod.1938;9 x 51cm L/45 Mod.1938;9 x 51cm L/45 Mod.1938;9 x 51cm L/45 Mod.1938;9 x 51cm L/45 Mod.1938;;;;;;;;;x
JAP_super_heavy_battleship_engine_1;150.000 hp turbines;Turbines 150.000 hp;150.000 PS Turbinen;Turbina 150.000 hp;Turbinas 150.000 cv;;;;;;;;;x
JAP_super_heavy_battleship_engine_2;200.000 hp turbines;Turbines 200.000 hp;200.000 PS Turbinen;Turbina 200.000 hp;Turbinas 200.000 cv;;;;;;;;;x
JAP_super_heavy_battleship_engine_3;240.000 hp turbines;Turbines 240.000 hp;240.000 PS Turbinen;Turbina 240.000 hp;Turbinas 240.000 cv;;;;;;;;;x
JAP_super_heavy_battleship_armour_1;D.230mm/B.410mm/T.650mm Schott;D.230mm/B.410mm/T.650mm Schott;D.230mm/B.410mm/T.650mm Schott;D.230mm/B.410mm/T.650mm Schott;D.230mm/B.410mm/T.650mm Schott;;;;;;;;;x
JAP_super_heavy_battleship_armour_2;D.230mm/B.410mm/T.650mm Schott;D.230mm/B.410mm/T.650mm Schott;D.230mm/B.410mm/T.650mm Schott;D.230mm/B.410mm/T.650mm Schott;D.230mm/B.410mm/T.650mm Schott;;;;;;;;;x
JAP_super_heavy_battleship_armour_3;D.245mm/B.430mm/T.675mm Schott;D.245mm/B.430mm/T.675mm Schott;D.245mm/B.430mm/T.675mm Schott;D.245mm/B.430mm/T.675mm Schott;D.245mm/B.430mm/T.675mm Schott;;;;;;;;;x
FRA_grand_destroyer_armament_1;5 x 13,8cm L/40 Mod.1923;5 x 13,8cm L/40 Mod.1923;5 x 13,8cm L/40 Mod.1923;5 x 13,8cm L/40 Mod.1923;5 x 13,8cm L/40 Mod.1923;;;;;;;;;x
FRA_grand_destroyer_armament_2;5 x 13,8cm L/40 Mod.1927;5 x 13,8cm L/40 Mod.1927;5 x 13,8cm L/40 Mod.1927;5 x 13,8cm L/40 Mod.1927;5 x 13,8cm L/40 Mod.1927;;;;;;;;;x
FRA_grand_destroyer_armament_3;5 x 13,8cm L/45 Mod.1929;5 x 13,8cm L/45 Mod.1929;5 x 13,8cm L/45 Mod.1929;5 x 13,8cm L/45 Mod.1929;5 x 13,8cm L/45 Mod.1929;;;;;;;;;x
FRA_grand_destroyer_armament_4;8 x 13,8cm L/45 Mod.1934;8 x 13,8cm L/45 Mod.1934;8 x 13,8cm L/45 Mod.1934;8 x 13,8cm L/45 Mod.1934;8 x 13,8cm L/45 Mod.1934;;;;;;;;;x
FRA_grand_destroyer_armament_5;6 x 15,2cm L/55 Mod.1930;6 x 15,2cm L/55 Mod.1930;6 x 15,2cm L/55 Mod.1930;6 x 15,2cm L/55 Mod.1930;6 x 15,2cm L/55 Mod.1930;;;;;;;;;x
FRA_grand_destroyer_engine_1;64.000 hp Turbinen;64.000 hp turbines;64.000 PS Turbinen;Turbina 64.000 hp;Turbinas 64.000 cv;;;;;;;;;x
FRA_grand_destroyer_engine_2;64.000-68.000 hp Turbinen;64.000-68.000 hp turbines;64.000-68.000 PS Turbinen;Turbina 64.000-68.000 hp;Turbinas 64.000-68.000 cv;;;;;;;;;x
FRA_grand_destroyer_engine_3;74.000 hp Turbinen;74.000 hp turbines;74.000 PS Turbinen;Turbina 74.000 hp;Turbinas 74.000 cv;;;;;;;;;x
FRA_grand_destroyer_engine_4;92.000 hp turbines;92.000 hp turbines;92.000 PS Turbinen;Turbina 92.000 hp;Turbinas 92.000 cv;;;;;;;;;x
FRA_grand_destroyer_engine_5;100.000 hp turbines;100.000 hp turbines;100.000 PS Turbinen;Turbina 100.000 hp;Turbinas 100.000 cv;;;;;;;;;x
FRA_grand_destroyer_armour_1;Guepard-Design;Guepard-Design;Guepard-Design;Guepard-Design;Guepard-Design;;;;;;;;;x
FRA_grand_destroyer_armour_2;Aigle/Vauquelin-Design;Aigle/Vauquelin-Design;Aigle/Vauquelin-Design;Aigle/Vauquelin-Design;Aigle/Vauquelin-Design;;;;;;;;;x
FRA_grand_destroyer_armour_3;Le Fantasque-Design;Le Fantasque-Design;Le Fantasque-Design;Le Fantasque-Design;Le Fantasque-Design;;;;;;;;;x
FRA_grand_destroyer_armour_4;Mogador-Design;Mogador-Design;Mogador-Design;Mogador-Design;Mogador-Design;;;;;;;;;x
FRA_grand_destroyer_armour_5;Mogador II-Design;Mogador II-Design;Mogador II-Design;Mogador II-Design;Mogador II-Design;;;;;;;;;x
FRA_torpedo_boat_armament_4;2 x 10cm L/45 Mod.1932;2 x 10cm L/45 Mod.1932;2 x 10cm L/45 Mod.1932;2 x 10cm L/45 Mod.1932;2 x 10cm L/45 Mod.1932;;;;;;;;;x
FRA_torpedo_boat_armament_5;4 x 10cm L/45 Mod.1933;4 x 10cm L/45 Mod.1933;4 x 10cm L/45 Mod.1933;4 x 10cm L/45 Mod.1933;4 x 10cm L/45 Mod.1933;;;;;;;;;x
FRA_torpedo_boat_engine_4;22.000 PS Turbinen;22.000 hp turbines;22.000 PS Turbinen;Turbina 22.000 PS;Turbinas 22.000 cv;;;;;;;;;x
FRA_torpedo_boat_engine_5;30.800 PS Turbinen;30.800 hp turbines;30.800 PS Turbinen;Turbina 30.800 PS;Turbinas 30.800 cv;;;;;;;;;x
FRA_torpedo_boat_armour_4;La Melpomene-Design;La Melpomene-Design;La Melpomene-Design;La Melpomene-Design;La Melpomene-Design;;;;;;;;;x
FRA_torpedo_boat_armour_5;Le Frier-Design;Le Frier-Design;Le Frier-Design;Le Frier-Design;Le Frier-Design;;;;;;;;;x
SOV_grand_destroyer_armament_1;5 x 13cm L/50 Mod.1936;5 x 13cm L/50 Mod.1936;5 x 13cm L/50 Mod.1936;5 x 13cm L/50 Mod.1936;5 x 13cm L/50 Mod.1936;;;;;;;;;x
SOV_grand_destroyer_armament_2;5 x 13cm L/50 Mod.1936;5 x 13cm L/50 Mod.1936;5 x 13cm L/50 Mod.1936;5 x 13cm L/50 Mod.1936;5 x 13cm L/50 Mod.1936;;;;;;;;;x
SOV_grand_destroyer_armament_3;6 x 13cm L/50 Mod.1936;6 x 13cm L/50 Mod.1936;6 x 13cm L/50 Mod.1936;6 x 13cm L/50 Mod.1936;6 x 13cm L/50 Mod.1936;;;;;;;;;x
SOV_grand_destroyer_armament_4;9 x 13cm L/50 Mod.1936;9 x 13cm L/50 Mod.1936;9 x 13cm L/50 Mod.1936;9 x 13cm L/50 Mod.1936;9 x 13cm L/50 Mod.1936;;;;;;;;;x
SOV_grand_destroyer_armament_5;6 x 15,2cm L/57 B-38 Mod.1938;6 x 15,2cm L/57 B-38 Mod.1938;6 x 15,2cm L/57 B-38 Mod.1938;6 x 15,2cm L/57 B-38 Mod.1938;6 x 15,2cm L/57 B-38 Mod.1938;;;;;;;;;x
SOV_grand_destroyer_engine_1;66.000 hp Turbinen;66.000 hp turbines;66.000 PS Turbinen;Turbina 66.000 hp;Turbinas 66.000 cv;;;;;;;;;x
SOV_grand_destroyer_engine_2;66.000 hp Turbinen;66.000 hp turbines;66.000 PS Turbinen;Turbina 66.000 hp;Turbinas 66.000 cv;;;;;;;;;x
SOV_grand_destroyer_engine_3;110.000 hp Turbinen;110.000 hp turbines;110.000 PS Turbinen;Turbina 110.000 hp;Turbinas 110.000 cv;;;;;;;;;x
SOV_grand_destroyer_engine_4;80.000 hp turbines;80.000 hp turbines;80.000 PS Turbinen;Turbina 80.000 hp;Turbinas 80.000 cv;;;;;;;;;x
SOV_grand_destroyer_engine_5;110.000 hp turbines;110.000 hp turbines;110.000 PS Turbinen;Turbina 110.000 hp;Turbinas 110.000 cv;;;;;;;;;x
SOV_grand_destroyer_armour_1;Leningrad-Design;Leningrad-Design;Leningrad-Design;Leningrad-Design;Leningrad-Design;;;;;;;;;x
SOV_grand_destroyer_armour_2;Minsk-Design;Minsk-Design;Minsk-Design;Minsk-Design;Minsk-Design;;;;;;;;;x
SOV_grand_destroyer_armour_3;Tashkent-Design;Tashkent-Design;Tashkent-Design;Tashkent-Design;Tashkent-Design;;;;;;;;;x
SOV_grand_destroyer_armour_4;Kiev-Design;Kiev-Design;Kiev-Design;Kiev-Design;Kiev-Design;;;;;;;;;x
SOV_grand_destroyer_armour_5;Kiev II-Design;Kiev II-Design;Kiev II-Design;Kiev II-Design;Kiev II-Design;;;;;;;;;x
SOV_torpedo_boat_armament_2;2 x 10,2cm L/60 Mod.1911;2 x 10,2cm L/60 Mod.1911;2 x 10,2cm L/60 Mod.1911;2 x 10,2cm L/60 Mod.1911;2 x 10,2cm L/60 Mod.1911;;;;;;;;;x
SOV_torpedo_boat_armament_7;3 x 10cm L/56 B-34 Mod.1940;3 x 10cm L/56 B-34 Mod.1940;3 x 10cm L/56 B-34 Mod.1940;3 x 10cm L/56 B-34 Mod.1940;3 x 10cm L/56 B-34 Mod.1940;;;;;;;;;x
################################################## NEW TECH;;;;;;;;;;;;;;x
lightcruiser_antiaircraft_desc;Naval anti-aircraft warfare, is any method of engaging hostile military aircraft in defence of naval forces. Better naval heavy machine guns's will improve our ability to destroy enemy aircraft.;;;;;;;;;;;;;x
heavycruiser_antiaircraft_desc;Naval anti-aircraft warfare, is any method of engaging hostile military aircraft in defence of naval forces. Better naval cannon will improve our ability to destroy enemy aircraft.;;;;;;;;;;;;;x
battleship_antiaircraft_desc;By adapting our capital ship's secondary guns and smaller ships primary guns for high angle fire we can use them to counter threats from the air with increasing deadliness.;;;;;;;;;;;;;x
lightcruiser_antiaircraft;Light Anti-Aircraft Armament;Moteur du destroyer;Zerstörer: Antrieb;;Motor de destructor;;;;;;;;;x
heavycruiser_antiaircraft;Medium Anti-Aircraft Armament;Blindage du destroyer;Zerstörer: Panzerung;;Blindaje de destructor;;;;;;;;;x
battleship_antiaircraft;Heavy Anti-Aircraft Armament;Croiseur léger;Leichter Kreuzer;;Crucero ligero;;;;;;;;;x
light_carrier_technology;Light Carrier Class;Armement principal du croiseur léger;Leichter Kreuzer: Hauptbewaffnung;;Armamento principal de crucero ligero;;;;;;;;;x
transport_ship_engine;Transport Ship Engine;Moteur du croiseur léger;Leichter Kreuzer: Antrieb;;Motor de crucero ligero;;;;;;;;;x
transport_ship_engine_desc;More powerful engines and bigger ships will mean we can build longer-ranged transport in order to let them cross the oceans.;Blindage du croiseur léger;Leichter Kreuzer: Panzerung;;Blindaje de crucero ligero;;;;;;;;;x
carrier_deck_armour_optimisation;Carrier Deck Armour Optimisation;Radar du petit navire de guerre;Geleitschiff: Radar;;Radar de buque de guerra pequeño;;;;;;;;;x
carrier_deck_armour_optimisation_desc;The HMS Illustrious class were the first carriers to incorporate their flight decks into the superstructure. This meant the flight deck, rather than the lower hangar deck was armoured, leading to much better resistance to aerial attack.;Défense ASM du petit navire de guerre;Geleitschiff: U-Boot-Jagdausrüstung;;GAS de buque de guerra pequeño;;;;;;;;;x
capitalship_secondary_desc;Secondary Guns. The secondary armament of a capital ship are smaller, faster-firing weapons that are typically effective at a shorter range than the main (heavy) weapons. ;Blindage du croiseur lourd;Schwerer Kreuzer: Panzerung;;Blindaje de crucero pesado;;;;;;;;;x
capitalship_secondary;Secondary Guns;Construction de croiseurs cuirassés;Schlachtkreuzer: Bau;;Construcción de crucero de batalla;;;;;;;;;x
fast_battleship;Fast Battleship Design Upgrade;;schnelles Schlachtschiff;;;;;;;;;;;x
fast_battleship_desc;A fast battleship utilizes the speed of a battlecruiser without sacrificing armour or armament. These ships can keep up with a carrier battlegroup. ;;Ein schnelles Schlachtschiff ist so schnell wie ein Schlachtkreuzer, aber ohne die Nachteile der schwächeren Panzerung und Bewaffnung. Diese Schiffe können eine Träger-Kampfgruppe aufwerten. ;;;;;;;;;;;x
submarine_electroboat_desc;Germany's Type XXI was the first submarine designed to operate primarily underwater. This was a radical departure from all previous sub classes with a hull designed best for operating on the surface. The subs can operate submerged longer, quieter, and faster than any before.;;Das deutsche U-Boot Typ XXI war das erste Schiff, das entwickelt wurde um primär unter Wasser zu operieren. Das war eine radikale Abkehr von allen früheren U-Boot Klassen, die mit einem Rumpf entwickelt wurden, der für optimale Überwasseroperationen ausgelegt war. Diese U-Boote konnten länger, leiser und schneller tauchen als alle anderen.;;;;;;;;;;;x
submarine_snorkel_desc;A submarine snorkel is a device which allows a submarine to operate submerged while still taking in air from above the surface. This will allow our subs to be less vulnerable to attack when cruising. ;;Ein U-Boot Schnorchel erlaubt einem U-Boot in getauchtem Zustand Frischluft aufzunehmen. Dadurch werden unsere U-Boote während der Anfahrt weniger gefährdet gegen Angriffe. ;;;;;;;;;;;x
asw_counter_measures_desc;By towing loud noise making devices behind our merchant vessels, they will become less vulnerable to acoustically guided torpedoes. ;;Unsere Frachtschiffe werden durch das Schleppen von laut lärmenden Bojen weniger gefährdet durch akustisch geleitete Torpedos. ;;;;;;;;;;;x
faulty_torp;Faulty Mk 14 Torpedo;;Fehlerhafter Typ 14 Torpedo;;;;;;;;;;;x
fixed_torp;Fixed Mk 14 Torpedo;;Verbesserter Typ 14 Torpedo;;;;;;;;;;;x
long_lance;Type 93/95 Torpedo;;Typ 93/95 Torpedo;;;;;;;;;;;x
#;;;;;;;;;;;;;;x