black_sea_region;Black Sea;Mer Noire;Schwarzes Meer;;Mar Negro;;;;;;;;;x
baltic_sea_region;Baltic Sea;Mer Baltique;Ostsee;;Mar Báltico;;;;;;;;;x
kolabay;Kola;Kola;Kola;;Kola;;;;;;;;;x
mediterranean_region;Mediterranean Sea;Mer Méditerranée;Mittelmeer;;Mar Mediterráneo;;;;;;;;;x
belgium_ardennes;The Ardennes;Les Ardennes;Ardennen;;Las Ardenas;;;;;;;;;x
belgium_north;Belgium - North;Belgique - Nord;Belgien - Nord;;Bélgica - Norte;;;;;;;;;x
belgium_south;Belgium - South ;Belgique - Sud;Belgien - Süd;;Bélgica - Sur ;;;;;;;;;x
belgium_west;Belgium - West;Belgique - Ouest;Belgien - West;;Bélgica - Oeste;;;;;;;;;x
denmark_south_jylland;South Jutland;Jutland-du-Sud;Südjütland;;Jutlandia del sur;;;;;;;;;x
denmark_north_jylland;North Jutland;Jutland-du-Nord;Nordjütland;;Jutlandia del norte;;;;;;;;;x
denmark_fyn;Fyn;Fyn;Fünen;;Fionia;;;;;;;;;x
denmark_sjaelland;Zealand;Zealand;Seeland;;Zelanda;;;;;;;;;x
finland_region;Finland;Finlande;Finnland;;Finlandia;;;;;;;;;x
france_alsace;Alsace;Alsace;Elsass;;Alsacia;;;;;;;;;x
france_north_maginot;Northern Maginot Line;Ligne Maginot du Nord-Est;Nördliche Maginotlinie;;Norte de la Línea Maginot;;;;;;;;;x
france_verdun;Verdun;Verdun;Verdun;;Verdún;;;;;;;;;x
france_north_east;France - North East;France - Nord-Est;Frankreich - Nordost;;Francia - Noreste;;;;;;;;;x
france_south_maginot;Southern Maginot Line;Ligne Maginot Sud;Südliche Maginotlinie;;Sur de la Línea Maginot;;;;;;;;;x
france_reims;Rheims;Reims;Reims;;Rheims;;;;;;;;;x
france_noyon;Noyon;Noyon;Noyon;;Noyon;;;;;;;;;x
france_calais;Calais;Calais;Calais;;Calais;;;;;;;;;x
france_lille;Lille;Lille;Lille;;Lille;;;;;;;;;x
france_clefmont;Clefmont;Clefmont;Clefmont;;Clefmont;;;;;;;;;x
france_langres;Langres;Langres;Langres;;Langres;;;;;;;;;x
france_ronchamp;Ronchamp;Ronchamp;Ronchamp;;Ronchamp;;;;;;;;;x
france_besancon;Besancon;Besançon;Besancon;;Besançon;;;;;;;;;x
france_poligny;Poligny;Poligny;Poligny;;Poligny;;;;;;;;;x
france_mondane;Mondane;Mondane;Mondane;;Mondane;;;;;;;;;x
france_briancon;Briancon;Briançon;Briancon;;Briançon;;;;;;;;;x
france_nice;Nice;Nice;Nice;;Niza;;;;;;;;;x
france_toulon;Toulon;Toulon;Toulon;;Tolón;;;;;;;;;x
france_marseille;Marseille;Marseille;Marseille;;Marsella;;;;;;;;;x
france_grenoble;Grenoble;Grenoble;Grenoble;;Grenoble;;;;;;;;;x
france_dieppe;Dieppe;Dieppe;Dieppe;;Dieppe;;;;;;;;;x
france_dreux;Dreux;Dreux;Dreux;;Dreux;;;;;;;;;x
france_caen;Caen;Caen;Caen;;Caen;;;;;;;;;x
france_cherbourg;Cherbourg;Cherbourg;Cherbourg;;Cherburgo;;;;;;;;;x
france_argentan;Argentan;Argentan;Argentan;;Argentan;;;;;;;;;x
france_rennes;Rennes;Rennes;Rennes;;Rennes;;;;;;;;;x
france_mauron;Mauron;Mauron;Mauron;;Mauron;;;;;;;;;x
france_brest;Brest;Brest;Brest;;Brest;;;;;;;;;x
france_lucon;Lucon;Lucon;Lucon;;Lucon;;;;;;;;;x
germany_west_ruhr;Rhur - West;Rhur - Ouest;Ruhrgebiet - West;;Ruhr - Oeste;;;;;;;;;x
germany_south_west_ruhr;Rhur - South West;Rhur - Sud-Ouest;Ruhrgebiet - Südwest;;Ruhr - Sureste;;;;;;;;;x
germany_saar;Saarland;Saare;Saarland;;Sarre;;;;;;;;;x
germany_lorraine;Lorraine;Lorraine;Lorraine;;Lorena;;;;;;;;;x
germany_baden;Baden;Baden;Baden;;Baden;;;;;;;;;x
germany_holstein;Holstein;Holstein;Holstein;;Holstein;;;;;;;;;x
germany_mecklenburg;Mecklingburg;Mecklengburg;Mecklenburg;;Mecklingburg;;;;;;;;;x
germany_vorpommern;Western Pomerania;Poméranie Occidentale;Westpommern;;Pomerania Occidental;;;;;;;;;x
germany_hinterpommern;Eastern Pomerania;Poméranie Orientale;Ostpommern;;Pomerania Oriental;;;;;;;;;x
germany_berlin;Berlin;Berlin;Berlin;;Berlín;;;;;;;;;x
germany_neubrandenburg;Brandenburg;Brandenbourg;Brandenburg;;Brandeburgo;;;;;;;;;x
germany_magdeburg;Magdeburg;Magdebourg;Magdeburg;;Magdeburgo;;;;;;;;;x
germany_hamburg;Hamburg;Hambourg;Hamburg;;Hamburgo;;;;;;;;;x
germany_bremen;Bremen;Brême;Bremen;;Bremen;;;;;;;;;x
germany_norden;Norden;Nord;Norden;;Norden;;;;;;;;;x
germany_osnabruck;Osnabruck;Osnabruck;Osnabrück;;Osnabruck;;;;;;;;;x
germany_dusseldorf;Dusseldorf;Dusseldorf;Düsseldorf;;Dusseldorf;;;;;;;;;x
germany_dortmund;Dortmund;Dortmund;Dortmund;;Dortmund;;;;;;;;;x
germany_hannover;Hannover;Hannovre;Hannover;;Hannover;;;;;;;;;x
germany_minden;Minden;Minden;Minden;;Minden;;;;;;;;;x
germany_paderborn;Paderborn;Paderborn;Paderborn;;Paderborn;;;;;;;;;x
germany_frankfurt;Frankfort;Francfort;Frankfurt;;Francfort;;;;;;;;;x
germany_elbing;Elbing;Elbing;Elbing;;Elblag;;;;;;;;;x
germany_konigsberg;Konigsberg;Konigsberg;Königsberg;;Konigsberg;;;;;;;;;x
germany_tilsit;Tilsit;Tilsit;Tilsit;;Tilsit;;;;;;;;;x
germany_lyck;Lyck;Lyck;Lyck;;Lyck;;;;;;;;;x
germany_lauenburg;Lauenburg;Lauenburg;Lauenburg;;Lauenburg;;;;;;;;;x
germany_falkenburg;Falkenburg;Falkenburg;Falkenburg;;Falkenburg;;;;;;;;;x
germany_neudam;Neudam;Neudam;Neudam;;Neudam;;;;;;;;;x
germany_cottbus;Cottbus;Cottbus;Cottbus;;Cottbus;;;;;;;;;x
germany_fulda_gap;The Fulda Gap;Le Fulda Gap;Fuldatal;;La brecha de Fulda;;;;;;;;;x
germany_gottingen;Gottingen;Gottingen;Göttingen;;Gottingen;;;;;;;;;x
germany_darmstadt;Darmstadt;Darmstadt;Darmstadt;;Darmstadt;;;;;;;;;x
germany_balingen;Balingen;Balingen;Balingen;;Balingen;;;;;;;;;x
germany_mannheim;Mannheim;Mannheim;Mannheim;;Mannheim;;;;;;;;;x
germany_oberstdorf;Oberstdorf;Oberstdorf;Oberstdorf;;Oberstdorf;;;;;;;;;x
germany_ulm;Ulm;Ulm;Ulm;;Ulm;;;;;;;;;x
germany_stuttgart;Suttgart;Suttgart;Stuttgart;;Stuttgart;;;;;;;;;x
germany_murnau;Marnau;Marnau;Marnau;;Marnau;;;;;;;;;x
germany_traunstein;Traunstein;Traunstein;Traunstein;;Traunstein;;;;;;;;;x
germany_passau;Passau;Passau;Passau;;Passau;;;;;;;;;x
germany_augsburg;Augsburg;Augsbourg;Augsburg;;Augsburgo;;;;;;;;;x
germany_sorau;Sorau;Sorau;Sorau;;Sorau;;;;;;;;;x
germany_breslau;Breslau;Breslau;Breslau;;Wroclaw;;;;;;;;;x
germany_oppeln;Oppeln;Oppeln;Oppeln;;Oppeln;;;;;;;;;x
germany_ratibor;Ratibor;Ratibor;Ratibor;;Ratibor;;;;;;;;;x
germany_petersdorf;Petersdorf;Petersdorf;Petersdorf;;Petersdorf;;;;;;;;;x
germany_sebnitz;Sebnitz;Sebnitz;Sebnitz;;Sebnitz;;;;;;;;;x
germany_dresden;Dresden;Dresde;Dresden;;Dresde;;;;;;;;;x
germany_dessau;Dessau;Dessau;Dessau;;Dessau;;;;;;;;;x
germany_gera;Gera;Gera;Gera;;Gera;;;;;;;;;x
germany_chemnitz;Chemnitz;Chemnitz;Chemnitz;;Chemnitz;;;;;;;;;x
germany_sonderhausen;Sonderhausen;Sonderhausen;Sonderhausen;;Sonderhausen;;;;;;;;;x
germany_suhl;Suhl;Suhl;Suhl;;Suhl;;;;;;;;;x
germany_bayeruth;Bayeruth;Bayeruth;Bayreuth;;Bayeruth;;;;;;;;;x
germany_nurnberg;Nuremberg;Nuremberg;Nürnberg;;Nuremberg;;;;;;;;;x
germany_regensburg;Regensburg;Regensbourg;Regensburg;;Ratisbona;;;;;;;;;x
germany_nordlingen;Nordlingen;Nordlingen;Nördlingen;;Nordlingen;;;;;;;;;x
holland_denhaag;The Hague;La Haye;Den Haag;;La Haya;;;;;;;;;x
holland_southeast;Holland - South East;Hollande - Sud-Est;Holland - Südost;;Holanda - Sureste;;;;;;;;;x
holland_haarlem;Haarlem;Haarlem;Haarlem;;Haarlem;;;;;;;;;x
holland_northwest;Holland - North West;Hollande - Nord-Ouest;Holland - Nordwest;;Holanda - Noreste;;;;;;;;;x
holland_utrecht;Utrecht;Utrecht;Utrecht;;Utrecht;;;;;;;;;x
holland_enschede;Enschede;Enschede;Enschede;;Enschede;;;;;;;;;x
holland_zwolle;Zwolle;Zwolle;Zwolle;;Zwolle;;;;;;;;;x
holland_emmen;Emmen;Emmen;Emmen;;Emmen;;;;;;;;;x
ireland_donegal;Donegal;Donegal;Donegal;;Donegal;;;;;;;;;x
ireland_mayo;Mayo;Mayo;Mayo;;Mayo;;;;;;;;;x
ireland_longford;Longford;Longford;Longford;;Longford;;;;;;;;;x
ireland_dublin;Dublin;Dublin;Dublin;;Dublín;;;;;;;;;x
ireland_wexford;Wexford;Wexford;Wexford;;Wexford;;;;;;;;;x
ireland_limerick;Limerick;Limerick;Limerick;;Limerick;;;;;;;;;x
ireland_cork;Cork;Cork;Cork;;Cork;;;;;;;;;x
poland_danzig;Danzig;Dantzig;Danzig;;Danzig;;;;;;;;;x
poland_bydgoszgz;Thorn;Bydgoszcz;Thorn;;Thorn;;;;;;;;;x
poland_poznan;Poznan;Poznan;Posen;;Poznañ;;;;;;;;;x
poland_brieg;Brieg;Brieg;Brieg;;Brieg;;;;;;;;;x
poland_katowice;Kattowitz;Katowice;Kattowitz;;Katowice;;;;;;;;;x
poland_wisla;Vistula;Vistule;Weichsel;;Vístula;;;;;;;;;x
poland_jordanow;Kraków;Kraków;Kraków;;Kraków;;;;;;;;;x
sweden_sw_skane;South West Skane;Scanie du Sud-Ouest;Südwest-Skane;;Escania sudoccidental;;;;;;;;;x
sweden_ne_skane;North East Skane;Scanie du Nord-Est;Nordost-Skane;;Escania nororiental;;;;;;;;;x
sweden_halland;Halland;Halland;Halland;;Halland;;;;;;;;;x
sweden_goteborg;Gothenburg;Goteborg;Gothenburg;;Gothemburgo;;;;;;;;;x
sweden_kalmar;Kalmar;Kalmar;Kalmar;;Kalmar;;;;;;;;;x
sweden_lysekil;Lysekil;Lysekil;Lysekil;;Lysekil;;;;;;;;;x
sweden_v_gotaland;Western Gotaland;Gotaland de l'ouest;West-Götaland;;Gotland Occidental;;;;;;;;;x
sweden_varnamo;Varnamo;Varnamo;Varnamo;;Varnamo;;;;;;;;;x
sweden_vastervik;Vastervik;Vastervik;Vastervik;;Vastervik;;;;;;;;;x
sweden_jonkoping;Jonkoping;Jonkoping;Jonköping;;Jonkoping;;;;;;;;;x
sweden_kil;Kil;Kil;Kil;;Kil;;;;;;;;;x
sweden_karlstad;Karlstad;Karlstad;Karlstad;;Karlstad;;;;;;;;;x
sweden_sunne;Sunne;Sunne;Sunne;;Sunne;;;;;;;;;x
sweden_orebro;Orebro;Orebro;Orebro;;Orebro;;;;;;;;;x
sweden_norrkoping;Norrkoping;Norrkoping;Norrköping;;Norrkoping;;;;;;;;;x
sweden_katrineholm;Katrineholm;Katrineholm;Katrineholm;;Katrineholm;;;;;;;;;x
sweden_stockholm;Stockholm;Stockholm;Stockholm;;Estocolmo;;;;;;;;;x
sweden_uppsala;Uppsala;Uppsala;Uppsala;;Uppsala;;;;;;;;;x
sweden_kopparberg;Kopparberg;Kopparberg;Kopparberg;;Kopparberg;;;;;;;;;x
sweden_gavle;Gavle;Gavle;Gavle;;Gavle;;;;;;;;;x
sweden_falun;Falun;Falun;Falun;;Falun;;;;;;;;;x
sweden_gotland;Gotland;Gotland;Gotland;;Gotland;;;;;;;;;x
sweden_region;Sweden;Súede;Schweden;;Svezia;;;;;;;;;x
uk_north_wales;North Wales;Galles du Nord;Nordwales;;Gales del Norte;;;;;;;;;x
uk_south_wales;South Wales;Galles du Sud;Südwales;;Gales del Sur;;;;;;;;;x
uk_cornwall;Cornwall;Cornouailles;Cornwall;;Cornwall;;;;;;;;;x
uk_bristol;Gloucestershire;Gloucestershire;Gloucestershire;;Gloucestershire;;;;;;;;;x
uk_dorset;Dorset;Dorset;Dorset;;Dorset;;;;;;;;;x
uk_oxford;Oxfordshire;Oxfordshire;Oxfordshire;;Oxfordshire;;;;;;;;;x
uk_kent;Kent;Kent;Kent;;Kent;;;;;;;;;x
uk_london;Middlesex;Middlesex;Middlesex;;Middlesex;;;;;;;;;x
uk_cambridge;Cambridgeshire;Cambridgeshire;Cambridgeshire;;Cambridgeshire;;;;;;;;;x
uk_east_anglia;East Anglia;Est-Anglie;East Anglia;;Anglia Oriental;;;;;;;;;x
uk_lincoln;Lincolnshire;Lincolnshire;Lincolnshire;;Lincolnshire;;;;;;;;;x
uk_west_midlands;West Midlands;Midlands de l'Ouest;West-Midlands;;Midlands occidentales;;;;;;;;;x
uk_east_midlands;East Midlands;Midlands de l'Est;Ost-Midlands;;Midlands Orientales;;;;;;;;;x
uk_liverpool;Lancashire;Lancashire;Lancashire;;Lancashire;;;;;;;;;x
uk_carlisle;Cumbria;Cumbrie;Cumbria;;Cumbria;;;;;;;;;x
uk_newcastle;Northumberland;Northumberland;Northumberland;;Northumberland;;;;;;;;;x
uk_york;East Yorkshire;Yorkshire de l'Est;Ost-Yorkshire;;Yorkshire Oriental;;;;;;;;;x
uk_hull;West Yorkshire;Yorkshire de l'Ouest;West-Yorkshire;;Yorkshire Occidental;;;;;;;;;x
uk_edinburgh;Lothian;Lothian;Lothian;;Lothian;;;;;;;;;x
uk_ayr;Ayrshire;Ayrshire;Ayrshire;;Ayrshire;;;;;;;;;x
uk_glasgow;Lanarkshire;Lanarkshire;Lanarkshire;;Lanarkshire;;;;;;;;;x
uk_rosyth;Fife;Fife;Fife;;Fife;;;;;;;;;x
uk_aberdeen;Aberdeenshire;Aberdeenshire;Aberdeenshire;;Aberdeenshire;;;;;;;;;x
uk_mallaig;Argyll;Argyll;Argyll;;Argyll;;;;;;;;;x
uk_inverness;Inverness-shire;Inverness-shire;Inverness-shire;;Inverness-shire;;;;;;;;;x
uk_scapa;Caithness;Caithness;Caithness;;Caithness;;;;;;;;;x
uk_stornoway;Ross and Cromarty;Ross and Cromarty;Ross und Cromarty;;Ross y Cromarty;;;;;;;;;x
uk_belfast;Antrim;Antrim;Antrim;;Antrim;;;;;;;;;x
uk_armagh;Armagh;Armagh;Armagh;;Armagh;;;;;;;;;x
FRA_2877;Chablis;Chablis;Chablis;;Chablis;;;;;;;;;x
FRA_3080;Dijon;Dijon;Dijon;;Dijon;;;;;;;;;x
FRA_3280;Beaune;Beaune;Beaune;;Beaune;;;;;;;;;x
FRA_3620;Lyon;Lyon;Lyon;;Lyon;;;;;;;;;x
FRA_3823;Avignon;Avignon;Avignon;;Aviñón;;;;;;;;;x
FRA_3893;Montpellier;Montpellier;Montpellier;;Montpellier;;;;;;;;;x
FRA_2485;Paris;Paris;Paris;;París;;;;;;;;;x
FRA_2746;Troyes;Troyes;Troyes;;Troyes;;;;;;;;;x
FRA_2802;St. Nazaire;St. Nazaire;St. Nazaire;;St. Nazario;;;;;;;;;x
FRA_2937;Nantes;Nantes;Nantes;;Nantes;;;;;;;;;x
FRA_2805;Richelieu;Richelieu;Richelieu;;Richelieu;;;;;;;;;x
FRA_2742;Tours;Tours;Tours;;Tours;;;;;;;;;x
FRA_2743;Orleans;Orléans;Orleans;;Orleans;;;;;;;;;x
FRA_2942;Briare;Briare;Briare;;Briare;;;;;;;;;x
FRA_3964;Beziers;Béziers;Beziers;;Beziers;;;;;;;;;x
FRA_4297;Perpignam;Perpignan;Perpignam;;Perpiñán;;;;;;;;;x
FRA_3753;St. Etienne;St. Étienne;St. Etienne;;St. Etienne;;;;;;;;;x
FRA_3551;Macon;Mâcon;Macon;;Mâcon;;;;;;;;;x
FRA_3343;Cognac;Cognac;Cognac;;Cognac;;;;;;;;;x
FRA_3412;Bordeaux;Bordeaux;Bordeaux;;Burdeos;;;;;;;;;x
FRA_3747;Stade Montois;Stade Montois;Stade Montois;;Stade Montois;;;;;;;;;x
FRA_4027;Bayonne;Bayonne;Bayonne;;Bayona;;;;;;;;;x
FRA_3959;Pau;Pau;Pau;;Pau;;;;;;;;;x
FRA_4099;Toulouse;Toulouse;Toulouse;;Toulouse;;;;;;;;;x
FRA_4100;Lavelanet;Lavelanet;Lavelanet;;Lavelanet;;;;;;;;;x
FRA_3889;Montauban;Montauban;Montauban;;Montauban;;;;;;;;;x
FRA_3681;Brive;Brive;Brive;;Brive;;;;;;;;;x
FRA_3820;Castres;Castres;Castres;;Castres;;;;;;;;;x
FRA_3819;Albi;Albi;Albi;;Albi;;;;;;;;;x
FRA_3750;Rodez;Rodez;Rodez;;Rodez;;;;;;;;;x
FRA_3684;Saignes;Saignes;Saignes;;Saignes;;;;;;;;;x
FRA_3011;Avallon;Avallon;Avallon;;Avallon ;;;;;;;;;x
FRA_2941;Bourges;Bourges;Bourges;;Bourges;;;;;;;;;x
FRA_3006;Thouars;Thouars;Thouars;;Thouars;;;;;;;;;x
FRA_2940;Decartes;Descartes;Decartes;;Decartes;;;;;;;;;x
FRA_3141;Poiteirs;Poitiers;Poiteirs;;Poitiers;;;;;;;;;x
FRA_3345;Limoges;Limoges;Limoges;;Limoges;;;;;;;;;x
FRA_3415;Martel;Martel;Martel;;Martel;;;;;;;;;x
FRA_3144;Nevers;Nevers;Nevers;;Nevers;;;;;;;;;x
FRA_3417;Vichy;Vichy;Vichy;;Vichy;;;;;;;;;x
FRA_3550;Clermont Auvergne;Clermont Auvergne;Clermont Auvergne;;Clermont Auvergne;;;;;;;;;x
FRA_3277;St Vaury;St Vaury;St. Vaury;;St Vaury;;;;;;;;;x
AUS_3220;Pfunds;Pfunds;Pfunds;;Pfunds;;;;;;;;;x
AUS_3358;Innsbruck;Innsbruck;Innsbruck;;Innsbruck;;;;;;;;;x
AUS_2955;Salzburg;Salzbourg;Salzburg;;Salzburgo;;;;;;;;;x
AUS_3429;Lienz;Lienz;Linz;;Lienz;;;;;;;;;x
AUS_3291;Bischofshofen;Bischofshofen;Bischofshofen;;Bischofshofen;;;;;;;;;x
AUS_3361;Klagenfurt;Klagenfurt;Klagenfurt;;Klagenfurt;;;;;;;;;x
AUS_3092;Linz;Linz;Linz;;Linz;;;;;;;;;x
AUS_3227;Graz;Graz;Graz;;Graz;;;;;;;;;x
AUS_3026;Vienna;Vienne;Wien;;Viena;;;;;;;;;x
AUS_2957;Zwettl;Zwettl;Zwettl;;Zwettl;;;;;;;;;x
SCH_3425;Davos;Davos;Davos;;Davos;;;;;;;;;x
SCH_3218;Zurich;Zurich;Zürich;;Zúrich;;;;;;;;;x
SCH_3354;Locarno;Locarno;Locarno;;Locarno;;;;;;;;;x
SCH_3284;Basel;Bâle;Basel;;Basilea;;;;;;;;;x
SCH_3556;Brig;Brigue;Brig;;Brig;;;;;;;;;x
SCH_3422;Geneva;Genève;Genf;;Ginebra;;;;;;;;;x
POL_2097;Kalisz;Kalisz;Kalisch;;Kalisz;;;;;;;;;x
POL_1982;Plock;Plock;Plock;;Plock;;;;;;;;;x
POL_1868;Warsaw;Varsovie;Warschau;;Varsovia;;;;;;;;;x
POL_1809;Lomza;Lomza;Lomscha;;Lomza;;;;;;;;;x
POL_1691;Varena;Varena;Varena;;Varena;;;;;;;;;x
POL_1532;Wilno;Vilnius;Wilno;;Vilna;;;;;;;;;x
POL_1490;Svir;Svir;Swir;;Svir;;;;;;;;;x
POL_1634;Stolpce;Stolpce;Stolpce;;Stolpce;;;;;;;;;x
POL_1752;Lida;Lida;Lida;;Lida;;;;;;;;;x
POL_1873;Malkowicze;Malkowicze;Malkowicze;;Malkowicze;;;;;;;;;x
POL_2046;Pinsk;Pinsk;Pinsk;;Pinsk;;;;;;;;;x
POL_2162;Styr;Styr;Styr;;Styr;;;;;;;;;x
POL_2391;Dubno;Dubno;Dubno;;Dubno;;;;;;;;;x
POL_2510;Ternopil;Ternopil;Ternopol;;Ternopil;;;;;;;;;x
POL_3036;Orynyn;Orynyn;Orynyn;;Orynyn;;;;;;;;;x
POL_2636;Stryy;Stryy;Stryy;;Stryy;;;;;;;;;x
POL_2702;Przemysl;Przemysl;Prömsel;;Przemysl;;;;;;;;;x
POL_2700;Gorlice;Gorlice;Gorlice;;Gorlice;;;;;;;;;x
POL_2506;Tarnow;Tarnow;Tarnow;;Tarnów;;;;;;;;;x
POL_2214;Klobuck;Klobuck;Klobuck;;Klobuck;;;;;;;;;x
POL_2272;Kamienna;Kamienna;Kamienna;;Kamienna;;;;;;;;;;x
POL_2040;Lodz;Lodz;Lodz;;Lódz;;;;;;;;;x
POL_2042;Pultusk;Pultusk;Pultusk;;Pultusk;;;;;;;;;x
POL_1984;Siedlce;Siedlce;Siedlce;;Siedlce;;;;;;;;;x
POL_1810;Bialystok;Bialystok;Bialystok;;Bialystok;;;;;;;;;x
POL_1930;Brest Litovsk;Brest Litovsk;Brest Litowsk;;Brest-Litovsk;;;;;;;;;x
POL_1987;Povorsk;Povorsk;Povorsk;;Povorsk;;;;;;;;;x
POL_2219;Kovel;Kovel;Kowel;;Kovel;;;;;;;;;x
POL_2509;Lvov;Lvov;Lemberg;;Lvov;;;;;;;;;x
POL_2388;Sandomierz;Sandomierz;Sandomierz;;Sandomierz;;;;;;;;;x
POL_2389;Zamosc;Zamosc;Zamosc;;Zamo;;;;;;;;;x
POL_2217;Lublin;Lublin;Lublin;;Lublin;;;;;;;;;x
POL_2216;Praga;Praga;Praga;;Praga;;;;;;;;;x
POL_2215;Kielce;Kielce;Kielce;;Kielce;;;;;;;;;x
LIT_1395;Memel;Memel;Memel;;Memel;;;;;;;;;x
LIT_1577;Alytus;Alytus;Olita;;Alytus;;;;;;;;;x
LIT_1531;Vievis;Vievis;Vievis;;Vievis;;;;;;;;;x
LIT_1355;Utena;Utena;Utena;;Utena;;;;;;;;;x
LIT_1442;Kaunas;Kaunas;Kauen;;Kaunas;;;;;;;;;x
LIT_1308;Siauliai;Siauliai;Schaulen;;Siauliai;;;;;;;;;x
LAT_1261;Liepaja;Liepaja;Libau;;Liepâja;;;;;;;;;x
LAT_1096;Tukums;Tukums;Tuckum;;Tukums;;;;;;;;;x
LAT_1220;Riga;Riga;Riga;;Riga;;;;;;;;;x
LAT_1222;Jekabpils;Jekabpils;Jakobsstadt;;Jekabpils;;;;;;;;;x
LAT_1311;Daugavpils;Daugavpils;Dünaburg;;Daugavpils;;;;;;;;;x
LAT_1140;Gulbene;Gulbene;Schwanenburg;;Gulbene;;;;;;;;;x
LAT_1098;Cesis;Cesis;Wenden;;Cesis;;;;;;;;;x
EST_985;Parnu;Parnu;Pernau;;Parnu;;;;;;;;;x
EST_906;Tallin;Tallin;Reval;;Tallin;;;;;;;;;x
EST_820;Narva;Narva;Narwa;;Narva;;;;;;;;;x
EST_1062;Tartu;Tartu;Dorpat;;Tartu;;;;;;;;;x
FIN_698;Viipuri;Viipuri;Viipuri;;Viipuri;;;;;;;;;x
FIN_696;Kotka;Kotka;Kotka;;Kotka;;;;;;;;;x
FIN_780;Helsinki;Helsinki;Helsinki;;Helsinki;;;;;;;;;x
FIN_736;Turku;Turku;Turku;;Turku;;;;;;;;;x
FIN_779;Hanko;Hanko;Hanko;;Hanko;;;;;;;;;x
FIN_654;Forssa;Forssa;Forssa;;Forssa;;;;;;;;;x
FIN_655;Lahti;Lahti;Lahti;;Lahti;;;;;;;;;x
FIN_580;Onkamo;Onkamo;Onkamo;;Onkamo;;;;;;;;;x
FIN_507;Soujarvi;Soujarvi;Soujarvi;;Soujarvi;;;;;;;;;x
FIN_433;Joensuu;Joensuu;Joensuu;;Joensuu;;;;;;;;;x
FIN_352;Lieksa;Lieksa;Lieksa;;Lieksa;;;;;;;;;x
FIN_505;Varkus;Varkus;Varkus;;Varkus;;;;;;;;;x
FIN_615;Pori;Pori;Pori;;Pori;;;;;;;;;x
FIN_537;Tampere;Tampere;Tampere;;Tampere;;;;;;;;;x
FIN_503;Padosjoki;Padosjoki;Padosjoki;;Padosjoki;;;;;;;;;x
FIN_427;Teuva;Teuva;Teuva;;Teuva;;;;;;;;;x
FIN_346;Vaasa;Vaasa;Vaasa;;Vaasa;;;;;;;;;x
FIN_398;Perho;Perho;Perho;;Perho;;;;;;;;;x
FIN_429;Karstula;Karstula;Karstula;;Karstula;;;;;;;;;x
FIN_401;Kuopio;Kuopio;Kuopio;;Kuopio;;;;;;;;;x
FIN_301;Toholampi;Toholampi;Toholampi;;Toholampi;;;;;;;;;x
FIN_249;Oulu;Oulu;Oulu;;Oulu;;;;;;;;;x
FIN_302;Kilpua;Kilpua;Kilpua;;Kilpua;;;;;;;;;x
FIN_349;Kiuruvesi;Kiuruvesi;Kiuruvesi;;Kiuruvesi;;;;;;;;;x
FIN_327;Nurmes;Nurmes;Nurmes;;Nurmes;;;;;;;;;x
FIN_284;Pista;Pista;Pista;;Pista;;;;;;;;;x
FIN_266;Kajaani;Kajaani;Kajaani;;Kajaani;;;;;;;;;x
FIN_208;Vaala;Vaala;Vaala;;Vaala;;;;;;;;;x
FIN_222;Hossa;Hossa;Hossa;;Hossa;;;;;;;;;x
FIN_182;Olanga;Olanga;Olanga;;Olanga;;;;;;;;;x
FIN_126;Nota;Nota;Nota;;Nota;;;;;;;;;x
FIN_45;Titovka;Titovka;Titovka;;Titovka;;;;;;;;;x
FIN_57;Inari;Inari;Inari;;Inari;;;;;;;;;x
FIN_106;Ivalo;Ivalo;Ivalo;;Ivalo;;;;;;;;;x
FIN_41;Angeli;Angeli;Angeli;;Angeli;;;;;;;;;x
FIN_70;Pokka;Pokka;Pokka;;Pokka;;;;;;;;;x
FIN_142;Korvala;Korvala;Korvala;;Korvala;;;;;;;;;x
FIN_194;Tornio;Tornio;Tornio;;Tornio;;;;;;;;;x
FIN_162;Autti;Autti;Autti;;Autti;;;;;;;;;x
ITA_3974;Bologna;Bologne;Bologna;;Bolonia;;;;;;;;;x
ITA_3763;Venezia;Venise;Venedig;;Venecia;;;;;;;;;x
ITA_3976;Trieste;Trieste;Triest;;Trieste;;;;;;;;;x
ITA_3901;La Spezia;La Spezia;La Spezia;;La Spezia;;;;;;;;;x
ITA_4109;Firenze;Florence;Florenz;;Florencia;;;;;;;;;x
ITA_4232;Siena;Sienne;Siena;;Siena;;;;;;;;;x
ITA_4110;Ancona;Ancône;Ancona;;Ancona;;;;;;;;;x
ITA_4422;Grosseto;Grosseto;Grosseto;;Grosseto;;;;;;;;;x
ITA_4552;Termoli;Termoli;Termoli;;Termoli;;;;;;;;;x
ITA_4302;Macerata;Macerata;Macerata;;Macerata;;;;;;;;;x
ITA_4715;Foggia;Foggia;Foggia;;Foggia;;;;;;;;;x
ITA_4868;Bari;Bari;Bari;;Bari;;;;;;;;;x
ITA_4962;Taranto;Taranto;Taranto;;Tarento;;;;;;;;;x
ITA_4866;Salerno;Salerne;Salerno;;Salerno;;;;;;;;;x
ITA_4915;Asti;Asti;Asti;;Asti;;;;;;;;;x
ITA_5038;Cosenza;Cosenza;Cosenza;;Cosenza;;;;;;;;;x
ITA_5237;Reggio di Calabria;Reggio di Calabria;Kalabrien;;Reggio di Calabria;;;;;;;;;x
ITA_5235;Agrigento;Agrigente;Agrigento;;Agrigento;;;;;;;;;x
ITA_5266;Palermo;Palerme;Palermo;;Palermo;;;;;;;;;x
ITA_4763;Sassari;Sassari;Sassari;;Sassari;;;;;;;;;x
spanish_region;Spain;Espagne;Spanien;;España;;;;;;;;;x
french_indochine_region;French Indochine;Indochine française;Französisch-Indochina;;Indochina Francesa;;;;;;;;;x
sudetenland;Sudetenland;Sudètes;Sudetenland;;Las Sudetes;;;;;;;;;x
northern_italy_region;Northern Italy;Italie du Nord;Norditalien;;Norte de Italia;;;;;;;;;x
libya_region;Libya;Libye;Libyen;;Libia;;;;;;;;;x
italian_somaliland_region;Italian Somaliland;Somalie Italienne;Italienisch-Somaliland;;Somalia Italiana;;;;;;;;;x
eritrea_region;Eritrea;Érythrée;Eritrea;;Eritrea;;;;;;;;;x
slovenia_region;Slovenia;Slovénie;Slowenien;;Eslovenia;;;;;;;;;x
montenegro_region;Montenegro;Monténégro;Montenegro;;Montenegro;;;;;;;;;x
albania_region;Albania;Albanie;Albanien;;Albania;;;;;;;;;x
northern_france_region;Northern France;France du Nord;Nordfrankreich;;Norte de Francia;;;;;;;;;x
western_france_region;Western France;France de l'Ouest;Westfrankreich;;Francia Occidental;;;;;;;;;x
central_western_russia_region;Central Western Russia;Russie Centrale de l'Ouest;Zentralwestrussland;;Rusia Central Occidental;;;;;;;;;x
western_russia_region;Western Russia;Russie Européenne;Westrussland;;Rusia Occidental;;;;;;;;;x
baltic_states_region;The Baltic States;Les États Baltes;Baltikum;;Los Estados Bálticos;;;;;;;;;x
sikhote_alin_region;Sikhote Alin;Sikhote-Aline;Sikhote Alin;;Sikhote Alin;;;;;;;;;x
czechoslovakia_region;Czechoslovakia;Tchécoslovaquie;Tschechoslowakei;;Checoslovaquia;;;;;;;;;x
poland_region;Poland;Pologne;Polen;;Polonia;;;;;;;;;x
east_germany_region;East Germany;Allemagne de l'Est;Ostdeutschland;;Alemania Oriental;;;;;;;;;x
austria_region;Austria;Autriche;Österreich;;Austria;;;;;;;;;x
belgium_region;Belgium;Belgique;Belgien;;Bélgica;;;;;;;;;x
the_netherlands_region;The Netherlands;Pays-Bas;Niederlande;;Los Países Bajos;;;;;;;;;x
denmark_region;Denmark;Danemark;Dänemark;;Dinamarca;;;;;;;;;x
norway_region;Norway;Norvège;Norwegen;;Noruega;;;;;;;;;x
greece_region;Greece;Grèce;Griechenland;;Grecia;;;;;;;;;x
yugoslavia_region;Yugoslavia;Yougoslavie;Jugoslawien;;Yugoslavia;;;;;;;;;x
croatia_region;Croatia;Croatie;Kroatien;;Croacia;;;;;;;;;x
eastern_poland;Eastern Poland;Pologne de l'Est;Ostpolen;;Polonia Oriental;;;;;;;;;x
crimean_peninsula;Crimean Peninsula;Presqu'ile Crimée;Halbinsel Krim;;Península crimea;;;;;;;;;x
lithuania_region;Lithuania;Lituanie;Litauen;;Lituania;;;;;;;;;x
crimea_region;Crimea;;;;;;;;;;;;;x
estonia_region;Estonia;;;;;;;;;;;;;x
latvia_region;Latvia;;;;;;;;;;;;;x
SPR_4419;Barcelona;Barcelona;Barcelona;;Barcelona;;;;;;;;;x
SPR_4357;Gerona;Gerona;Gerona;;Gerona;;;;;;;;;x
SPR_4226;Lérida;Lérida;Lérida;;Lérida;;;;;;;;;x
SPR_4547;Tarragona;Tarragona;Tarragona;;Tarragona;;;;;;;;;x
SPR_4863;Palma de Mallorca;Palma de Mallorca;Palma de Mallorca;;Palma de Mallorca;;;;;;;;;x
SPR_4656;Castellón;Castellón;Castellón;;Castellón;;;;;;;;;x
SPR_4813;Valencia;Valencia;Valencia;;Valencia;;;;;;;;;x
SPR_4960;Alicante;Alicante;Alicante;;Alicante;;;;;;;;;x
SPR_5000;Murcia;Murcia;Murcia;;Murcia;;;;;;;;;x
SPR_5158;Almería;Almería;Almería;;Almería;;;;;;;;;x
SPR_5035;Granada;Granada;Granada;;Granada;;;;;;;;;x
SPR_5099;Málaga;Málaga;Málaga;;Málaga;;;;;;;;;x
SPR_4996;Jaén;Jaén;Jaén;;Jaén;;;;;;;;;x
SPR_4855;Córdoba;Córdoba;Córdoba;;Córdoba;;;;;;;;;x
SPR_5067;Sevilla;Sevilla;Sevilla;;Sevilla;;;;;;;;;x
SPR_5125;Cádiz;Cádiz;Cádiz;;Cádiz;;;;;;;;;x
SPR_4993;Huelva;Huelva;Huelva;;Huelva;;;;;;;;;x
SPR_4592;Cáceres;Cáceres;Cáceres;;Cáceres;;;;;;;;;x
SPR_4647;Badajoz;Badajoz;Badajoz;;Badajoz;;;;;;;;;x
SPR_4649;Toledo;Toledo;Toledo;;Toledo;;;;;;;;;x
SPR_4756;Ciudad Real;Ciudad Real;Ciudad Real;;Ciudad Real;;;;;;;;;x
SPR_4810;Albacete;Albacete;Albacete;;Albacete;;;;;;;;;x
SPR_4652;Cuenca;Cuenca;Cuenca;;Cuenca;;;;;;;;;x
SPR_4412;Guadalajara;Guadalajara;Guadalajara;;Guadalajara;;;;;;;;;x
SPR_4411;Madrid;Madrid;Madrid;;Madrid;;;;;;;;;x
SPR_4159;Huesca;Huesca;Huesca;;Huesca;;;;;;;;;x
SPR_4223;Zaragoza;Zaragoza;Zaragoza;;Zaragoza;;;;;;;;;x
SPR_4654;Teruel;Teruel;Teruel;;Teruel;;;;;;;;;x
SPR_4025;Pamplona;Pamplona;Pamplona;;Pamplona;;;;;;;;;x
SPR_4094;Logroño;Logroño;Logroño;;Logroño;;;;;;;;;x
SPR_3884;País Vasco;País Vasco;País Vasco;;País Vasco;;;;;;;;;x
ENG_5191;Gibraltar;Gibraltar;Gibraltar;;Gibraltar;;;;;;;;;x
SPR_4351;Soria;Soria;Soria;;Soria;;;;;;;;;x
SPR_3955;Burgos;Burgos;Burgos;;Burgos;;;;;;;;;x
SPR_4348;Segovia;Segovia;Segovia;;Segovia;;;;;;;;;x
SPR_3882;Palencia;Palencia;Palencia;;Palencia;;;;;;;;;x
SPR_4089;Zamora;Zamora;Zamora;;Zamora;;;;;;;;;x
SPR_4539;Ávila;Ávila;Ávila;;Ávila;;;;;;;;;x
SPR_3880;León;León;León;;León;;;;;;;;;x
SPR_4153;Valladolid;Valladolid;Valladolid;;Valladolid;;;;;;;;;x
SPR_4408;Salamanca;Salamanca;Salamanca;;Salamanca;;;;;;;;;x
SPR_3813;Santander;Santander;Santander;;Santander;;;;;;;;;x
SPR_3678;Oviedo;Oviedo;Oviedo;;Oviedo;;;;;;;;;x
SPR_3676;La Coruña;La Coruña;La Coruña;;La Coruña;;;;;;;;;x
SPR_3611;Lugo;Lugo;Lugo;;Lugo;;;;;;;;;x
SPR_3878;Orense;Orense;Orense;;Orense;;;;;;;;;x
SPR_3742;Pontevedra;Pontevedra;Pontevedra;;Pontevedra;;;;;;;;;x
SPR_5321;Rif Oriental;Rif Oriental;Rif Oriental;;Rif Oriental;;;;;;;;;x
SPR_5289;Rif Occidental;Rif Occidental;Rif Occidental;;Rif Occidental;;;;;;;;;x
SPR_9551;Río de Oro;Río de Oro;Río de Oro;;Río de Oro;;;;;;;;;x
SPR_9569;Ifni;Ifni;Ifni;;Ifni;;;;;;;;;x
SPR_9482;Saguia el Hamra;Saguia el Hamra;Saguia el Hamra;;Saguia el Hamra;;;;;;;;;x
SPR_10002;Guinea Española;Guinea Española;Guinea Española;;Guinea Española;;;;;;;;;x
SPR_10729;Islas Canarias;Islas Canarias;Islas Canarias;;Islas Canarias;;;;;;;;;x
POR_3948;Minho;Minho;Minho;;Minho;;;;;;;;;x
POR_4901;Algarve;Algarve;Algarve;;Algarve;;;;;;;;;x
POR_4470;Baixo Alentejo;Baixo Alentejo;Baixo Alentejo;;Baixo Alentejo;;;;;;;;;x
POR_4533;Estremadura;Estremadura;Estremadura;;Estremadura;;;;;;;;;x
POR_4472;Alto Alentejo;Alto Alentejo;Alto Alentejo;;Alto Alentejo;;;;;;;;;x
POR_4282;Beira Litoral;Beira Litoral;Beira Litoral;;Beira Litoral;;;;;;;;;x
POR_4534;Ribatejo;Ribatejo;Ribatejo;;Ribatejo;;;;;;;;;x
POR_4214;Beira Alta;Beira Alta;Beira Alta;;Beira Alta;;;;;;;;;x
POR_4407;Beira Baixa;Beira Baixa;Beira Baixa;;Beira Baixa;;;;;;;;;x
POR_4017;Douro Litoral;Douro Litoral;Douro Litoral;;Douro Litoral;;;;;;;;;x
POR_4087;Trás-os-Montes e Alto Douro;Trás-os-Montes e Alto Douro;Trás-os-Montes e Alto Douro;;Trás-os-Montes e Alto Douro;;;;;;;;;x
POR_8970;Açores;Açores;Açores;;Açores;;;;;;;;;x
POR_11384;Madeira;Madeira;Madeira;;Madeira;;;;;;;;;x
andalucia_region;Andalucía;Andalucía;Andalucía;;Andalucía;;;;;;;;;x
aragon_region;Aragón;Aragón;Aragón;;Aragón;;;;;;;;;x
asturias_region;Asturias;Asturias;Asturias;;Asturias;;;;;;;;;x
islas_baleares_region;Islas Baleares;Islas Baleares;Islas Baleares;;Islas Baleares;;;;;;;;;x
castilla_la_nueva_region;Castilla la Nueva;Castilla la Nueva;Castilla la Nueva;;Castilla la Nueva;;;;;;;;;x
castilla_la_vieja_region;Castilla la Vieja;Castilla la Vieja;Castilla la Vieja;;Castilla la Vieja;;;;;;;;;x
cataluña_region;Cataluña;Cataluña;Cataluña;;Cataluña;;;;;;;;;x
extremadura_region;Extremadura;Extremadura;Extremadura;;Extremadura;;;;;;;;;x
galicia_region;Galicia;Galicia;Galicia;;Galicia;;;;;;;;;x
reino_de_leon_region;Reino de León;Reino de León;Reino de León;;Reino de León;;;;;;;;;x
reino_de_murcia_region;Reino de Murcia;Reino de Murcia;Reino de Murcia;;Reino de Murcia;;;;;;;;;x
navarra_region;Navarra;Navarra;Navarra;;Navarra;;;;;;;;;x
reino_de_valencia_region;Reino de Valencia;Reino de Valencia;Reino de Valencia;;Reino de Valencia;;;;;;;;;x
protectorado_espanol_de_marruecos_region;Protectorado Español de Marruecos;Protectorado Español de Marruecos;Protectorado Español de Marruecos;;Protectorado Español de Marruecos;;;;;;;;;x
sahara_espanol_region;Sahara Español;Sahara Español;Sahara Español;;Sahara Español;;;;;;;;;x
jap_coast_annex_region;Chinese coast;;Chinesische Küste;;;;;;;;;;;x
south_korea_region;South Korea;;Süd Korea;;;;;;;;;;;;x
north_korea_region;North Korea;;Nord Korea;;;;;;;;;;;;x
##################################################;;;;;;;;;;;;;;x
# Regions ;;;;;;;;;;;;;;x
##################################################;;;;;;;;;;;;;;x
washington_region;Washington;Washington;Washington;Washington;Washington;;;;;;;;;x
oregon_region;Oregon;Oregon;Oregon;Oregon;Oregon;;;;;;;;;x
california_region;California;California;California;California;California;;;;;;;;;x
nevada_region;Nevada;Nevada;Nevada;Nevada;Nevada;;;;;;;;;x
arizona_region;Arizona;Arizona;Arizona;Arizona;Arizona;;;;;;;;;x
utah_region;Utah;Utah;Utah;Utah;Utah;;;;;;;;;x
idaho_region;Idaho;Idaho;Idaho;Idaho;Idaho;;;;;;;;;x
montana_region;Montana;Montana;Montana;Montana;Montana;;;;;;;;;x
wyoming_region;Wyoming;Wyoming;Wyoming;Wyoming;Wyoming;;;;;;;;;x
colorado_region;Colorado;Colorado;Colorado;Colorado;Colorado;;;;;;;;;x
new_mexico_region;New Mexico;New Mexico;New Mexico;New Mexico;New Mexico;;;;;;;;;x
texas_region;Texas;Texas;Texas;Texas;Texas;;;;;;;;;x
oklahoma_region;Oklahoma;Oklahoma;Oklahoma;Oklahoma;Oklahoma;;;;;;;;;x
kansas_region;Kansas;Kansas;Kansas;Kansas;Kansas;;;;;;;;;x
nebraska_region;Nebraska;Nebraska;Nebraska;Nebraska;Nebraska;;;;;;;;;x
south_dakota_region;South Dakota;South Dakota;Süd Dakota;South Dakota;South Dakota;;;;;;;;;x
north_dakota_region;North Dakota;North Dakota;Nord Dakota;North Dakota;North Dakota;;;;;;;;;x
minnesota_region;Minnesota;Minnesota;Minnesota;Minnesota;Minnesota;;;;;;;;;x
iowa_region;Iowa;Iowa;Iowa;Iowa;Iowa;;;;;;;;;x
missouri_region;Missouri;Missouri;Missouri;Missouri;Missouri;;;;;;;;;x
arkansas_region;Arkansas;Arkansas;Arkansas;Arkansas;Arkansas;;;;;;;;;x
louisiana_region;Louisiana;Louisiana;Louisiana;Louisiana;Louisiana;;;;;;;;;x
mississippi_region;Mississippi;Mississippi;Mississippi;Mississippi;Mississippi;;;;;;;;;x
alabama_region;Alabama;Alabama;Alabama;Alabama;Alabama;;;;;;;;;x
tennesse_region;Tennesse;Tennesse;Tennesse;Tennesse;Tennesse;;;;;;;;;x
kentucky_region;Kentucky;Kentucky;Kentucky;Kentucky;Kentucky;;;;;;;;;x
illinois_region;Illinois;Illinois;Illinois;Illinois;Illinois;;;;;;;;;x
wisconsin_region;Wisconsin;Wisconsin;Wisconsin;Wisconsin;Wisconsin;;;;;;;;;x
michigan_region;Michigan;Michigan;Michigan;Michigan;Michigan;;;;;;;;;x
indiana_region;Indiana;Indiana;Indiana;Indiana;Indiana;;;;;;;;;x
ohio_region;Ohio;Ohio;Ohio;Ohio;Ohio;;;;;;;;;x
florida_region;Florida;Florida;Florida;Florida;Florida;;;;;;;;;x
georgia_region;Georgia;Georgia;Georgia;Georgia;Georgia;;;;;;;;;x
south_carolina_region;South Carolina;South Carolina;Süd Carolina;South Carolina;South Carolina;;;;;;;;;x
north_carolina_region;North Carolina;North Carolina;Nord Carolina;North Carolina;North Carolina;;;;;;;;;x
virginia_region;Virginia;Virginia;Virginia;Virginia;Virginia;;;;;;;;;x
west_virginia_region;West Virginia;West Virginia;West Virginia;West Virginia;West Virginia;;;;;;;;;x
mariland_region;Maryland;Maryland;Maryland;Maryland;Maryland;;;;;;;;;x
washington_dc_region;Washington D.C.;Washington D.C.;Washington D.C.;Washington D.C.;Washington D.C.;;;;;;;;;x
delaware_region;Delaware;Delaware;Delaware;Delaware;Delaware;;;;;;;;;x
pennsylvania_region;Pennsylvania;Pennsylvania;Pennsylvania;Pennsylvania;Pennsylvania;;;;;;;;;x
new_york_region;New York;New York;New York;New York;New York;;;;;;;;;x
new_jersey_region;New Jersey;New Jersey;New Jersey;New Jersey;New Jersey;;;;;;;;;x
connecticut_region;Connecticut;Connecticut;Connecticut;Connecticut;Connecticut;;;;;;;;;x
rhode_island_region;Rhode Island;Rhode Island;Rhode Island;Rhode Island;Rhode Island;;;;;;;;;x
massachusetts_region;Massachusetts;Massachusetts;Massachusetts;Massachusetts;Massachusetts;;;;;;;;;x
vermont_region;Vermont;Vermont;Vermont;Vermont;Vermont;;;;;;;;;x
new_hampshire_region;New Hampshire;New Hampshire;New Hampshire;New Hampshire;New Hampshire;;;;;;;;;x
maine_region;Maine;Maine;Maine;Maine;Maine;;;;;;;;;x
alaska_region;Alaska;Alaska;Alaska;Alaska;Alaska;;;;;;;;;x
guangdong_region;Guangdong;Guangdong;Guangdong;Guangdong;Guangdong;;;;;;;;;x
shanxi_region;Shanxi;Shanxi;Shanxi;Shanxi;Shanxi;;;;;;;;;x
yunnan_region;Yunnan;Yunnan;Yunnan;Yunnan;Yunnan;;;;;;;;;x
guangxi_region;Guangxi;Guangxi;Guangxi;Guangxi;Guangxi;;;;;;;;;x
xikang_region;Xikang;Xikang;Xikang;Xikang;Xikang;;;;;;;;;x
gansu_region;Gansu;Gansu;Gansu;Gansu;Gansu;;;;;;;;;x
qinghai_region;Qinghai;Qinghai;Qinghai;Qinghai;Qinghai;;;;;;;;;x
ningxia_region;Ningxia;Ningxia;Ningxia;Ningxia;Ningxia;;;;;;;;;x
chahar_region;Chahar;Chahar;Chahar;Chahar;Chahar;;;;;;;;;x
suiyuan_region;Suiyuan;Suiyuan;Suiyuan;Suiyuan;Suiyuan;;;;;;;;;x
sichuan_region;Sichuan;Sichuan;Sichuan;Sichuan;Sichuan;;;;;;;;;x
guizhou_region;Guizhou;Guizhou;Guizhou;Guizhou;Guizhou;;;;;;;;;x
shaanxi_region;Shaanxi;Shaanxi;Shaanxi;Shaanxi;Shaanxi;;;;;;;;;x
east_hebei_region;East Hebei;East Hebei;Ost Hebei;East Hebei;East Hebei;;;;;;;;;x
hebei_region;Hebei;Hebei;Hebei;Hebei;Hebei;;;;;;;;;x
shandong_region;Shandong;Shandong;Shandong;Shandong;Shandong;;;;;;;;;x
fujian_region;Fujian;Fujian;Fujian;Fujian;Fujian;;;;;;;;;x
hunan_region;Hunan;Hunan;Hunan;Hunan;Hunan;;;;;;;;;x
jiangsu_region;Jiangsu;Jiangsu;Jiangsu;Jiangsu;Jiangsu;;;;;;;;;x
jiangxi_region;Jiangxi;Jiangxi;Jiangxi;Jiangxi;Jiangxi;;;;;;;;;x
chekiang_region;Zhejiang;Zhejiang;Zhejiang;Zhejiang;Zhejiang;;;;;;;;;x
anhui_region;Anhui;Anhui;Anhui;Anhui;Anhui;;;;;;;;;x
henan_region;Henan;Henan;Henan;Henan;Henan;;;;;;;;;x
hubei_region;Hubei;Hubei;Hubei;Hubei;Hubei;;;;;;;;;x
xinjiang_region;Xinjiang;Xinjiang;Xinjiang;Xinjiang;Xinjiang;;;;;;;;;x
kham_region;Kham;Kham;Kham;Kham;Kham;;;;;;;;;x
utang_region;Ü-Tsang;Ü-Tsang;Ü-Tsang;Ü-Tsang;Ü-Tsang;;;;;;;;;x
rehe_region;Rehe;Rehe;Rehe;Rehe;Rehe;;;;;;;;;x
liaonning_region;Liaonning;Liaonning;Liaonning;Liaonning;Liaonning;;;;;;;;;x
andong_region;Andong;Andong;Andong;Andong;Andong;;;;;;;;;x
nenjiang_region;Nenjiang;Nenjiang;Nenjiang;Nenjiang;Nenjiang;;;;;;;;;x
xingan_region;Xing'an;Xing'an;Xing'an;Xing'an;Xing'an;;;;;;;;;x
jilin_region;Jilin;Jilin;Jilin;Jilin;Jilin;;;;;;;;;x
CHC_region;CHC;CHC;CHC;CHC;CHC;;;;;;;;;x
heilongjiang_region;Heilongjiang;Heilongjiang;Heilongjiang;Heilongjiang;Heilongjiang;;;;;;;;;x
jiandao_region;Jiandao;Jiandao;Jiandao;Jiandao;Jiandao;;;;;;;;;x
heihe_region;Heihe;heihe_regionheihe_regionheihe_regionheihe_region;Heihe;;;;;;;;;;;x
songjiang_region;Songjiang;Songjiang;Songjiang;Songjiang;Songjiang;;;;;;;;;x
fengtian_region;Fengtian;Fengtian;Fengtian;Fengtian;Fengtian;;;;;;;;;x
taiwan_region;Taiwan;Taiwan;Taiwan;Taiwan;Taiwan;;;;;;;;;x
hokkaido_region;Hokkaido;Hokkaido;Hokkaido;Hokkaido;Hokkaido;;;;;;;;;x
tohoku_region;Tohoku;Tohoku;Tohoku;Tohoku;Tohoku;;;;;;;;;x
kanto_region;Kanto;Kanto;Kanto;Kanto;Kanto;;;;;;;;;x
Japanese_Mainland;Japanese Mainland;;;;;;;;;;;;;x
shikoku_region;Shikoku;Shikoku;Shikoku;Shikoku;Shikoku;;;;;;;;;x
kyushu_region;Kyushu;Kyushu;Kyushu;Kyushu;Kyushu;;;;;;;;;x
karafuto_region;Karafuto;Karafuto;Karafuto;Karafuto;Karafuto;;;;;;;;;x
kansai_region;Kansai;Kansai;Kansai;Kansai;Kansai;;;;;;;;;x
chubu_region;Chubu;Chubu;Chubu;Chubu;Chubu;;;;;;;;;x
chugoku_region;Chugoku;Chugoku;Chugoku;Chugoku;Chugoku;;;;;;;;;x
saipan_region;Saipan;Saipan;Saipan;Saipan;Saipan;;;;;;;;;x
palau_region;Palau;Palau;Palau;Palau;Palau;;;;;;;;;x
yap_region;Yap;Yap;Yap;Yap;Yap;;;;;;;;;x
truk_region;Truk;Truk;Truk;Truk;Truk;;;;;;;;;x
ponape_region;Ponape;Ponape;Ponape;Ponape;Ponape;;;;;;;;;x
jaluit_region;Jaluit Atoll;Jaluit Atoll;Jaluit Atoll;Jaluit Atoll;Jaluit Atoll;;;;;;;;;x
keikido_region;Keikido;Keikido;Keikido;Keikido;Keikido;;;;;;;;;x
kogendo_region;Kogendo;Kogendo;Kogendo;Kogendo;Kogendo;;;;;;;;;x
chuseihokudo_region;Chusei-hokudo;Chusei-hokudo;Chusei-hokudo;Chusei-hokudo;Chusei-hokudo;;;;;;;;;x
chuseinando_region;Chusei-nando;Chusei-nando;Chusei-nando;Chusei-nando;Chusei-nando;;;;;;;;;x
zenrahokudo_region;Zenra-hokudo;Zenra-hokudo;Zenra-hokudo;Zenra-hokudo;Zenra-hokudo;;;;;;;;;x
zenranando_region;Zenra-nando;Zenra-nando;Zenra-nando;Zenra-nando;Zenra-nando;;;;;;;;;x
keishohokudo_region;Keisho-hokudo;Keisho-hokudo;Keisho-hokudo;Keisho-hokudo;Keisho-hokudo;;;;;;;;;x
keishonando_region;Keisho-nando;Keisho-nando;Keisho-nando;Keisho-nando;Keisho-nando;;;;;;;;;x
heiannando_region;Heian-nando;Heian-nando;Heian-nando;Heian-nando;Heian-nando;;;;;;;;;x
heianhokudo_region;Heian-hokudo;Heian-hokudo;Heian-hokudo;Heian-hokudo;Heian-hokudo;;;;;;;;;x
kokaido_region;Kokaido;Kokaido;Kokaido;Kokaido;Kokaido;;;;;;;;;x
kankyonando_region;Kankyo-nando;Kankyo-nando;Kankyo-nando;Kankyo-nando;Kankyo-nando;;;;;;;;;x
kankyohokudo_region;Kankyo-hokudo;Kankyo-hokudo;Kankyo-hokudo;Kankyo-hokudo;Kankyo-hokudo;;;;;;;;;x
dornod_region;Dornod;Dornod;Dornod;Dornod;Dornod;;;;;;;;;x
khentii_region;Khentii;Khentii;Khentii;Khentii;Khentii;;;;;;;;;x
tariachin_region;Tariachin;Tariachin;Tariachin;Tariachin;Tariachin;;;;;;;;;x
tov_region;Töv;Töv;Töv;Töv;Töv;;;;;;;;;x
dornogovi_region;Dornogovi;Dornogovi;Dornogovi;Dornogovi;Dornogovi;;;;;;;;;x
omnogovi_region;Ömnögovi;Dundgovi;Dundgovi;Dundgovi;Dundgovi;;;;;;;;;x
ovorkhangai_region;Övökhangai;Övökhangai;Övökhangai;Övökhangai;Övökhangai;;;;;;;;;x
khovsgol_region;Khövsgöl;Khövsgöl;Khövsgöl;Khövsgöl;Khövsgöl;;;;;;;;;x
arkhangai_region;Arkhangai;Arkhangai;Arkhangai;Arkhangai;Arkhangai;;;;;;;;;x
zavkhan_region;Zavkhan;Zavkhan;Zavkhan;Zavkhan;Zavkhan;;;;;;;;;x
altai_region;Altai;Altai;Altai;Altai;Altai;;;;;;;;;x
dorvod_region;Dörvöd;Dörvöd;Dörvöd;Dörvöd;Dörvöd;;;;;;;;;x
khovd_region;Khovd;Khovd;Khovd;Khovd;Khovd;;;;;;;;;x
tannuuriankhai_region;Tannu Uriankhai;Tannu Uriankhai;Tannu Uriankhai;Tannu Uriankhai;Tannu Uriankhai;;;;;;;;;x
kamchatka_region;Kamchatka;Kamchatka;Kamtschatka;Kamchatka;Kamchatka;;;;;;;;;x
north_siam_region;North Siam;North Siam;Nord Siam;North Siam;North Siam;;;;;;;;;x
northeast_siam_region;Isan;Isan;Isan;Isan;Isan;;;;;;;;;x
central_siam_region;Central Siam;Central Siam;Zentral Siam;Central Siam;Central Siam;;;;;;;;;x
south_siam_region;South Siam;South Siam;Süd Siam;South Siam;South Siam;;;;;;;;;x
laos_region;Laos;Laos;Laos;Laos;Laos;;;;;;;;;x
tonkin_region;Tonkin;Tonkin;Tonkin;Tonkin;Tonkin;;;;;;;;;x
annam_region;Annam;Annam;Annam;Annam;Annam;;;;;;;;;x
cochinchina_region;Cochinchina;Cochinchina;Kotschinchina;Cochinchina;Cochinchina;;;;;;;;;x
cambodia_region;Cambodia;Cambodia;Kambodscha;Cambodia;Cambodia;;;;;;;;;x
straight_settlements_region;Straights Settlements;Straights Settlements;nur Dörfer;Straights Settlements;Straights Settlements;;;;;;;;;x
unfederated_malay_region;Unfederated Malaya;Unfederated Malaya;Unvereinigte Malaysia;Unfederated Malaya;Unfederated Malaya;;;;;;;;;x
federated_malay_region;Federated Malaya;Federated Malaya;Vereinigtes Malaysia;Federated Malaya;Federated Malaya;;;;;;;;;x
sabah_region;Sabah;Sabah;Sabah;Sabah;Sabah;;;;;;;;;x
sarawak_region;Sarawak;Sarawak;Sarawak;Sarawak;Sarawak;;;;;;;;;x
western_australia_region;Western Australia;Western Australia;West Australien;Western Australia;Western Australia;;;;;;;;;x
northern_australia_region;Northern Australia;Northern Australia;Nord Australien;Northern Australia;Northern Australia;;;;;;;;;x
south_australia_region;South Australia;South Australia;Süd Australien;South Australia;South Australia;;;;;;;;;x
queensland_region;Queensland;Queensland;Queensland;Queensland;Queensland;;;;;;;;;x
new_south_wales_region;New South Wales;New South Wales;New South Wales;New South Wales;New South Wales;;;;;;;;;x
victoria_region;Victoria;Victoria;Victoria;Victoria;Victoria;;;;;;;;;x
tasmania_region;Tasmania;Tasmania;Tasmanien;Tasmania;Tasmania;;;;;;;;;x
Top_end;The Top End;The Top End;The Top End;The Top End;The Top End;;;;;;;;;x
papua_region;Papua;Papua;Papua;Papua;Papua;;;;;;;;;x
newguinea_region;New Guinea;New Guinea;Neu Guinea;New Guinea;New Guinea;;;;;;;;;x
northland_region;Northland;Northland;Northland;Northland;Northland;;;;;;;;;x
auckland_region;Auckland;Auckland;Auckland;Auckland;Auckland;;;;;;;;;x
waikato_region;Waikato;Waikato;Waikato;Waikato;Waikato;;;;;;;;;x
bay_of_plenty_region;Bay of Plenty;Bay of Plenty;Bucht von Plenty;Bay of Plenty;Bay of Plenty;;;;;;;;;x
gisborn_region;Gisborn;Gisborn;Gisborn;Gisborn;Gisborn;;;;;;;;;x
hawkes_bay_region;Hawke's Bay;Hawke's Bay;Hawke's Bay;Hawke's Bay;Hawke's Bay;;;;;;;;;x
taranaki_region;Taranaki;Taranaki;Taranaki;Taranaki;Taranaki;;;;;;;;;x
manawatuwanganui_region;Manawatu-Wanganui;Manawatu-Wanganui;Manawatu-Wanganui;Manawatu-Wanganui;Manawatu-Wanganui;;;;;;;;;x
wellington_region;Wellington;Wellington;Wellington;Wellington;Wellington;;;;;;;;;x
tasman_region;Tasman;Tasman;Tasman;Tasman;Tasman;;;;;;;;;x
mariborough_region;Mariborough;Mariborough;Mariborough;Mariborough;Mariborough;;;;;;;;;x
west_coast_region;West Coast;West Coast;West Küste;West Coast;West Coast;;;;;;;;;x
canterbury_region;Canterbury;Canterbury;Canterbury;Canterbury;Canterbury;;;;;;;;;x
otago_region;Otago;Otago;Otago;Otago;Otago;;;;;;;;;x
southland_region;Southland;Southland;Southland;Southland;Southland;;;;;;;;;x
south_tyrol_region;South Tyrol;Tyrol du Sud;Südtirol;Tirol del Sur;;;;;;;;;;x
japanese_pacific_bases_region;Japanese Pacific Bases;Japanese Pacific Bases;Japanische Pazifik Basen;Japanese Pacific Bases;Japanese Pacific Bases;;;;;;;;;x
french_pacific_bases_region;French Pacific Bases;French Pacific Bases;Französische Pazifik Basen;French Pacific Bases;French Pacific Bases;;;;;;;;;x
british_pacific_bases_region;British Pacific Bases;British Pacific Bases;Englische Pazifik Basen;British Pacific Bases;British Pacific Bases;;;;;;;;;x
sudan_region;Sudan;Soudan;Sudan;Sudán;;;;;;;;;;x
tunisia_region;Tunisia;Tunisie;Tunesien;Túnez;;;;;;;;;;x
morocco_region;Morocco;Maroc;Marokko;Marreucos;;;;;;;;;;x
algeria_region;Algeria;Algérie;Algerien;Argelia;;;;;;;;;;x
british_somaliland_region;British Somoliland;Somalie britannique;Britisch-Somaliland;Somalilandia Británica;;;;;;;;;;x
sakhalin_region;Sakhalin;Sakhaline;Sachalin;Sajalín;;;;;;;;;;x
west_turkistan_region;West Turkistan;West Turkistan;West Turkistan;West Turkistan;West Turkistan;;;;;;;;;x
east_siberia_region;East Siberia;East Siberia;Ost Sibirien;East Siberia;East Siberia;;;;;;;;;x
west_siberia_region;West Siberia;West Siberia;West Sibirien;West Siberia;West Siberia;;;;;;;;;x
central_asia_region;Central Asia;Central Asia;Zentral Asien;Central Asia;Central Asia;;;;;;;;;x
urals_region;Urals;Urals;Ural;Urals;Urals;;;;;;;;;x
bohemia_and_moravia;Bohemia-Moravia;Bohême-Moravie;Böhmen und Mähren;Böhmen und Mähren;Bohemia y Moravia;;;;;;;;;x
southern_slovakia;Southern Slovakia;Sud de la Slovaquie;Südslowakei;Südslowakei;El sur de Eslovaquia;;;;;;;;;x
bohemia;Bohemia;Bohême;Böhmen;Böhmen;Bohemia;;;;;;;;;x
moravia;Moravia;Moravie;Mähren;Mähren;Moravia;;;;;;;;;x
silesia;Czech Silesia;Silésie tchèque;Tschechisch-Schlesien;Tschechisch-Schlesien;Silesia Checa;;;;;;;;;x
slovakia;Slovakia;Slovaquie;Slowakei;Slowakei;Eslovaquia;;;;;;;;;x
subcarpathian_ruthenia;Subcarpathian Ruthenia;Ruthénie subcarpathique;Karpatoruthenien;Karpatoruthenien;Rutenia Subcarpatiana;;;;;;;;;x
finland_ahvenanmaa;Åland Islands;Åland;Åland;Åland;Åland;;;;;;;;;x
finland_etela_kannas;Etelä-Kannas;Etelä-Kannas;Etelä-Kannas;Etelä-Kannas;Etelä-Kannas;;;;;;;;;x
finland_keski_kannas;Keski-Kannas;Keski-Kannas;Keski-Kannas;Keski-Kannas;Keski-Kannas;;;;;;;;;x
finland_kymenlaakso;Kymenlaakso;Kymenlaakso;Kymenlaakso;Kymenlaakso;Kymenlaakso;;;;;;;;;x
finland_uusimaa;Uusimaa;Uusimaa;Uusimaa;Uusimaa;Uusimaa;;;;;;;;;x
finland_ita_uusimaa;Itä-Uusimaa;Itä-Uusimaa;Itä-Uusimaa;Itä-Uusimaa;Itä-Uusimaa;;;;;;;;;x
finland_varsinais_suomi;Varsinais-Suomi;Varsinais-Suomi;Varsinais-Suomi;Varsinais-Suomi;Varsinais-Suomi;;;;;;;;;x
finland_satakunta;Satakunta;Satakunta;Satakunta;Satakunta;Satakunta;;;;;;;;;x
finland_kanta_hame;Kanta-Häme;Kanta-Häme;Kanta-Häme;Kanta-Häme;Kanta-Häme;;;;;;;;;x
finland_pirkanmaa;Pirkanmaa;Pirkanmaa;Pirkanmaa;Pirkanmaa;Pirkanmaa;;;;;;;;;x
finland_lansi_savo;Länsi-Savo;Länsi-Savo;Länsi-Savo;Länsi-Savo;Länsi-Savo;;;;;;;;;x
finland_laatokan_karjala;Laatokan Karjala;Laatokan Karjala;Laatokan Karjala;Laatokan Karjala;Laatokan Karjala;;;;;;;;;x
finland_raja_karjala;Raja-Karjala;Raja-Karjala;Raja-Karjala;Raja-Karjala;Raja-Karjala;;;;;;;;;x
finland_keski_karjala;Keski-Karjala;Keski-Karjala;Keski-Karjala;Keski-Karjala;Keski-Karjala;;;;;;;;;x
finland_pohjois_karjala;Pohjois-Karjala;Pohjois-Karjala;Pohjois-Karjala;Pohjois-Karjala;Pohjois-Karjala;;;;;;;;;x
finland_ita_savo;Itä-Savo;Itä-Savo;Itä-Savo;Itä-Savo;Itä-Savo;;;;;;;;;x
finland_keski_savo;Keski-Savo;Keski-Savo;Keski-Savo;Keski-Savo;Keski-Savo;;;;;;;;;x
finland_keski_suomi;Keski-Suomi;Keski-Suomi;Keski-Suomi;Keski-Suomi;Keski-Suomi;;;;;;;;;x
finland_pohjanmaa;Pohjanmaa;Pohjanmaa;Pohjanmaa;Pohjanmaa;Pohjanmaa;;;;;;;;;x
finland_etela_pohjanmaa;Etelä-Pohjanmaa;Etelä-Pohjanmaa;Etelä-Pohjanmaa;Etelä-Pohjanmaa;Etelä-Pohjanmaa;;;;;;;;;x
finland_keski_pohjanmaa;Keski-Pohjanmaa;Keski-Pohjanmaa;Keski-Pohjanmaa;Keski-Pohjanmaa;Keski-Pohjanmaa;;;;;;;;;x
finland_pohjois_pohjanmaa;Pohjois-Pohjanmaa;Pohjois-Pohjanmaa;Pohjois-Pohjanmaa;Pohjois-Pohjanmaa;Pohjois-Pohjanmaa;;;;;;;;;x
finland_sisa_pohjanmaa;Sisä-Pohjanmaa;Sisä-Pohjanmaa;Sisä-Pohjanmaa;Sisä-Pohjanmaa;Sisä-Pohjanmaa;;;;;;;;;x
finland_pohjois_savo;Pohjois-Savo;Pohjois-Savo;Pohjois-Savo;Pohjois-Savo;Pohjois-Savo;;;;;;;;;x
finland_pielisen_karjala;Pielisen Karjala;Pielisen Karjala;Pielisen Karjala;Pielisen Karjala;Pielisen Karjala;;;;;;;;;x
finland_etela_kainuu;Etelä-Kainuu;Etelä-Kainuu;Etelä-Kainuu;Etelä-Kainuu;Etelä-Kainuu;;;;;;;;;x
finland_lansi_kainuu;Länsi-Kainuu;Länsi-Kainuu;Länsi-Kainuu;Länsi-Kainuu;Länsi-Kainuu;;;;;;;;;x
finland_ita_kainuu;Itä-Kainuu;Itä-Kainuu;Itä-Kainuu;Itä-Kainuu;Itä-Kainuu;;;;;;;;;x
finland_meri_lappi;Meri-Lappi;Meri-Lappi;Meri-Lappi;Meri-Lappi;Meri-Lappi;;;;;;;;;x
finland_keski_lappi;Keski-Lappi;Keski-Lappi;Keski-Lappi;Keski-Lappi;Keski-Lappi;;;;;;;;;x
finland_kasivarsi;Käsivarsi;Käsivarsi;Käsivarsi;Käsivarsi;Käsivarsi;;;;;;;;;x
finland_koillismaa;Koillismaa;Koillismaa;Koillismaa;Koillismaa;Koillismaa;;;;;;;;;x
finland_salla;Salla;Salla;Salla;Salla;Salla;;;;;;;;;x
finland_ita_lappi;Itä-Lappi;Itä-Lappi;Itä-Lappi;Itä-Lappi;Itä-Lappi;;;;;;;;;x
finland_inari;Inari;Inari;Inari;Inari;Inari;;;;;;;;;x
finland_utsjoki;Utsjoki;Utsjoki;Utsjoki;Utsjoki;Utsjoki;;;;;;;;;x
finland_petsamo;Petsamo;Petsamo;Petsamo;Petsamo;Petsamo;;;;;;;;;x
ussr_kirov;Kirov Oblast;Oblast de Kirov;Oblast Kirow;;Oblast de Kirov;Oblast' di Kirov;;;;;;;;x
HOL_riau_islands;Riau Islands;Îles Riau;Riau Inseln;;Riau Islands;Isole Riau;;;;;;;;x
HOL_9914;Suriname;Suriname;Surinam;Surinam;Surinam;Suriname;;;;;;;;x
FRA_9933;French Guiana;Guyane;Französisch-Guayana;Gujana Francuska;Guayana Francesa;Guyana francese;;;;;;;;x
ENG_9932;British Guiana;Guyane britannique;Britisch-Guayana;Gujana Brytyjska;Guayana británica;Guyana britannica;;;;;;;;x
soviet_railways;Soviet Rail Network;;Russisches Schienennetz;;;;;;;;;;;x
baltic_railways;Baltic Rail Network;;Baltisches Schienennetz;;;;;;;;;;;x
belarus_railways;Belarus Rail Network;;Weißrussisches Schienennetz;;;;;;;;;;;x
ukraine_railways;Ukraine Rail Network;;Ukrainisches Schienennetz;;;;;;;;;;;x
moscow_railways;Moscow Rail Network;;Moskauer Schienennetz;;;;;;;;;;;x
leningrad_railways;Leningrad Rail Network;;Leningrader Schienennetz;;;;;;;;;;;x
caucaus_railways;Caucaus Rail Network;;Kaukasisches Schienennetz;;;;;;;;;;;x
crimea_railways;Crimean Rail Network;;Schienennetz der Krim;;;;;;;;;;;x
ukraine_region;Ukraine;Ukraine;Ukraine;Ukraine;Ukraine;;;;;;;;;x
belarus_region;Belarus;Belarus;Belarus;Belarus;Belarus;;;;;;;;;x
hungarian_region;Hungary;Hungary;Hungary;Hungary;Hungary;;;;;;;;;x
mainland_england;Mainland England;;;;;;;;;;;;;x
Marnemans_Fake_Region;BlackICE;;;;;;;;;;;;;x
burma_region;Burma;;;;;;;;;;;;;x
india_region;India;;;;;;;;;;;;;x
pakistan_region;Pakistan;;;;;;;;;;;;;x
syria_region;Syria;;;;;;;;;;;;;x
Pacific_Campaign_region;Pacific Campaign region;;;;;;;;;;;;;x
uraldefence;Urals urban defences;;;;;;;;;;;;;x
lenindefence;Leningrad defenses;;;;;;;;;;;;;x