EVTNAME10000;The Hindenburg Disaster;;Die Hindenburg-Katastrophe;;;;;;;;;;x;
EVTDESC10000;The German passenger airship Hindenburg was destroyed today while attempting to dock at the Lakehurst Naval Air Station in the United States. For reasons not yet determined, the airship was engulfed in flames and crashed to the ground, claiming 35 lives.\n\nDue to the scarcity and expense of helium, the Hindenburg, like all German passenger airships, was designed to use hydrogen, which provides greater lift but is also flammable. With public faith shaken by this disaster and the rise of much faster passenger aircraft, could this spell the end of the airship era?;;Das deutsche Passagier-Luftschiff Hindenburg wurde heute bei dem Versuch an die Lakehurst Marine-Luftstation in den Vereinigten Staaten anzudocken, zerstört. Aus noch ungeklärten Gründen ging das Luftschiff in Flammen auf, stürzte ab und forderte 35 Mensc;;;;;;;;;;x;
EVTOPTA10000;Oh, the humanity!;;Oh, die Menschheit!;;;;;;;;;;x;
EVTNAME10001;The Pentagon is Finished;;Das Pentagon wurde fertiggestellt;;;;;;;;;;x;
EVTDESC10001;Construction has finished on the Pentagon, a massive office complex that will house the entire United States War Department. Built across the Potomac from Washington, the Pentagon is the largest office building in the world with floor space of over 4,000,000 square feet. It was finished in less than a year and a half, and the first War Department employees moved into the building as early as eight months ago, while it was still under construction.\n\nThe Pentagon has the world's largest private switchboard, sufficient for a city of 125,000, and the cost to build it was roughly the same as a battleship. Yet, despite the building's vast size, the War Department can still not find enough space to fit all of its workers within the Pentagon's walls.;;Der Bau des Pentagon, eines riesigen Bürokomplexes, der das gesamte US-amerikanische Verteidigungsministerium beherbergen wird, wurde beendet. Über den Potomac von Washington gebaut, ist das Pentagon mit einer Bürofläche von über 4.000.000 m² das größte B;;;;;;;;;;x;
EVTOPTA10001;Running a war isn't easy.;;Einen Krieg abzuhalten ist nicht einfach.;;;;;;;;;;x;
EVTNAME10002;The Assassination of Leon Trotsky;;Das Attentat auf Leon Trotsky;;;;;;;;;;x;
EVTDESC10002;Leon Trotsky, once the top lieutenant and heir presumptive of Vladimir Ilyich Lenin, died today in a Mexico City hospital. He was attacked in his home with an ice axe by a Spanish national in the employ of the NKVD. He succumbed to his wounds one day later.\n\nAfter a failed power struggle with Joseph Stalin and his allies for control of the Communist Party of the Soviet Union, Trotsky spent the thirties in exile, living in Turkey, France and Norway before finally settling in Mexico. He remained a constant critic of Stalin and the "degenerated workers' state" of the Soviet Union under his rule.;;Leon Trotski, ehemals ein top Oberleutnant und mutmaßlicher Erbe von Vladimir Ilyich Lenin, starb heute in einem Krankenhaus in Mexico City. Er wurde in seinem Haus von einem spanischen, in den Diensten des NKWD stehenden, Staatsangehörigen angegriffen. E;;;;;;;;;;x;
EVTOPTA10002;He staked his life.;;Er riskierte sein Leben.;;;;;;;;;;x;
EVTNAME10003;Kaiser Wilhelm II;;Kaiser Wilhelm II;;;;;;;;;;x;
EVTDESC10003;Wilhelm II, the last Kaiser of the German Empire, passed away today at the age of 82. Wilhelm fled into exile in the Netherlands at the conclusion of the First World War, after abdicating the throne and vowing never to return to Germany until the monarchy had been restored.\n\nHe assumed the throne in 1888, upon the deaths of his grandfather Wilhelm I and his father Frederick III, who only reigned for 99 days. His oldest son, the former Crown Prince Wilhelm, who commanded the 5th Army during the Great War, is now the new head of the House of Hohenzollern.;;Wilhelm II., der letzte Kaiser des Deutschen Reiches, starb heute im Alter von 82 Jahren. Wilhelm floh nach Ende des Ersten Weltkrieges in die Niederlande ins Exil, nachdem er abgedankt und geschworen hatte, Deutschland nie wieder zu betreten, bis die Mon;;;;;;;;;;x;
EVTOPTA10003;Nihil Sine Deo!;;Nihil Sine Deo!;;;;;;;;;;x;
EVTNAME10004;Amelia Earhart Disappears;;Amelia Earhart verschwindet;;;;;;;;;;x;
EVTDESC10004;The famous aviator Amelia Earhart, the first woman to complete a solo flight across the Atlantic, has disappeared along with her navigator, Fred Noonan, near Howland Island in the middle of the Pacific Ocean. The two were attempting a flight around the entire world in their twin-engined Lockheed Electra plane when they vanished. A search for the missing aviators is now being conducted by the U.S. Navy and Coast Guard.;;Die berühmte Pilotin Amelia Earhart, die erste Frau, die einen Soloflug über den Atlantik beendete, ist mit ihrem Navigator, Fred Noonan, in der Nähe von Howland Island, mitten im Pazifischen Ozean, verschwunden. Die beiden hatten versucht in ihrem zweimo;;;;;;;;;;x;
EVTOPTA10004;The Queen of the Air is lost.;;Die Königin der Lüfte ist verschwunden.;;;;;;;;;;x;
EVTNAME10005;Games of the XI Olympiad;;XI. Olympische Spiele;;;;;;;;;;x;
EVTDESC10005;The eleventh Olympic Games were recently held in Berlin, Germany. Attended by athletes from 49 different nations across the world, the 1936 Summer Olympics are the first in history to have enjoyed limited live television coverage.\n\nGerman athletes saw the most success, winning 33 gold medals, while the Americans came in second, with 24. Four of these were won by Jesse Owens, the single most successful athlete of the Games.;;Die elften Olympischen Spiele fanden kürzlich in Berlin, Deutschland statt. Mit Athleten aus 49 verschiedenen Nationen aus aller Welt waren die Olympischen Sommerspiele von 1936 die ersten der Geschichte, die eingeschränkte Live-Fernseh-Übertragung bieten;;;;;;;;;;x;
EVTOPTA10005;The Games are concluded.;;Die Spiele sind beendet.;;;;;;;;;;x;
EVTNAME10006;War of the Worlds;;Krieg der Welten;;;;;;;;;;x;
EVTDESC10006;A recent radio adaptation of H.G. Wells' novel "War of the Worlds" in the United States has caused mass hysteria among its listeners. Directed and narrated by Orson Welles, the radio drama was a special Halloween episode of Mercury Theatre on the Air and described a seemingly unstoppable Martian invasion of the Earth.\n\nMany who caught only part of the broadcast believed it told of real events and reacted with panic. Experts attribute this to the tense international situation and the looming spectre of war that hangs over the nation.;;Eine kürzliche Radio-Adaption von H.G. Wells' Roman "Krieg der Welten" sorgte in den Vereinigten Staaten für eine Massenhysterie unter den Zuhörern.  Das Radio-Drama, das von Orson Welles' regiert und erzählt wurde, war eine besondere Halloween-Episode ;;;;;;;;;;x;
EVTOPTA10006;The world is not coming to an end?;;Das Ende der Welt ist nicht nah?;;;;;;;;;;x;
EVTNAME10007;Vesuvius Erupts;;Der Vesuv bricht aus;;;;;;;;;;x;
EVTDESC10007;Mount Vesuvius, the Italian volcano famous for destroying the Roman city of Pompeii in AD 79, has erupted once again. The ash plumes can be seen from Naples, and although this eruption is not the volcano's most powerful, several villages near its base have suffered extensive damage.;;Der Vesuv, der italienische Vulkan, der für die Zerstörung der römischen Stadt Pompeji 79 vor Christus berühmt ist, ist wieder ausgebrochen. Die Asche-Schwaden können von Neapel aus gesehen werden und auch wenn dieser Ausbruch nicht der stärkste des Vulka;;;;;;;;;;x;
EVTOPTA10007;That was unexpected.;;Das war unerwartet;;;;;;;;;;x;
EVTNAME10020;The Fall of London;;Der Fall Londons;;;;;;;;;;x;
EVTDESC10020;As the first German scout units advance into the city, the chimes of Big Ben echo throughout the deserted streets of London. The sound is soon drowned out by sporadic small-arms fire, and before long the bell itself is forever silenced by a German tank round.\n\nFallschirmjägers storm Buckingham Palace, but the Royal Family has already been evacuated well in advance of the attack. Still, the Union Jack is lowered and the German flag hoisted in its place. London has fallen.;;Als die ersten deutschen Spähertruppen in die Stadt vordringen, hallen die Schläge von Big Ben durch die verwaisten Straßen Londons. Der Klang wird schon bald durch das sporadische feuern von Handfeuerwaffen übertönt und binnen kurzem wird die Glocke selb;;;;;;;;;;x;
EVTOPTA10020;God save the King!;;Gott schütze den König!;;;;;;;;;;x;
EVTNAME10021;The Fall of Cairo;;Der Fall Kairos;;;;;;;;;;x;
EVTDESC10021;Like a terrible sandstorm sweeping in from the desert, German forces have descended on Cairo and claimed the city. The dust-covered armored columns of the Afrika Korps roll past the Giza pyramids and the Great Sphinx on their way to new conquests.;;Wie ein schrecklicher Sandsturm, der aus der Wüste hervorkam, sind deutsche Truppen in Kairo eingefallen und haben Anspruch auf die Stadt erhoben. Die mit Staub bedeckten, gepanzerten Säulen des Afrikakorps rollen an den Pyramiden von Gizeh und der Großen;;;;;;;;;;x;
EVTOPTA10021;Where will they stop?;;Wo werden sie stoppen?;;;;;;;;;;x;
EVTNAME10022;The Fall of Washington;;Der Fall Washingtons;;;;;;;;;;x;
EVTDESC10022;Interrupted in the process of burning sensitive documents, the last CIA agents in Washington D.C. speed away in their black cars just as German armor advances north along the Potomac to take up firing positions. Even before the dust from the battle has settled, the first Gestapo officers can be seen sifting through the rubble for intelligence.\n\nAs Fallschirmjäger detachments move to secure the White House and the Capitol, the Washington Monument is toppled during the course of the heavy fighting, reportedly by American combat engineers in a desperate attempt to block the German advance. It fails.;;Die letzten CIA-Agenten in Washington D.C., die bei der Verbrennung sensibler Dokumente gestört wurden, rasen in ihren schwarzen Wagen davon, gerade als die deutschen Panzer nördlich entlang des Potomac anrücken und ihre Feuerpositionen einnehmen. Noch be;;;;;;;;;;x;
EVTOPTA10022;The dawn of a New Order.;;Die Dämmerung der Neuen Ordnung.;;;;;;;;;;x;
EVTNAME10023;The Fall of New York;;Der Fall New Yorks;;;;;;;;;;x;
EVTDESC10023;Heavy street fighting erupts in the buroughs of New York City as German forces advance into Manhattan in a bid to capture the city. Panzers and armored cars smash through improvised anti-tank barriers and drive down Fifth Avenue, while Panzergrenadiers move systematically from house to house, block by block, fighting a running battle against armed irregulars.\n\nFires rage out of control in the eastern parts of the city, lighting up the skyline as the fighting continues into the night. The Empire State Building is demolished by German pioneers to silence the snipers firing down from its many windows. It seems as though the Statue of Liberty may emerge unscathed from the fighting, until it is raked by stray Nebelwerfer rockets, decapitating Lady Liberty.;;Schwere Straßenkämpfe brechen in Bezirken von New York City aus, als deutsche Truppen nach Manhattan vorrücken in dem Versuch, die Stadt einzunehmen. Panzer und gepanzerte Wagen brechen durch improvisierte Anti-Panzerbarrieren und fahren die 5th Avenue he;;;;;;;;;;x;
EVTOPTA10023;The Big Apple has fallen.;;Der Big Apple ist gefallen.;;;;;;;;;;x;
EVTNAME10024;The Fall of Moscow;;Der Fall Moskaus;;;;;;;;;;x;
EVTDESC10024;As dawn breaks, German panzers smash through hastily erected barriers on the streets of Moscow and half-tracks roll onto Red Square, unloading their cargo of troops. Thick, billowing smoke from the many fires raging in the suburbs rises into the air as the German infantry storms the Kremlin. Grenades and flamethrowers are needed to fight the stubborn NKVD holdouts who seem intent on defending every inch of the complex.\n\nWith Moscow finally under German control, explosions rock the city as timed explosives left by the retreating Soviets detonate. The Russian capital is left a burning ruin, but to the relief of the Soviet leadership, Lenin's embalmed corpse has been safely evacuated east.;;Als die Morgendämmerung anbricht, brechen deutsche Panzer durch die hastig errichteten Barrieren auf den Moskauer Straßen und Halbkettenfahrzeuge rollen auf den Roten Platz, wo sie ihre Truppenladungen entladen. Dicker, wabernder Rauch der vielen, in den ;;;;;;;;;;x;
EVTOPTA10024;Is this the end for Russia?;;Ist dies das Ende für Russland?;;;;;;;;;;x;
EVTNAME10025;The Fall of Leningrad;;Der Fall Leningrads;;;;;;;;;;x;
EVTDESC10025;Leningrad, the birthplace of the Russian Revolution, has fallen to the advancing German forces. Sporadic fighting can still be heard from some suburbs, but a strange calm has settled over the rest of the ruined city.\n\nColumns of German soldiers march past St. Isaac's Cathedral, whose great dome, painted grey earlier by the Soviets to avoid the attention of marauding bombers, is riddled with bullet holes and shrapnel impacts.;;Leningrad, die Geburtsstätte der Russischen Revolution, ist in die Hände der einmarschierenden deutschen Truppen gefallen. Sporadische Kämpfe erklingen weiterhin aus den Vororten, doch eine seltsame Ruhe hat sich auf den Rest der zerstörten Stadt gelegt.\n\nDeutschen soldaten marschieren zur St. Isaak-Kathedrale, deren grosse kuppel, grau lackiert zuvor von den Sowjets, um die aufmerksamkeit der marodierenden bomber zu vermeiden, ist gespickt mit einschusslöchern und schrapnell auswirkungen.;;;;;;;;;;x;
EVTOPTA10025;The struggle for the East continues.;;Der Kampf um den Osten geht weiter.;;;;;;;;;;x;
EVTNAME10026;The Fall of Stalingrad;;Der Fall Stalingrads;;;;;;;;;;x;
EVTDESC10026;The advancing German spearheads have seized Stalingrad, Stalin's namesake city on the banks of the Volga. Fighting their way through the ruined Stalingrad Tractor Factory and seizing the strategically vital Mamayev Kurgan heights, the Germans force the last Soviet defenders across the Volga to its eastern shore.\n\nHoldouts from the Red Army fighting together with partisans retreat into sewers and basements and continue their struggle. The German soldiers struggling to consolidate their hold on the city invent a new name for this type of warfare.;;Die vordringende deutsche Sturmspitze hat Stalingrad, Stalins Namenspatron-Stadt am Ufer der Wolga, erobert. Die deutschen Truppen zwingen die letzten sowjetischen Verteidiger, indem sie sich ihren Weg durch die zerstörte Stalingrad-Traktorenfabrik gekämp;;;;;;;;;;x;
EVTOPTA10026;Rattenkrieg.;;Rattenkrieg.;;;;;;;;;;x;
EVTNAME10027;The Fall of Berlin;;Der Fall Berlins;;;;;;;;;;x;
EVTDESC10027;Berlin, Adolf Hitler's envisioned "Welthauptstadt Germania", has finally succumbed to the advancing Red Army. After a pitched battle in which Soviet troops stormed the critical Seelow Heights east of Berlin, the heavy fighting was brought into the city itself.\n\nGerman pioneers attempt the speedy demolition of the Moltke Bridge over the Spree, but only partially succeed, with Russian infantry still able to cross in large numbers. After a fierce battle inside the Reichstag building, the Soviet flag is finally raised on its roof.;;Berlin, die von Adolf Hitler vergegenwärtigte "Welthauptstadt Germania", ist endlich der vordringenden Roten Armee erlegen. Nach einer offenen Feldschlacht, in der die sowjetischen Truppen die kritischen Seelower Höhen, östlich von Berlin, stürmte, wurd;;;;;;;;;;x;
EVTOPTA10027;Berlin has fallen.;;Berlin ist gefallen.;;;;;;;;;;x;
EVTNAME10028;The Fall of Singapore;;Der Fall Singapurs;;;;;;;;;;x;
EVTDESC10028;Singapore, the "Gibraltar of the East," has been seized from the British by Imperial Japanese forces. Although once considered an impregnable fortress owing to its massive coastal gun fortifications, this strategically vital port will now serve the Empire of the Rising Sun in any future campaigns in East Asia and beyond.\n\nThe Japanese Military Administration of Singapore has chosen the Fullerton Building as its headquarters, and the city has been renamed Syonanto, which roughly translates to "Southern Island gained in the age of Showa." The Kempeitai are patrolling the streets en masse to hammer in the message that the Japanese are here to stay.;;Singapur, das "Gibraltar des Ostens," wurde durch die kaiserlichen, japanischen Truppen von den Briten erobert. Früher, aufgrund der massiven küstennahen Schusswaffen-Befestigungsanlagen, als unüberwindbare Festung angesehen, wird dieser strategisch wic;;;;;;;;;;x;
EVTOPTA10028;A disaster for the British!;;Eine Katastrophe für die Briten!;;;;;;;;;;x;
EVTNAME10029;The Fall of Sydney;;Der Fall Sydneys;;;;;;;;;;x;
EVTDESC10029;Expanding on its conquests in the south, the Empire of Japan has taken Sydney in Australia. After offering stubborn resistance at the docks, the remaining Australian defenders retreat across the Sydney Harbour Bridge and assume new positions on Observatory Hill.\n\nAn attempt by engineers to demolish the bridge fails, and the hill is finally taken by the Japanese after a costly frontal assault. The Japanese war flag now hangs from the Sydney Town Hall, the headquarters of the city's new military administration, and the Kempeitai military police maintain a watchful eye on the streets.;;Bei der Ausweitung ihrer Eroberungen in den Süden hat das japanische Reich Sydney in Australien erobert. Nach hartnäckigem Widerstand an den Hafenanlagen ziehen sich die australischen Verteidiger über die Sydney Hafenbrücke zurück und nehmen neue Position;;;;;;;;;;x;
EVTOPTA10029;Will the Australians recover?;;Werden sich den Australier erholen?;;;;;;;;;;x;
EVTNAME10030;The Fall of Pearl Harbor;;Der Fall Pearl Harbors;;;;;;;;;;x;
EVTDESC10030;Imperial Japanese forces have stormed and taken Honolulu, the largest city on the Hawaiian island of O'ahu. The nearby U.S. naval base of Pearl Harbor has also fallen in an intense struggle.\n\nAfter retreating to Ford Island, beleaguered American sailors and Marines continue to offer stubborn resistance and surrender only after the island is subjected to an intense artillery and aerial bombardment. With this significant naval base now taken, the long reach of the Imperial Japanese Navy has become greater still.;;Die kaiserlichen, japanischen Truppen haben Honolulu gestürmt und eingenommen, die größte Stadt auf der hawaiianischen Insel O'ahu. Die in der Nähe befindliche U.S. Marinestation Pearl Harbor befindet sich in einem heftigen Kampf.\n\nNach dem Rückzug nach;;;;;;;;;;x;
EVTOPTA10030;A day which will live in infamy...;;Ein Tag, der in Schande in Erinnerung bleiben wird…;;;;;;;;;;x;
EVTNAME10031;The Fall of Los Angeles;;Der Fall von Los Angeles;;;;;;;;;;x;
EVTDESC10031;After landing on the American mainland, Imperial Japanese forces have converged on the City of Angels and taken it in the name of the Emperor. Significant fighting erupted all across Downtown Los Angeles, where pockets of resistance remained even as the Japanese troops fanned out and took control over other districts.\n\nAs the fighting dies down, save for the occasional sniper, Imperial troops march down Central Avenue in a parade to demonstrate the military might of Japan. Meanwhile a single Japanese fighter strafes the Hollywood sign in what must surely be considered an act of cultural desecration.;;Nach der Landung auf dem amerikanischen Festland haben sich die kaiserlichen, japanischen Truppen der Stadt der Engel genähert und im Namen ihres Kaisers eingenommen. Bedeutende Kämpfe brechen überall im Stadtzentrum von Los Angeles aus, wo Widerstandsnes;;;;;;;;;;x;
EVTOPTA10031;Lights out for Hollywood.;;Die Lichter von Hollywood gehen aus.;;;;;;;;;;x;
Spy_tech;Research secrets stolen;;Forschungsgeheimnisse wurden gestohlen;;;;;;;;;;x;
Spy_tech2;Our agents in various foreign research establisments have picked up several interesting details recently. While we have not managed to steal any actual designs, the different perspectives and techniques observed should speed up our own research efforts.;;Unsere Agenten haben kürzlich, in verschiedenen, ausländischenForschungseinrichtungen, einige interessante Details aufgelesen. Auch wenn es uns nicht gelungen ist, einige echte Entwürfe zu stehlen, sollten die verschiedenen beobachteten Perspektiven und T;;;;;;;;;;x;
Spy_prod;Production secrets stolen;;Produktionsgeheimnisse wurden gestohlen;;;;;;;;;;x;
Spy_prod2;Our agents in various foreign factories have picked up several interesting details recently. While we have not managed to steal any actual designs, the different perspectives and techniques observed should speed up our own production.;;Unsere Agenten haben kürzlich, in verschiedenen, ausländischen Fabriken, einige interessante Details aufgelesen. Auch wenn es uns nicht gelungen ist, einige echte Entwürfe zu stehlen, sollten die verschiedenen beobachteten Perspektiven und Techniken uns d;;;;;;;;;;x;
Spy_prod3;Quantity has a quality all of its own!;;Quantität hat eine ganz eigene Qualität!;;;;;;;;;;x;
spy_party_good;Burst of popularity;;Bevölkerungsexplosion;;;;;;;;;;x;
spy_party_good2;Our recent effort to increase support for our party has really paid off recently, and a wave of popular support is sweeping the nation. Happy crowds throng the street whenever our party members make a speech.;;Unsere jüngsten Versuche, die Unterstützung für unsere regierende Partei zu erhöhen, hat sich wirklich ausgezahlt und eine Welle großer Unterstützung fegt über die Nation. Zufriedene Mengen drängen auf die Straße, wann immer unsere Parteimitglieder eine R;;;;;;;;;;x;
spy_party_good3;You've got my vote!;;Ihr habt meine Stimme!;;;;;;;;;;x;
spy_party_bad;Propaganda backfires;;Die Propaganda schlägt fehl;;;;;;;;;;x;
spy_party_bad2;Our recent effort to increase support for our ruling party has backfired horribly, and a wave of derision is sweeping the nation. Rotten fruit is thrown whenever our party members make a speech.;;Unsere jüngsten Versuche, die Unterstützung für unsere regierende Partei zu erhöhen, ist fürchterlich nach hinten losgegangen und eine Welle des Spotts fegt über die Nation. Faules Obst wird geworfen, wann immer unsere Parteimitglieder eine Rede geben.;;;;;;;;;;x;
spy_party_bad3;Depart, I say, and let us have done with you. In the name of God, go!;;Geht, sage ich, und lasst uns in Ruhe. In Gottes Namen, geht!;;;;;;;;;;x;
spy_threat;The rising threat of <$TARGET$>;;Die zunehmende Gefahr von <$TARGET$>;;;;;;;;;;x;
spy_threat2;The looming threat of <$TARGET$> is driving our young men to sign up for the army in increasing numbers;;Die aufziehende Gefahr von <$TARGET$> bringt unsere jungen Männer dazu, in großen Zahlen der Armee beizutreten.;;;;;;;;;;x;
spy_threat2b;They must be stopped, whatever the cost.;;Sie müssen aufgehalten werden, zu welchem Preis auch immer.;;;;;;;;;;x;
spy_threat3;The looming threat of <$TARGET$> is too much for our people, they are increasingly loath to take any action that may bring down the wrath of <$TARGET$> upon them;;Die sich abzeichnende Bedrohung durch <$TARGET$> ist zu viel für unsere Leute, sie sind immer abgeneigter, etwas zu unternehmen, das den Zorn von <$TARGET$> auf sie ziehen könnte;;;;;;;;;;x;
spy_threat3b;Perhaps we should sit this one out?;;Vielleicht sollten wir dieses einfach aussitzen?;;;;;;;;;;x;
amphibious_invasion_tactics;Amphibious Invasion Tactics;;Einmarsch-Taktiken;;;;;;;;;;x;
amphibious_invasion_tactics_desc;By careful study of past invasions we can speed up the disembarkment of our troops.;;Durch die sorgfältigen Studien früherer Einmärsche können wir die Landung unserer Truppen beschleunigen.;;;;;;;;;;x;
amphibious_invasion_craft;Landing Craft Flotillas;;Landungsboot;;;;;;;;;;x;
amphibious_invasion_craft_desc;Flat bottomed with a ramped bow, these craft are vitally needed to quickly and successfully land troops on hostile beaches.;;Plattbodig, mit einem gebogenen Bug, werden diese Boote dringend benötigt, um Truppen an fremden Küsten schnell und erfolgreich an Land gehen zu lassen.;;;;;;;;;;x;
advanced_invasion_craft;Assault Ship Flotillas;;Kampfschiffe;;;;;;;;;;x;
advanced_invasion_craft_desc;Larger and better protected than landing craft, assault ships are even able to quickly unload tanks onto hostile beaches, which should make our amphibious operations much more likely to succeed.;;Größer und besser geschützt als Landungsboot, sind Kampfschiffe sogar in der Lage, Panzer an feindlichen Küsten zu entladen, was unsere amphibischen Operationen noch erfolgsversprechender werden lässt.;;;;;;;;;;x;
amphibious_ship_defenses;Amphibious Ship Defenses;;Landungsboot-Unterstützung;;;;;;;;;;x;
amphibious_ship_defenses_desc;By providing specialised craft to support invasions, such as fire support and anti-air, we can ensure our troops are better protected during landing operations.;;Durch die Bereitstellung spezieller Boote, um Einmärsche zu unterstützen, wie zum Beispiel Feuer-Unterstützung und Luftabwehr, können wir sicherstellen, dass unsere Truppen während ihrer Landungsoperationen besser geschützt sind.;;;;;;;;;;x;
assault_ship;Assault Ship Flotilla;;Kampfschiff;;;;;;;;;;x;
assault_ship_short;AS;;KS;;;;;;;;;;x;
DESTROY;Destroy;;Zerstören;;;;;;;;;;x;
DIVISIONS_TO_BUILD;Divisions to build;;Zu bauende Divisionen;;;;;;;;;;x;
BRIGADES_TO_BUILD;Brigades to build;;Zu bauende Truppen;;;;;;;;;;x;
AIRS_TO_BUILD;Aircraft to build;;Zu bauende Flugzeuge;;;;;;;;;;x;
NAVIES_TO_BUILD;Ships to build;;Zu bauende Schiffe;;;;;;;;;;x;
CGM_IC_COST;IC*Day Cost;;IC*Tage-Kosten;;;;;;;;;;x;
AMPH_INVASION_COMBAT_PROGRESS_DESC;§YThis unit is currently in amphibious transports. Its offensive capabilities are reduced and its defence improved by the transports' armour.§!;;§YDiese Einheit befindet sich derzeit in amphibischen Beförderungsmitteln. Ihre offensiven Möglichkeiten und Verteidigung werden durch die Rüstung der Beförderungsmittel verbessert.§!;;;;;;;;;;x;
AMPH_INVASION_SPEED_BONUS;Amphibious invasion speed;;Amphibische Einmarsch-Geschwindigkeit;;;;;;;;;;x;
AMPH_INVASION_DEFENCE_BONUS;Amphibious craft defence;;Amphibische Schiffs-Verteidigung;;;;;;;;;;x;
AMPH_INVASION_PROGRESS;Amphibious invasion progress: $PERC$%;;Amphibischer Einmarsch-Fortschritt: $PERC$%;;;;;;;;;;x;
AMPH_INVASION_ATTACK_SCALE;Invasion total attack ability: $PERC$%;;Gesamte Einmarschangriffs-Möglichkeit: $PERC$%;;;;;;;;;;x;
AMPH_INVASION_DEFEND_SCALE;Invasion total defence ability: $PERC$%;;Gesamte Einmarschverteidigungs-Möglichkeit: $PERC$%;;;;;;;;;;x;
SCENARIO_SCW;Spanish Civil war;;Spanischer Bürgerkrieg;;;;;;;;;;x;
SCENARIO_SCW_DESC;Fearing where the radical ruling party was taking the nation, reactionary elements of the army launch a coup to seize power in Spain. However, all does not go to plan and the Government retains control of more than half the country. A bloody war is now the only way to reunify the nation.;;Aus Sorge, wohin die radikal regierende Partei die Nation führen wird, starteten reaktionäre Teile der Armee einen Staatsstreich, um die Macht in Spanien zu ergeifen. Doch nicht alles verlief wie geplant und die Regierung behielt die Kontrolle über mehr a;;;;;;;;;;x;
SCENARIO_winter;The Winter war;;Der Winterkrieg;;;;;;;;;;x;
SCENARIO_winter_DESC;After the signing of the Molotov–Ribbentrop Pact, the occupation of the Baltic states and Eastern Poland, the USSR turned their attention onto their tiny neighbour, Finland. Expecting another round   of easy expansion, the Soviets were instead shocked when their army initially proved woefully under-prepared for battles with the dug-in Finish troops. While this war may end in Russian victory, it will not be an easy fight.;;Nach Unterschreibung des Molotow-Ribbentrop-Paktes, der Besetzung der baltischen Staaten und Ost-Polen, richtete die UdSSR ihre Aufmerksamkeit auf ihren kleinen Nachbarn, Finnland. Mit der Erwartung einer einfachen Ausweitung waren die Sowjets geschockt, ;;;;;;;;;;x;
DEPLOYMENT;Deployment;;Verteilung;;;;;;;;;;x;
MULTI_SEL_PRIO_DESC;§G$NUM$§! out of §G$MAX$§! selected units have priority for upgrades and reinforcements §YENABLED§!.;;§G$NUM$§! der §G$MAX$§! ausgewählten Einheiten haben bei Verbesserungen und Verstärkungen Priorität §YENABLED§!;;;;;;;;;;x;
MULTI_SEL_PRIO_REINF_DESC;§G$NUM$§! out of §G$MAX$§! selected units will receive reinforcements §YENABLED§!.;;§G$NUM$§! der §G$MAX$§! ausgewählten Einheiten haben bei Verstärkungen Priorität §YENABLED§!;;;;;;;;;;x;
MULTI_SEL_PRIO_UPG_DESC;§G$NUM$§! out of §G$MAX$§! selected units will receive upgrades §YENABLED§!.;;§G$NUM$§! der §G$MAX$§! ausgewählten Einheiten haben bei Verbesserungen §YENABLED§!;;;;;;;;;;x;
MULTI_SEL_UPGRADE_DESC;§G$NUM$§! brigades in current selection can be upgraded.;;§G$NUM$§! Truppen, der derzeitigen Auswahl, können verbessert werden.;;;;;;;;;;x;
UNIT_UPG_PROGRESS;Upgrading progress $PROG$%;;Verbesserungsfortschritt $PROG$%;;;;;;;;;;x;
CLEAR_ALL;Clear All;;Alles Leeren;;;;;;;;;;x;
mot_aa_brigade;Motorised A-A;;Motorisierte A-A;;;;;;;;;;x;
mot_aa_brigade_short;Mot AA;;Mot AA;;;;;;;;;;x;
waffen_brigade;Waffen SS;;Waffen SS;;;;;;;;;;x;
waffen_brigade_short;WSS;;WSS;;;;;;;;;;x;
guards_brigade;Guards;;Wachen;;;;;;;;;;x;
guards_brigade_short;Gds;;Wcn;;;;;;;;;;x;
imperial_brigade;Imperial Guards;;Imperiale Wachen;;;;;;;;;;x;
imperial_brigade_short;Imp;;Imp;;;;;;;;;;x;
alpini_brigade;Alpini;;Alpini;;;;;;;;;;x;
alpini_brigade_short;Alp;;Alp;;;;;;;;;;x;
alpins_brigade;Chasseurs Alpins;;Alpenjäger;;;;;;;;;;x;
alpins_brigade_short;Alps;;Alpen;;;;;;;;;;x;
ranger_brigade;Rangers;;Rangers;;;;;;;;;;x;
ranger_brigade_short;Rngs;;Rngs;;;;;;;;;;x;
gurkha_brigade;Gurkhas;;Gurkhas;;;;;;;;;;x;
gurkha_brigade_short;Grk;;Grk;;;;;;;;;;x;
SPIES_INFILTRATED_LESS;Grk;;Grk;;;;;;;;;;x;
SPIES_INFILTRATED_MORE;Grk;;Grk;;;;;;;;;;x;
TECH_AT_MAX;(Max);;(Max);;;;;;;;;;x;
COV_OPS_COST;Covert ops cost: ;;Verdeckte Ops Kosten:;;;;;;;;;;x;
COV_OPS_COST_LACKING;Costs §R$COST$§! covert ops points. We only have §Y$CURRENT$§! ;;Kostet §R$COST$§! Verdeckte Ops Punkte. Wir können nur §Y$CURRENT$§! haben!;;;;;;;;;;x;
COV_OPS_EXECUTE;\n\nEffect:\n;;\n\nEffekt:\n;;;;;;;;;;x;
ALLOCATED_SPIES_FOR_MISSION_TRIGGER_LESS;Spies performing §Y$MISSION$§! at least §Y$VALUE$§!;;Spione verrichten mindestens §Y$VALUE$§! §Y$MISSION$§!;;;;;;;;;;x;
ALLOCATED_SPIES_FOR_MISSION_TRIGGER_MORE;Spies performing §Y$MISSION$§! less than §Y$VALUE$§!;;Spione verrichten weniger als §Y$VALUE$§! §Y$MISSION$§!;;;;;;;;;;x;
HAS_NO_HOSTILE_MISSION;Is not performing hostile spy mission;;Verrichtet keine feindlichen Spionage-Missionen;;;;;;;;;;x;
HAS_HOSTILE_MISSION;Performing hostile spy mission;;Verrichtet feindliche Spionage-Missionen;;;;;;;;;;x;
CGM_CONTINUE_PROMPT;Are you sure that you want to continue to the next stage?\nIt is impossible to come back later.;;Bist du dir sicher, dass du zum nächsten Abschnitt fortfahren möchtest?\nEs ist nicht möglich, später noch einmal zurückzukommen.;;;;;;;;;;x;
CGM_RESET_PROMPT;Are you sure that you want to reset the current stage?;;Bist Du Dir sicher, dass Du den derzeitigen Abschnitt zurücksetzen möchtest?;;;;;;;;;;x;
CGM_TOOLTIP_DIPLOMACY_STAGE;In this stage you can edit your diplomacy.\nYou can spend your diplomacy points on leaving a faction (and their wars), aligning toward another faction, or even change your neutrality level.;;In diesem Abschnitt kannst du deine Diplomatie editieren.\nMit deinen Diplomatie-Punkten kannst du eine Fraktion (und ihre Kriege) verlassen, dich mit einer anderen Fraktion alliieren oder sogar deinen Neutralitätslevel ändern.;;;;;;;;;;x;
CGM_TOOLTIP_TECHNOLOGY_STAGE;In this stage you can spend technology points on research, or get points back by removing some of your already invented technologies.;;In diesem Abschnitt kannst Du Technologie-Punkte auf Forschung setzen, oder Du kannst einige Deiner Punkte entfernen, indem du einige Deiner bereits erfundenen Technologien entfernst.;;;;;;;;;;x;
CGM_TOOLTIP_DEPLOYMENT_STAGE;In this stage you can spend IC*Days points on building units and constructions.\nUnits can be built by pressing the "Build" button in the top-bar.\nDisbanding a unit gives the points and manpower back.\nConstructions can be built or destroyed from the province window.;;In diesem Abschnitt kannst Du IC*Tage-Punkte auf das Bauen von Einheiten und Anlagen setzen.\nEinheiten können gebaut werden, indem du die "Bauen"-Schaltfläche in der oberen Leiste drückst.\nDas Auflösen einer Einheit gibt die Punkte und Arbeitskraft zu;;;;;;;;;;x;
CGM_TOOLTIP_STAGE_MULTI;Once all players have confirmed their changes, the next stage will be available.;;Sobald alle Spieler ihre Änderungen bestätigt haben, wird der nächste Abschnitt verfügbar sein.;;;;;;;;;;x;
CGM_TOOLTIP_CONTINUE;Confirm your changes and go to the next stage.;;Bestätige deine Änderungen und gehe zum nächsten Abschnitt.;;;;;;;;;;x;
CGM_TOOLTIP_RESET;Revert your changes.;;Mache Deine Änderungen rückgängig.;;;;;;;;;;x;
CGM_TOOLTIP_MENU;Open game menu.;;Spielmenü öffnen.;;;;;;;;;;x;
CGM_TOOLTIP_PROGRESS_DIPLOMACY;Your available §YDiplomacy§! points.;;Deine verfügbaren §YDiplomatie§!-Punkte.                              ;;;;;;;;;;x;
CGM_TOOLTIP_PROGRESS_TECHNOLOGY;Your available §YTechnology§! points.;;Deine verfügbaren §YTechnologie§! -Punkte. ;;;;;;;;;;x;
CGM_TOOLTIP_PROGRESS_DEPLOYMENT;Your available §YIC*Days§! points.;;Deine verfügbaren §YIC*Tage§!-Punkte.     ;;;;;;;;;;x;
CGM_TOOLTIP_BUILD;Design, build and deploy your units.;;Gestalte, erstelle und setze deine Einheiten ein.;;;;;;;;;;x;
CGM_TOOLTIP_CONVOY;Build or Destroy §YConvoys§!.;;Erstelle oder vernichte §YKonvoi§!.                ;;;;;;;;;;x;
CGM_TOOLTIP_ESCORT;Build or Destroy §YEscorts§!.;;Erstelle oder vernichte §YEskorten§!.                  ;;;;;;;;;;x;
CGM_TOOLTIP_CONVOY_ESCORT_COST;Each unit costs:\n§Y$IC$§! IC*Days;;Jede Einheit kostet:\n§Y$IC$§! IC*Tage;;;;;;;;;;x;
CGM_TOOLTIP_CONVOY_ESCORT_DELAYED;§GShift+LMB§! - +§Y$NUM$§! at once.\n§GCtrl+LMB§! - §GReset§! to default.;;§GShift+LMB§! - +§Y$NUM$§! sofort.\n§GStrg+LMB§! - Auf Standardeinstellung §GZurücksetzen§!                ;;;;;;;;;;x;
CGM_TOOLTIP_NEUTRALITY;You can spend your diplomacy points to change your neutrality level.;;Du kannst dein Neutralitäts-Level ändern, indem du deine Diplomatie-Punkte verbrauchst.;;;;;;;;;;x;
CGM_TOOLTIP_FACTION_ALIGN;You can spend your diplomacy points to align toward another faction.;;Du kannst dich einer anderen Fraktion anpassen, indem du deine Diplomatie-Punkten verbrauchst.;;;;;;;;;;x;
CGM_TOOLTIP_ALREADY_IN_FACTION;§RYou cannot align toward another faction.\nYou should leave your current faction first.§!;;§RDu kannst dich keiner anderen Fraktion anschließen.\nDu solltest zuerst deine jetzige Fraktion verlassen.§!                 ;;;;;;;;;;x;
CGM_TOOLTIP_LEAVE_FACTION_LEADER;§RYou cannot leave the faction because you are the Leader.§!;;§RDu kannst die Fraktion nicht verlassen, weil du der Anführer bist.§!;;;;;;;;;;x;
CGM_TOOLTIP_LEAVE_FACTION_NON_FACTIONED;§RYou are not a faction member.§!;;§RDu bist kein Fraktionsmitglied.§!      ;;;;;;;;;;x;
CGM_TOOLTIP_LEAVE_FACTION;Click to leave the faction.\nAll common wars will end in a white peace.\n§G(By confirming this setup stage you will leave the current faction.)§!;;Klicken, um die Fraktion zu verlassen.\nAlle gemeinsamen Kriege werden in Frieden enden.\n§G(Mit der Bestätigung dieser Setup-Phase wirst du deine jetzige Fraktion verlassen.)§!;;;;;;;;;;x;
CGM_TOOLTIP_LEAVE_FACTION_PUPPET;§RYou are a puppet of §Y$COUNTRY$§R which is a faction member.\nWe will automatically leave the faction if they do.§!;;§RDu bist eine Marionette von §Y$COUNTRY$§R, das ein Fraktionsmitglied ist.\nWir werden die Fraktion automatisch verlassen, wenn sie es tun.§!;;;;;;;;;;x;
CGM_TOOLTIP_REJOIN_FACTION;Click to rejoin the faction.\n§GPoints will be retrieved.§!;;Klicken, um sich der Fraktion erneut anzuschließen.\n§GPunkte werden wiedergewonnen.§!;;;;;;;;;;x;
CGM_TOOLTIP_COST;Points cost: $COST$;;Punkte-Kosten: $COST$;;;;;;;;;;x;
CGM_TOOLTIP_CLEAR_ALL;Clear all technologies to level 0.\nYou can revert by clicking on the §YRevert§! icon at the top, or §GCtrl+Double Click§! on the specific technology.;;Alle Technologien auf Level 0 zurückstellen.\nUm dies rückgängig zu machen, klicke oben auf das §YRückgängig machen§!-Symbol, oder §GStrg+Doppelklick§! auf eine spezifische Technologie.;;;;;;;;;;x;
CGM_TOOLTIP_TECH_PLUS;Increase technology level.;;Technologielevel erhöhen.;;;;;;;;;;x;
CGM_TOOLTIP_TECH_MINUS;Decrease technology level.\n§GPoints will be retrieved.§!;;Technologielevel verringern.\n§GPunkte werden wiedergewonnen.§!;;;;;;;;;;x;
CGM_TOOLTIP_TECH_RESET;Reset technology level to default.;;Technologielevel auf Standardeinstellung zurücksetzen.;;;;;;;;;;x;
CGM_TOOLTIP_TECH_PLUS_SHORTCUT;§GDouble click§! to increase the level.;;§GDoppelklick§!, um den Level zu erhöhen.;;;;;;;;;;x;
CGM_TOOLTIP_TECH_MINUS_SHORTCUT;§GShift + Double click§! to decrease the level.;;§GShift + Doppelklick§!, um das Level zu verringern.;;;;;;;;;;x;
CGM_TOOLTIP_TECH_RESET_SHORTCUT;§GCtrl + Double click§! to reset to default.;;§GStrg + Doppelklick§!, um auf die Standardeinstellung zurückzusetzen.;;;;;;;;;;x;
CGM_TOOLTIP_THEORY_PRACTICE;§YTheory§! and §YPractice§! levels will be recalculated after setup is done.;;§YTheorie§! und §YPraxis§!-Level werden nach dem Setup neu berechnet.;;;;;;;;;;x;
CGM_TOOLTIP_BUILDING_SHORTCUT;§GLMB§! to increase the level.\n§GRMB§! to decrease the level.\n§GCtrl+LMB§! to reset to default.;;§GLMB§!, um das Level zu erhöhen.\n§GRMB§!, um das Level zu verringern.\n§GStrg+LMB§!, um auf die Standardeinstellung zurückzusetzen.;;;;;;;;;;x;
CGM_TOOLTIP_UNDERGROUND_BUILD_DESTROY;Build or Destroy the underground base.;;Baue oder vernichte die Untergrundbasis.;;;;;;;;;;x;
CGM_WAITING_FOR_PLAYERS;Waiting for other players;;Auf andere Spieler warten;;;;;;;;;;x;
CGM_PLAYER_STATUS;Status: ;;Status:;;;;;;;;;;x;
CGM_STATUS_DISCONNECTED;§RDisconnected§!;;§RNicht verbunden§!   ;;;;;;;;;;x;
CGM_STATUS_WAITING_CONFIRM;§YWaiting to confirm§!;;§YAuf Bestätigung warten§!;;;;;;;;;;x;
CGM_STATUS_CONFIRMED;§GConfirmed§!;;§GBestätigt§!      ;;;;;;;;;;x;
PARATROOPEDUS_SETUP;When enemy drops paratroops on our territory.;;Wenn der Feind auf unserem Gebiet Fallschrimtruppen einsetzt.;;;;;;;;;;x;
PARATROOPEDUS_HEADER;$chief_of_staff$ reports that;;$chief_of_staff$ meldet, dass;;;;;;;;;;x;
PARATROOPEDUS_1;$ENEMY$ is dropping paratroopers;;$ENEMY$ Fallschirmtruppen einsetzt;;;;;;;;;;x;
PARATROOPEDUS_2;in $PROV$.;;in $PROV$.;;;;;;;;;;x;
PARATROOPEDUS_3;*;;*;;;;;;;;;;x;
PARATROOPEDUS_4;*;;*;;;;;;;;;;x;
PARATROOPEDUS_5;*;;*;;;;;;;;;;x;
PARATROOPEDUS_6;*;;*;;;;;;;;;;x;
PARATROOPEDUS_LOG;$ENEMY$ dropped paratroopers in $PROV$.;;$ENEMY$ hat in $PROV$ Fallschirmtruppen eingesetzt.;;;;;;;;;;x;
PARATROOPEDUS_BTN1;OK;OK;OK;;Aceptar;;;;;;;;x;
PARATROOPEDUS_BTN2;OK;OK;OK;;Aceptar;;;;;;;;x;
PARATROOPEDUS_BTN3;GOTO;GEHE ZU;HIERHIN;;Ir a;;;;;;;;x;
PARATROOPEDUS_MAP;Paratroopers;;Fallschirmtruppen;;;;;;;;;;x;
INVADEDUS_SETUP;When enemy is storming our beaches.;;Wenn der Feind unsere Küsten angreift.;;;;;;;;;;x;
INVADEDUS_HEADER;$chief_of_staff$ reports that;;$chief_of_staff$ meldet, dass;;;;;;;;;;x;
INVADEDUS_1;$ENEMY$ is storming our beach;;$ENEMY$ unsere Küste angreift;;;;;;;;;;x;
INVADEDUS_2;in $PROV$.;;in $PROV$.;;;;;;;;;;x;
INVADEDUS_3;*;;*;;;;;;;;;;x;
INVADEDUS_4;*;;*;;;;;;;;;;x;
INVADEDUS_5;*;;*;;;;;;;;;;x;
INVADEDUS_6;*;;*;;;;;;;;;;x;
INVADEDUS_LOG;$ENEMY$ is storming our beach in $PROV$.;;$ENEMY$ greift unsere Küste in $PROV$ an.;;;;;;;;;;x;
INVADEDUS_BTN1;OK;OK;OK;;Aceptar;;;;;;;;x;
INVADEDUS_BTN2;OK;OK;OK;;Aceptar;;;;;;;;x;
INVADEDUS_BTN3;GOTO;GEHE ZU;HIERHIN;;Ir a;;;;;;;;x;
INVADEDUS_MAP;Invasion;;Einmarsch;;;;;;;;;;x;
BUILD_ADD_REM_BUNDLE;§YCtrl + LMB§! to add or remove §G$NUM$§!;;§YStrg + LMB§!, um §G$NUM$§! hinzuzufügen oder zu entfernen;;;;;;;;;;x;
OOB_MATCH_VIEWS;Match Views;;Ansicht anpassen;;;;;;;;;;x;
DISBAND_ALL_TITLE;Disband all units;;Alle Einheiten auflösen;;;;;;;;;;x;
DISBAND_ALL_DESC;Are you sure that you want to §RDISBAND§! §Y$NUM$§! units?;;Bist du sicher, dass du §Y$NUM$§! Einheiten §RDISBAND§! möchtest?;;;;;;;;;;x;
CANCEL_MULTI_CONSTRUCTIONS_PROMPT;Are you sure that you want to cancel §Y$NUM$§! constructions?;;Bist du sicher, dass du §Y$NUM$§! Bebauungen abbrechen möchtest?;;;;;;;;;;x;
CANCEL_MULTI_CONSTRUCTIONS_DESC;§GCTRL + LMB§! to cancel all constructions of the same type with progress equal to or less than the selected one.;;§GStrg + LMB§!, um alle Bebauungen desselben Typs abzubrechen, die den gleichen oder geringeren Fortschritt wie der ausgewählte haben.;;;;;;;;;;x;
NO_MULTILOAD_AIR;There is no air transport available to load these units onto.;;Es gibt keinen verfügbaren Lufttransport, um diese Einheiten aufzuladen.;;;;;;;;;;x;
UNMOUNT_MULTILOAD;Unmount §G$NUM$§! units from air and naval transports.;;Entlade §G$NUM$§! Einheiten von Luft- und Wassertransporten.;;;;;;;;;;x;
UNMOUNT_MULTILOAD_NONE;There are no units to unload from air or naval transports.;;Es gibt keine Einheiten, die von Luft- oder Wassertransporten abgeladen werden können.;;;;;;;;;;x;
HIGHER_COMMAND_MULTI_UNITS;Create a §Ghigher command§!, and attach all selected units to it (except theatres).;;Erstelle einen §Ghöheren Befehl§! und füge alle auswählten Einheiten hinzu (außer Einsatzgebiete).;;;;;;;;;;x;
DETACH_ALL;Detach all selected units from the unit hierarchy.\nTheatres are ignored.;;Kommandiere alle ausgewählten Einheiten von der Einheitshierarchie ab.\nEinsatzgebiete werden ignoriert.;;;;;;;;;;x;
ENEMY_IC_RATIO_DESC;IC ratio against enemies is less than §Y$RATIO$%§!.;;IC-Verhältnis zu Feinden beträgt weniger als §Y$RATIO$%§!.;;;;;;;;;;x;
ENEMY_IC_RATIO_NOT_DESC;IC ratio against enemies is not less than §Y$RATIO$%§!.;;IC-Verhältnis zu Feinden beträgt nicht weniger als §Y$RATIO$%§!.;;;;;;;;;;x;
SPLIT_UNITS_DESC;§GCTRL + LMB§! to split to §G$NUM$§! units.;;§GStrg + LMB§!, um in §G$NUM$§! Einheiten aufzuteilen.;;;;;;;;;;x;
swamp_fox;Swamp Fox;;Swamp Fox;;;;;;;;;;x;
mountaineer;Mountaineer;;Mountaineer ;;;;;;;;;;x;
hill_fighter;Hill Fighter;;Hill Fighter;;;;;;;;;;x;
jungle_rat;Jungle Rat;;Jungle Rat;;;;;;;;;;x;
ranger;Ranger;;Ranger;;;;;;;;;;x;
urban_assault_specialist;Urban Assault Specialist;;Spezialist für städtische Angriffe;;;;;;;;;;x;
TRAIT_TERRAIN_SPEED;Speed bonus in terrain §Y$TYPE$§!;;Geschwindigkeitsbonus auf Gelände-Typ: §Y$TYPE$§!;;;;;;;;;;x;
TRAIT_TERRAIN_ATTACK;Attack/Defence bonus in terrain §Y$TYPE$§!;;Angriffsbonus auf Gelände-Typ: §Y$TYPE$§!;;;;;;;;;;x;
TRAIT_TERRAIN_DEFENCE;Defence bonus in terrain §Y$TYPE$§!;;Verteidigungsbonus auf Gelände-Typ: §Y$TYPE$§!;;;;;;;;;;x;
TRAIT_GAIN_PROGRESS;§G$PROG$%§! progress toward trait §Y$TRAIT$§!;;§G$PROG$%§! Fortschritt auf Merkmal: §Y$TRAIT$§!;;;;;;;;;;x;
ACTUAL_TRAITS_DESC;Actual traits:;;Eigentliche Merkmale:;;;;;;;;;;x;
TO_GAIN_TRAITS_DESC;Traits to gain:;;Zu erlangende Merkmale:;;;;;;;;;;x;
NO_TRAIT_TO_GAIN_DESC;Currently no traits to gain.;;Momentan keine Merkmale erhältlich.;;;;;;;;;;x;
TRAIT_FILTER_DESC;Filter leaders by traits.\nUncheck traits that you want to ignore.\n§YRMB§! - To reset all filters.;;Anführer nach Merkmalen filtern.\nMerkmale abwählen, die du ignorieren möchtest.\n§YRMB§! - Alle Filter zurücksetzen.;;;;;;;;;;x;
TRAIT_FILTER_ENTRY_DESC;§YRMB§! - To toggle all traits.;;§YRMB§! - Alle Merkmale ein-/ausschalten.;;;;;;;;;;x;
TRAIT_FILTER;Filters:;;Filter:;;;;;;;;;;x;
NO_TRAIT_FILTER;No Traits;;Keine Merkmale;;;;;;;;;;x;
BP_TAB_CURRENT;Current Plans;;Aktuelle Pläne;;;;;;;;;;x;
BP_TAB_HISTORICAL;Historical Plans;;Historische Pläne;;;;;;;;;;x;
BP_TOOL_COLOR_RED;Red;;Rot;;;;;;;;;;x;
BP_TOOL_COLOR_GREEN;Green;;Grün;;;;;;;;;;x;
BP_TOOL_COLOR_BLUE;Blue;;Blau;;;;;;;;;;x;
BP_TOOL_COLOR_YELLOW;Yellow;;Gelb;;;;;;;;;;x;
BP_TOOL_ARROW_SLIM;Slim Arrow;;Dünner Pfeil;;;;;;;;;;x;
BP_TOOL_ARROW_MEDIUM_1;Medium Arrow 1;;Mittelgroßer Pfeil 1;;;;;;;;;;x;
BP_TOOL_ARROW_MEDIUM_2;Medium Arrow 2;;Mittelgroßer Pfeil 2;;;;;;;;;;x;
BP_TOOL_ARROW_MEDIUM_3;Medium Arrow 3;;Mittelgroßer Pfeil 3;;;;;;;;;;x;
BP_TOOL_ARROW_THICK;Thick Arrow;;Dicker Pfeil;;;;;;;;;;x;
BP_TOOL_BORDER_1;Border type 1;;Grenztyp 1;;;;;;;;;;x;
BP_TOOL_BORDER_2;Border type 2;;Grenztyp 2;;;;;;;;;;x;
BP_TOOL_BORDER_3;Border type 3;;Grenztyp 3;;;;;;;;;;x;
BP_TOOL_BORDER_4;Border type 4;;Grenztyp 4;;;;;;;;;;x;
BP_TOOL_BORDER_5;Border type 5;;Grenztyp 5;;;;;;;;;;x;
BP_TOOL_ICON_AIRPLANE;Airplane icon;;Flugzeug-Symbol;;;;;;;;;;x;
BP_TOOL_ICON_TANK;Tank icon;;Tank-Symbol;;;;;;;;;;x;
BP_TOOL_ICON_BOMB_1;Small bomb icon;;Kleine Bombe-Symbol;;;;;;;;;;x;
BP_TOOL_ICON_BOMB_2;Large bomb icon;;Große Bombe-Symbol;;;;;;;;;;x;
BP_SAVE_PLAN_CONFIRM;Save Plan;;Plan speichern;;;;;;;;;;x;
BP_SAVE_PLAN_CANCEL;Cancel;;Abbrechen;;;;;;;;;;x;
BP_SAVE_PLAN_PROMPT;Battle Plan already exists!\nDo you want to overwrite?;;Kriegsplan existiert bereits!\nMöchtest du ihn überschreiben?;;;;;;;;;;x;
BP_DELETE_SAVED_PLAN_PROMPT;Are you sure that you want to delete the saved battle plan?;;Bist du sicher, dass du den gespeicherten Kriegsplan löschen möchtest?;;;;;;;;;;x;
BP_DELETE_CURRENT_PLAN_PROMPT;Are you sure that you want to delete the current battle plan?;;Bist du sicher, dass du den aktuellen Kriegsplan löschen möchtest?;;;;;;;;;;x;
BP_SHARED_WITH;Shared with:;;Geteilt mit:;;;;;;;;;;x;
BP_NEW_PLAN;New Plan;;Neuer Plan;;;;;;;;;;x;
BP_TOOLTIP_TAB_CURRENT;List of current battle plans.;;Liste der aktuellen Kriegspläne.;;;;;;;;;;x;
BP_TOOLTIP_TAB_HISTORICAL;List of historical battle plans.\nClick §YImport§! to add the selected one to your current plans.;;Liste der historischen Kriegspläne.\nKlicke auf §Yimportieren§!, um den ausgewählten Plan zu den Aktuellen hinzuzufügen.;;;;;;;;;;x;
BP_TOOLTIP_TAB_SAVED;List of your saved battle plans.\nClick §YImport§! to add the selected one to your current plans.;;Liste deiner gespeicherten Kriegspläne.\nKlicke auf §Yimportieren§!, um den ausgewählten Plan zu den Aktuellen hinzuzufügen.;;;;;;;;;;x;
BP_TOOLTIP_NEW_PLAN;Create new plan.;;Neuen Plan entwerfen.;;;;;;;;;;x;
BP_TOOLTIP_REMOVE_PLAN;Delete currently selected plan.;;Momentan ausgewählten Plan löschen.;;;;;;;;;;x;
BP_TOOLTIP_SHARE_PLAN;Toggle §Ysharing§! currently selected plan with your §Gally members§!.;;Schalte §YTeilen§! des momentan ausgewählten Plans mit deinen §GAllianz-Mitgliedern§! ein/aus.;;;;;;;;;;x;
BP_TOOLTIP_SAVE_PLAN;Save currently selected plan to file.;;Momentan ausgewählten Plan in Datei speichern.;;;;;;;;;;x;
BP_TOOLTIP_RENAME_PLAN;Rename currently selected plan.;;Momentan ausgewählten Plan umbenennen.;;;;;;;;;;x;
BP_TOOLTIP_IMPORT_PLAN;Add selected plan to your current plans.;;Ausgewählten Plan zu deinen aktuellen Plänen hinzufügen.;;;;;;;;;;x;
BP_TOOLTIP_TOOL_SELECT;Click on object to select it.;;Auf Objekt klicken, um es auszuwählen.;;;;;;;;;;x;
BP_TOOLTIP_TOOL_ARROW;Choose arrow type, and draw it on the map with §YLMB§!.\nHold §YShift§! + §YLMB§! to snap your arrow to another one.;;Wähle einen Pfeiltyp aus und zeichne ihn auf die Landkarte mit §YLMB§!.\nDrücke §YShift§! + §YLMB§!, um zu einem Anderen zu wechseln.;;;;;;;;;;x;
BP_TOOLTIP_TOOL_BORDER;Choose border type, and draw it on the map with §YLMB§!.;;Wähle einen Grenztyp aus und zeichne ihn auf die Landkarte mit §YLMB§!.;;;;;;;;;;x;
BP_TOOLTIP_TOOL_ICON;Choose icon type, and draw it on the map with §YLMB§!.\nHold §YShift§! + §YMouse Wheel§! to rotate an icon.;;Wähle einen Symboltyp aus und zeichne ihn auf die Landkarte mit §YLMB§!.\nDrücke §YShift§! + §YMausrad§!, um das Symbol zu drehen.;;;;;;;;;;x;
BP_TOOLTIP_TOOL_COLOR;Choose current color to draw arrows and icons.\nAlso applies the color to any currently selected arrow or icon.;;Wähle die aktuelle Farbe aus, um Pfeile und Symbole zu zeichnen.\nDiese Farbe wird auch für jeden momentan ausgewählten Pfeil oder jedes ausgewählte Symbol verwendet.;;;;;;;;;;x;
BP_TOOLTIP_TOOL_TEXT;Place a text sign on the map.\nIf nothing selected - creates a new text.\nIf an arrow is selected - draws the text on the arrow.\nIf text sign selected - edits the text.\n§YShift§! + §YMouse Wheel§! to rotate the text.\n§YCtrl§! + §YMouse Wheel§! to scale the text.;;Setze ein Textzeichen auf die Landkarte.\nWenn nichts ausgewählt wird –  Ein neuer Text wird erstellt.\nWenn ein Pfeil ausgewählt wird – der Text zeichnet sich auf den Pfeil.\nWenn das Textzeichen ausgewählt wird – der Text wird bearbeitet.\n§YShift§! + + §YMouse Wheel§! um den Text zu drehen.\n§YCtrl§! + §YMouse Wheel§! um den Text zu skalieren.;;;;;;;;;;x;
BP_TOOLTIP_TOOL_ERASE;Delete selected object.;;Ausgewähltes Objekt löschen.;;;;;;;;;;x;
BP_TOOLTIP_VISIBILITY;Toggle plan visibility on the map.;;Plansichtbarkeit auf der Landkarte ein-/ausschalten.;;;;;;;;;;x;
SWM_BUTTON_SHOW;Strategic Warfare;;Strategische Kriegsführung;;;;;;;;;;x;
SWM_RECORDS_BEGIN_DATE;From: §Y$DATE$§!;;Vom: §Y$DATE$§!;;;;;;;;;;x;
SWM_RECORDS_END_DATE;To: §Y$DATE$§!;;Bis: §Y$DATE$§!;;;;;;;;;;x;
SWM_RECORDS_TODAY;Today;;Heute;;;;;;;;;;x;
SWM_SELECT_ALL;All;;Alle;;;;;;;;;;x;
SWM_SELECT_PRESENT;Present;;Gegenwärtig;;;;;;;;;;x;
SWM_SELECT_NONE;None;;Nichts;;;;;;;;;;x;
SWM_DURATION_1;Last month;;Letzter Monat;;;;;;;;;;x;
SWM_DURATION_2;Last year;;Letztes Jahr;;;;;;;;;;x;
SWM_DURATION_3;Entire conflict;;Ganzer Konflikt;;;;;;;;;;x;
SWM_GRAPH_MAX_IC_VAL;Max IC:\n$MAX$;;§BMax IC:\n$MAX$§!;;;;;;;;;;x;
SWM_GRAPH_MAX_MAN_VAL;Max MP:\n$MAX$;;§BMax Arbeitskräfte:\n$MAX$§!;;;;;;;;;;x;
SWM_GRAPH_MAX_TONS_VAL;Max Tons: $MAX$;;§BMax Tonnen:\n$MAX$§!;;;;;;;;;;x;
SWM_GRAPH_AVG_VAL;Avg: $AVG$;;§BDurchschnitt: $AVG$§!;;;;;;;;;;x;
SWM_GRAPH_HEADER_US;Our losses;;Unsere Verluste;;;;;;;;;;x;
SWM_GRAPH_HEADER_THEM;Their losses;;Ihre Verluste;;;;;;;;;;x;
SWM_GRAPH_HEADER_CONVOYS;Convoys;;§BKonvois§!              ;;;;;;;;;;x;
SWM_GRAPH_HEADER_NAVIES;Navies;;§BKriegsmarine§!   ;;;;;;;;;;x;
SWM_GRAPH_HEADER_IC;IC;;§BIC§!;;;;;;;;;;x;
SWM_GRAPH_HEADER_MANPOWER;Manpower;;§BArbeitskräfte§!          ;;;;;;;;;;x;
SWM_CARGO_LOST_DESC_1;We lost §Y$NUM$§! tons of cargo this month.;;Diesen Monat haben wir §Y$NUM$§! Tonnen Fracht verloren.;;;;;;;;;;x;
SWM_CARGO_LOST_DESC_2;We lost §Y$NUM$§! tons of cargo this year.;;Dieses Jahr haben wir §Y$NUM$§! Tonnen Fracht verloren.;;;;;;;;;;x;
SWM_CARGO_LOST_DESC_3;We lost §Y$NUM$§! tons of cargo in total.;;Wir haben insgesamt §Y$NUM$§! Tonnen Fracht verloren.;;;;;;;;;;x;
SWM_CARGO_SUNK_DESC_1;We sank §Y$NUM$§! tons of cargo this month.;;Diesen Monat haben wir §Y$NUM$§! Tonnen Fracht versenkt.;;;;;;;;;;x;
SWM_CARGO_SUNK_DESC_2;We sank §Y$NUM$§! tons of cargo this year.;;Dieses Jahr haben wir §Y$NUM$§! Tonnen Fracht versenkt.;;;;;;;;;;x;
SWM_CARGO_SUNK_DESC_3;We sank §Y$NUM$§! tons of cargo in total.;;Wir haben insgesamt §Y$NUM$§! Tonnen Fracht versenkt.;;;;;;;;;;x;
SWM_OUR_PROV_DAMAGE_DESC_1;About §R$PERC$%§! of our cities were ruined this month.;;Ungefähr §R$PERC$%§! unserer Städte wurden in diesem Monat zerstört.;;;;;;;;;;x;
SWM_OUR_PROV_DAMAGE_DESC_2;About §R$PERC$%§! of our cities were ruined this year.;;Ungefähr §R$PERC$%§! unserer Städte wurden in diesem Jahr zerstört.;;;;;;;;;;x;
SWM_OUR_PROV_DAMAGE_DESC_3;About §R$PERC$%§! of our cities were ruined in total.;;Insgesamt wurden ungefähr §R$PERC$%§! unserer Städte zerstört.;;;;;;;;;;x;
SWM_THEIR_PROV_DAMAGE_DESC_1;About §R$PERC$%§! of their cities were ruined this month.;;Ungefähr §R$PERC$%§! ihrer Städte wurden in diesem Monat zerstört.;;;;;;;;;;x;
SWM_THEIR_PROV_DAMAGE_DESC_2;About §R$PERC$%§! of their cities were ruined this year.;;Ungefähr §R$PERC$%§! ihrer Städte wurden in diesem Jahr zerstört.;;;;;;;;;;x;
SWM_THEIR_PROV_DAMAGE_DESC_3;About §R$PERC$%§! of their cities were ruined in total.;;Insgesamt wurden ungefähr §R$PERC$%§! ihrer Städte zerstört.;;;;;;;;;;x;
SWM_OUR_BOMBERS_DAMAGE_DESC_1;Enemy bombers received §R$DAM$§! damage this month.;;In diesem Monat erlitten feindliche Bomber §R$DAM$§! Schaden.;;;;;;;;;;x;
SWM_OUR_BOMBERS_DAMAGE_DESC_2;Enemy bombers received §R$DAM$§! damage this year.;;In diesem Jahr erlitten feindliche Bomber §R$DAM$§! Schaden.;;;;;;;;;;x;
SWM_OUR_BOMBERS_DAMAGE_DESC_3;Enemy bombers received §R$DAM$§! damage in total.;;Feindliche Bomber erlitten insgesamt §R$DAM$§! Schaden.;;;;;;;;;;x;
SWM_THEIR_BOMBERS_DAMAGE_DESC_1;Our bombers received §R$DAM$§! damage this month.;;In diesem Monat erlitten unsere Bomber §R$DAM$§! Schaden.;;;;;;;;;;x;
SWM_THEIR_BOMBERS_DAMAGE_DESC_2;Our bombers received §R$DAM$§! damage this year.;;In diesem Jahr erlitten unsere Bomber §R$DAM$§! Schaden.;;;;;;;;;;x;
SWM_THEIR_BOMBERS_DAMAGE_DESC_3;Our bombers received §R$DAM$§! damage in total.;;Unsere Bomber erlitten insgesamt §R$DAM$§! Schaden.;;;;;;;;;;x;
SWM_LOSSES_PROVINCE;Province;;§BProvinz§!     ;;;;;;;;;;x;
SWM_LOSSES_BOMBERS;Bombers;;§BKampfflugzeuge§!        ;;;;;;;;;;x;
SWM_MAX_DAMAGE;Max Damage: $DAM$;;§BMax Schaden: $DAM$§!;;;;;;;;;;x;
SWM_TOOLTIP_TAB_NAVAL;Compare your and your enemies' §Gnaval§! losses related to §Yconvoy raiding§!.;;Vergleiche deine §GMarine§!-Verluste mit denen deiner Feinde, die sich auf die §YKonvoi-Übergriffe§! beziehen.;;;;;;;;;;x;
SWM_TOOLTIP_TAB_AIR;Compare your and your enemies' §Gair§! losses related to §Ystrategic bombing§!.;;Vergleiche deine §GLuft§!-Verluste mit denen deiner Feinde, die sich auf die §Ystrategische Bombenangriffe§! beziehen.;;;;;;;;;;x;
SWM_TOOLTIP_TAB_LAND;Compare your and your enemies' §Gland§! losses from §Yland combat§! and §Yattrition§! suffered on enemy territory.;;Vergleiche deine §GLand§!-Verluste mit denen deiner Feinde, die sich auf den §YLandkampf§! und §YZermürbung§! auf dem feindlichen Gelände beziehen.;;;;;;;;;;x;
SWM_TOOLTIP_NAVAL_OUR_CONVOYS;The estimated IC cost of convoys that §Ywe§! have lost.;;Die geschätzten IC-Kosten der Konvois, die §Ywir§! verloren haben.;;;;;;;;;;x;
SWM_TOOLTIP_NAVAL_OUR_ATTACKERS;The estimated IC cost of §Yenemy§! naval units (repairing cost + rebuilding lost ships) that suffered damage in their raids on our convoys.;;Die geschätzten IC-Kosten der §Yfeindlichen§! Marineeinheiten (Reparaturkosten + Wiederaufbau von verlorenen Schiffen), die wegen Konvoiangriffen Schaden erlitten wurden.;;;;;;;;;;x;
SWM_TOOLTIP_NAVAL_OUR_CARGO;The estimated cargo sunk together with §Your§! convoys.;;Die geschätzte Fracht, die mit §Yunseren§! Konvois sank.;;;;;;;;;;x;
SWM_TOOLTIP_NAVAL_THEIR_CONVOYS;The estimated IC cost of §Yenemy§! convoys that we sank in convoy raids.;;Die geschätzten IC-Kosten der §Yfeindlichen§! Konvois, die wir während Konvoiangriffen versenkt haben.;;;;;;;;;;x;
SWM_TOOLTIP_NAVAL_THEIR_ATTACKERS;The estimated IC cost of §Your§! naval units (repairing cost + rebuilding lost ships) that suffered damage in our raids on enemy convoys.;;Die geschätzten IC-Kosten §Yunserer§! Marineeinheiten (Reparaturkosten + Wiederaufbau von verlorenen Schiffen), die wegen Konvoiangriffen Schaden erlitten wurden.;;;;;;;;;;x;
SWM_TOOLTIP_NAVAL_THEIR_CARGO;The estimated cargo sunk together with §Yenemy§! convoys.;;Die geschätzte Fracht, die mit den §Yfeindlichen§! Konvois sank.;;;;;;;;;;x;
SWM_TOOLTIP_AIR_OUR_PROVINCE;The estimated damage done in §Your§! provinces by enemy bombers.\nThis includes damaged buildings, destroyed goods and supplies, and damaged land units.;;Der geschätzte Schaden in §Yunseren§! Provinzen durch feindliche Kampfflugzeuge.\nDazu gehören beschädigte Gebäude, zerstörte Waren und Lieferungen sowie beschädigte Landeinheiten.;;;;;;;;;;x;
SWM_TOOLTIP_AIR_OUR_BOMBERS;The estimated damage done to §Yenemy§! bombers.;;Der geschätzte Schaden an §Yfeindlichen§! Kampfflugzeugen.;;;;;;;;;;x;
SWM_TOOLTIP_AIR_THEIR_PROVINCE;The estimated damage done to §Yenemy§! provinces by our bombers.\nThis includes damaged buildings, destroyed goods and supplies, and damaged land units.;;Der geschätzte Schaden an §Yfeindlichen§! Provinzen durch unsere Kampfflugzeuge.\nDazu gehören beschädigte Gebäude, zerstörte Waren und Lieferungen sowie beschädigte Landeinheiten.;;;;;;;;;;x;
SWM_TOOLTIP_AIR_THEIR_BOMBERS;The estimated damage done to §Your§! bombers.;;Der geschätzte Schaden an §Yunseren§! Kampfflugzeugen.;;;;;;;;;;x;
SWM_TOOLTIP_LAND_IC_US;The estimated IC cost of reinforcement/rebuilding of §Your§! land units that have suffered damage in combat.;;Die geschätzten IC-Kosten der Verstärkung/des Wiederaufbaus §Yunserer§! Landeinheiten, die im Kampf Schaden erlitten.;;;;;;;;;;x;
SWM_TOOLTIP_LAND_IC_THEM;The estimated IC cost of reinforcement/rebuilding of §Yenemy§! land units that have suffered damage in combat.;;Die geschätzten IC-Kosten der Verstärkung/des Wiederaufbaus §Yfeindlichery§! Landeinheiten, die im Kampf Schaden erlitten.;;;;;;;;;;x;
SWM_TOOLTIP_LAND_MAN_US;The estimated Manpower cost of reinforcement/rebuilding of §Your§! land units that have suffered damage in combat.;;Die geschätzten militärischen Kosten der Verstärkung/des Wiederaufbaus §Yunserer§! Landeinheiten, die im Kampf Schaden erlitten.;;;;;;;;;;x;
SWM_TOOLTIP_LAND_MAN_THEM;The estimated Manpower cost of reinforcement/rebuilding of §Yenemy§! land units that have suffered damage in combat.;;Die geschätzten militärischen Kosten der Verstärkung/des Wiederaufbaus §Yfeindlicher§! Landeinheiten, die im Kampf Schaden erlitten.;;;;;;;;;;x;
UNIT_REPAIR_COST_MULT;Repair cost multiplier;;Reparaturkosten-Multiplikator;;;;;;;;;;x;
SPY_PRODUCTION_LABEL;Producing;;Erzeugung;;;;;;;;;;x;
LEAVE_FACTION;Leave Faction;;Fraktion verlassen;;;;;;;;;;x;
REJOIN_FACTION;Rejoin Faction;;Fraktion wieder betreten;;;;;;;;;;x;
LEAVE_FACTION_INTENTION;§Y$COUNTRY$§! §Ris going to leave the faction.§!;;§Y$COUNTRY$§! §Rwird die Fraktion verlassen.§!;;;;;;;;;;x;
COVERT_OPS_POINTS;Covert Ops Points:;;Geheime Ops-Punkte:;;;;;;;;;;x;
SPYMISSION_COVERT_OPS_TITLE;Covert Operations;;Geheime Operationen;;;;;;;;;;x;
SPYMISSION_COVERT_OPS_DESC;Prepare for covert operations, sabotage and commando infiltration;;Bereite dich auf geheime Operationen, Sabotage und Kommando-Infiltration vor;;;;;;;;;;x;
COVERT_MISSIONS_LABEL;Covert Missions;;Geheime Missionen;;;;;;;;;;x;
COVERT_OPS_SORT;Covert;;Geheim;;;;;;;;;;x;
MODIFIER_LAND_INTEL_BOOST;Land intelligence boost;;Verbesserung des Landes-Geheimdienstes;;;;;;;;;;x;
MODIFIER_NAVAL_INTEL_BOOST;Naval intelligence boost;;Verbesserung des Marine-Geheimdienstes;;;;;;;;;;x;
MODIFIER_LOCAL_UNIT_SPEED;Other local speed effects;;Andere lokale Geschwindigkeitseffekte;;;;;;;;;;x;
MODIFIER_STRATEGIC_RESOURCE_EFFICIENCY;Strategic resource damage;;Strategischer Ressourcenschaden;;;;;;;;;;x;
FE_CUSTOM_GAMES;Custom Games;;Angepasste Spiele;;;;;;;;;;x;
EVTNAME18000;Spy ring broken;;Spionagering zerschlagen;;;;;;;;;;x;
EVTDESC18000;Our secret service has recently captured an enemy agent and broken their entire spy ring. This will increase the efficiency of our counter-espionage nationwide for a time.;;Unser Geheimdienst hat vor Kurzem einen feindlichen Agenten gefangen genommen und den gesamten Spionagering zerschlagen. Dies wird die Effizienz unserer Spionageabwehr landesweit eine zeitlang erhöhen.;;;;;;;;;;x;
EVTOPTA18000;Good news!;;Gute Neuigkeiten!;;;;;;;;;;x;
EVTNAME18001;Codes lost;;Verlorene Codes;;;;;;;;;;x;
EVTDESC18001;Counter-intelligence efforts suffered a blow recently as our agents' latest set of codes has fallen into the hands of the enemy. This will decrease the efficiency of our counter-espionage nationwide for a time.;;Vor Kurzem erlitten die Bemühungen der Gegenspionage einen Schlag, da die neuesten Codes unserer Agenten in die Hände des Feindes gefallen sind. Dies wird die Effizienz unserer Spionageabwehr landesweit eine zeitlang verringern.;;;;;;;;;;x;
EVTOPTA18001;Disaster!;;Desaster!;;;;;;;;;;x;
EVTNAME18002;Intelligence windfall;;Geheimdienst-Glücksfall;;;;;;;;;;x;
EVTDESC18002;Through a series of clever plots and at least one hair-raising adventure, one of our spies has stolen an enemy code book. Until they change their codes we will enjoy increased intel levels.;;In einer Reihe von klugen Verschwörungen und mit mindestens einem haarsträubenden Abenteuer hat einer unserer Spione ein feindliches Codebuch gestohlen. Solange sie ihre Codes nicht ändern, profitieren wir von einem erhöhten Fluss an geheimen Informatione;;;;;;;;;;x;
sabotage_strategic_resource;Sabotage strategic resource;;Strategische Ressourcen sabotieren;;;;;;;;;;x;
steal_battle_plans;Steal local battle plans;;Lokale Kampfpläne stehlen;;;;;;;;;;x;
scout_area;Scout area;;Das Gebiet beobachten;;;;;;;;;;x;
sabotage_area;Sabotage area;;Das Gebiet sabotieren;;;;;;;;;;x;
sabotage_strategic_resource_desc;Sabotage the strategic resource in this province to reduce its effect.;;Sabotiere die strategischen Ressourcen in dieser Provinz, um ihren Effekt zu vermindern.;;;;;;;;;;x;
steal_battle_plans_desc;Infiltrate to steal local battle plans and give us an intelligence advantage in the area.;;Infiltriere, um lokale Kampfpläne zu stehlen und uns einen Kampfvorteil in der Region zu verschaffen.;;;;;;;;;;x;
scout_area_desc;Send in spies to do detailed scouting of the area before an advance.;;Setze Spione ein, um das Gebiet detailliert zu beobachten, bevor du weitergehst.;;;;;;;;;;x;
sabotage_area_desc;Sabotage bridges, destroy road signs and generally make it a difficult place for the enemy to move through.;;Sabotiere die Brücken, zerstöre die Straßenschilder und mache es dem Feind allgemein schwierig, sich durch dieses Gebiet zu bewegen.;;;;;;;;;;x;
covertopsmod_sabotage;Sabotaged area;;Sabotiertes Gebiet;;;;;;;;;;x;
partisan_resupply;Partisan Resupply;;;;;;;;;;;;x;
covertopsmod_partisan_resupply;Partisan Resupply Cooldown;;;;;;;;;;;;x;
partisan_resupply_desc;Works together with local underground partisans to commandeer a supply cache for the province.;;;;;;;;;;;;x;
covertopsmod_scout;Scouted area;;Beobachtetes Gebiet;;;;;;;;;;x;
covertopsmod_damage_resource;Sabotage strategic resource;;Strategische Ressourcen sabotieren;;;;;;;;;;x;
DISTRIBUTE_LENDLEASE;Lend-Lease;;Leih-Pacht-Vertrag;;;;;;;;;;x;
DISTRIBUTE;Distribute;;Verteilen;;;;;;;;;;x;
ACT_LENDLEASE_WE_GOI;We cannot lend-lease when we are a government in exile.;;Wir können keinen Leih-Pacht-Vertrag abschließen, wenn wir eine Regierung im Exil sind.;;;;;;;;;;x;
ACT_LENDLEASE_THEM_GOI;We cannot lend-lease to a government in exile.;;Wir können mit einer Regierung im Exil keinen Leih-Pacht-Vertrag abschließen.;;;;;;;;;;x;
PROV_DISTANCE_FROM;§Y$DIST$ km§! from $FROM$;;§Y$DIST$ km§! aus $FROM$;;;;;;;;;;x;
ADD_SPIES_EFFECT;Add §Y$VAL$§! spies to §Y$TARGET$§!;;Füge §Y$VAL$§! Spione zu §Y$TARGET$§!;;;;;;;;;;x;
REMOVE_SPIES_EFFECT;Add §Y$VAL$§! spies to §Y$TARGET$§!;;Entferne §Y$VAL$§! Spionen von §Y$TARGET$§!;;;;;;;;;;x;
ADD_PRACTICAL_EFFECT;§Y$TARGET$§! practical increased by §G$VAL$§!;;§Y$TARGET$§! praktisch erhöht durch §G$VAL$§!;;;;;;;;;;x;
REDUCE_PRACTICAL_EFFECT;§Y$TARGET$§! practical decreased by §G$VAL$§!;;§Y$TARGET$§! praktisch verringert durch §G$VAL$§!;;;;;;;;;;x;
tactic_basic_attack;Attack;;Angreifen;;;;;;;;;;x;
tactic_basic_defend;Defend;;Verteidigen;;;;;;;;;;x;
tactic_assault;Assault;;Angriff;;;;;;;;;;x;
tactic_reckless_assault;Reckless Assault;;Rücksichtsloser Angriff;;;;;;;;;;x;
tactic_encirclement;Encirclement;;Einkesselung;;;;;;;;;;x;
tactic_delay;Delay;;Verzögerung;;;;;;;;;;x;
tactic_slower_delay;Masterful Delay;;Meisterhafte Verzögerung;;;;;;;;;;x;
tactic_shock;Shock;;Schock;;;;;;;;;;x;
tactic_counterattack;Counter-attack;;Gegenangriff;;;;;;;;;;x;
tactic_tactical_withdrawal;Tactical Withdrawal;;Taktischer Rückzug;;;;;;;;;;x;
tactic_breakthrough;Breakthrough;;Durchbruch;;;;;;;;;;x;
tactic_superior_breakthrough;Masterful Breakthrough;;Meisterhafter Durchbruch;;;;;;;;;;x;
tactic_ambush;Ambush;;Angriff aus dem Hinterhalt;;;;;;;;;;x;
tactic_blitz;Blitz;;Blitzkrieg;;;;;;;;;;x;
tactic_banzai;Banzai;;Banzai;;;;;;;;;;x;
tactic_conscripts;Opolcheniye;;Opolcheniye;;;;;;;;;;x;
tactic_super_blitz;Masterful Blitz;;Meisterhafter Blitzkrieg;;;;;;;;;;x;
tactic_elastic_defence;Elastic Defence;;Flexible Verteidigung;;;;;;;;;;x;
tactic_backhand_blow;Backhand Blow;;Rückhandstoß;;;;;;;;;;x;
tactic_snipers;Snipers !;;;;;;;;;;;;x;
tactic_asymmetric;Asymmetric Tactics;;;;;;;;;;;;x;
tactic_pakfront;Pakfront;;;;;;;;;;;;x;
tactic_panzerkreil;Panzerkeil;;;;;;;;;;;;x;
tactic_schwerpunkt_def;Schwerpunkt;;;;;;;;;;;;x;
tactic_schwerpunkt_att;Schwerpunkt;;;;;;;;;;;;x;
tactic_rapid_encirclement;Rapid Encirclement;;;;;;;;;;;;x;
tactic_cautious_attack;Cautious Attack;;;;;;;;;;;;x;
tactic_marching_fire_offensive;Marching Fire Offensive;;;;;;;;;;;;x;
tactic_time_on_target_att;Time on Target;;;;;;;;;;;;x;
tactic_time_on_target_def;Time on Target;;;;;;;;;;;;x;
tactic_combined_arms_defence;Combined Arms Defence;;;;;;;;;;;;x;
tactic_stand_off;Stand Off;;;;;;;;;;;;x;
tactic_advanced_assault;Advanced Assault;;;;;;;;;;;;x;
tactic_advanced_defend;Advanced Defend;;;;;;;;;;;;x;
tactic_rapid_support_offence;Rapid Fire Support Attack;;;;;;;;;;;;x;
tactic_rapid_support_defence;Rapid Fire Support Defence;;;;;;;;;;;;x;
tactic_strongpoint_defence;Hedgehog Defence;;;;;;;;;;;;x;
tactic_DP_delay;Advanced Delay;;;;;;;;;;;;x;
tactic_diversion;Diversion;;;;;;;;;;;;x;
tactic_mechanized_breakthrough;Mechanised Breaktrough;;;;;;;;;;;;x;
tactic_human_wave;Human Wave;;;;;;;;;;;;x;
tactic_infantry_breakthrough;Infantry Breakthrough;;;;;;;;;;;;x;
TACTIC_COUNTERED_BY;Countered by: §Y$NAME$§!\n;;Entgegnet von: §Y$NAME$§!\n;;;;;;;;;;x;
TACTIC_COUNTERS;Counters:;;Entgegnungen:;;;;;;;;;;x;
DEFENDER_COUNTERED;The defender's tactic was countered by the attacker rendering it useless. Leaders with a higher skill than their opponent are more likely to counter their tactics.;;Auf die Taktik des Verteidigers antwortete der Angreifer mit einer Gegentaktik. Anführer, die eine höhere Fertigkeit als ihre Gegner haben, können ihren Taktiken eher entgegenwirken.;;;;;;;;;;x;
ATTACKER_COUNTERED;The attacker's tactic was countered by the defender rendering it useless. Leaders with a higher skill than their opponent are more likely to counter their tactics.;;Auf die Taktik des Angreifers antwortete der Verteidiger mit einer Gegentaktik. Anführer, die eine höhere Fertigkeit als ihre Gegner haben, können ihren Taktiken eher entgegenwirken.;;;;;;;;;;x;
NONE_COUNTERED;Neither of the combatants deployed a tactic able to counter the other. Combat proceeds as normal.;;Keiner der Kämpfer setzte eine Taktik ein, die den Gegenangriff des Gegners kontert. Der Kampf wird normal fortgesetzt.;;;;;;;;;;x;
LEADER_INITIATIVE;\n§YThis leader has a higher skill level and has a slightly higher chance of picking a tactic to directly counter the enemy's choice§!;;\n§YDieser Anführer hat ein höheres Fertigkeits-Level und hat eine etwas höhere Chance eine Taktik auszuwählen, mit der man direkt der Wahl des Feindes entgegenwirken kann§!;;;;;;;;;;x;
CHAT_CHANNEL_GENERAL;General;;Allgemeines;;;;;;;;;;;x
CHAT_SYSTEM;System;;System;;;;;;;;;;;x
CHAT_ERROR_UNKNOWNSLASH;Unknow command, type '/help' or '/?' to list commands;;Unbekannter Befehl, tippe '/help' oder '/?', um die Befehle aufzulisten;;;;;;;;;;;x
CHAT_ERROR_UNKNOWNCHANNELUSER;Could not find user '$NAME$' in current channel;;Benutzer '$NAME$' im aktuellen Channel nicht gefunden;;;;;;;;;;;x
CHAT_ERROR_UNKNOWNUSER;Could not find user '$NAME$';;Benutzer '$NAME$' nicht gefunden;;;;;;;;;;;x
CHAT_SLAP;$FIRST$ slaps $SECOND$ around with a large Jagdpanther;;$FIRST$ ohrfeigt $SECOND$ mit einem großen Jagdpanther;;;;;;;;;;;x
CHAT_ERROR_SLAP_MISSINGARG;Invalid syntax, expected: /slap <username>;;Ungültige Syntax, erwartet: /slap <Benutzername>;;;;;;;;;;;x
CHAT_ERROR_ME_MISSINGARG;Invalid syntax, expected: /me <message>;;Ungültige Syntax, erwartet: /me <Nachricht>;;;;;;;;;;;x
CHAT_ERROR_CREATE_MISSINGARG;Invalid syntax, expected: /create <channel name>;;Ungültige Syntax, erwartet: /create <Channel-Name>;;;;;;;;;;;x
CHAT_ERROR_INVITE_MISSINGARG;Invalid syntax, expected: /invite <username>;;Ungültige Syntax, erwartet: /invite <Benutzername>;;;;;;;;;;;x
CHAT_ERROR_INVITE_NOTOPERATOR;Only channel creator can invite users;;Nur der Channelerzeuger kann Benutzer einladen;;;;;;;;;;;x
CHAT_ERROR_INVITE_ALREADYTHERE;User is already in channel;;Der Benutzer ist schon im Channel;;;;;;;;;;;x
CHAT_ERROR_KICK_MISSINGARG;Invalid syntax, expected: /kick <username>;;Ungültige Syntax, erwartet: /kick <Benutzername>;;;;;;;;;;;x
CHAT_ERROR_KICK_NOTOPERATOR;Only channel creator can kick users;;Nur der Channelerzeuger kann Benutzer kicken;;;;;;;;;;;x
CHAT_ERROR_KICK_NOTTHERE;User is not in channel;;Der Benutzer ist nicht auf dem Channel;;;;;;;;;;;x
CHAT_ERROR_WHISPER_MISSINGARG;Invalid syntax, expected: /whisper <username> <message>;;Ungültige Syntax, erwartet: /whisper <Benutzername> <Nachricht>;;;;;;;;;;;x
CHAT_ERROR_REPLY_MISSINGARG;Invalid syntax, expected: /reply <message>;;Ungültige Syntax, erwartet: /reply <Nachricht>;;;;;;;;;;;x
CHAT_ERROR_REPLY_MISSINGUSER;No connected user to reply to;;Kein angemeldeter Benutzer, um zu antworten;;;;;;;;;;;x
CHAT_WHISPER_TO;To $NAME$;;Für $NAME$;;;;;;;;;;;x
CHAT_ROLL;$USER$ rolls a d$DIE$, Computer says '$NUMBER$';;$USER$ würfelt d$DIE$, Computer sagt '$NUMBER$;;;;;;;;;;;x
CHAT_YES;Yes;;Ja;;;;;;;;;;;x
CHAT_NO;No;;Nein;;;;;;;;;;;x
CHAT_BETWEEN_X_AND_Y;Chat between $X$ and $Y$;;Chat zwischen $X$ und $Y$;;;;;;;;;;;x
CHAT_USERJOINEDCHANNEL;$NAME$ joined channel;;$NAME$ betritt den Channel;;;;;;;;;;;x
CHAT_USERLEFTCHANNEL;$NAME$ left channel;;$NAME$ verlässt den Channel;;;;;;;;;;;x
CHAT_USERDISCONNECTED;$NAME$ disconnected;;$NAME$ hat ausgeloggt ;;;;;;;;;;;x
CHAT_USERWASBANNED;$NAME$ was kicked by $OP$;;$NAME$ wurde von $OP$ gekickt;;;;;;;;;;;x
CHAT_YOUWEREBANNED;You were kicked by $OP$ from $CHANNEL$;;Du wurdest von $OP$ aus $CHANNEL$ gekickt;;;;;;;;;;;x
CHAT_AXIS;Axis;;Achse;;;;;;;;;;;x
CHAT_COMINTERN;Comintern;;Komintern;;;;;;;;;;;x
CHAT_NEUTRAL;Neutral;;Neutral;;;;;;;;;;;x
##### unit_type;####;;;;;;;;;;;;;x
assault_unit_type;Assault;;Recon;;;;;;;;;;;x
assault_unit_type_desc;Assault units are deployed specifically to take out key parts of a defence such as a fort or heavy bunker. They include combat engineers, assault groups and demoltion teams.;;Assault;;;;;;;;;;;x
kampfgruppe_unit_type;Combined Arms;;kampfgruppe;;;;;;;;;;;x
kampfgruppe_unit_type_desc;The Kampfgruppe was an ad-hoc combined arms formation, usually employing a combination of tanks, infantry, and artillery elements, generally organised for a particular task or operation. Kampfgruppen were generally referred to by either their commanding officer's name or the parent division. Hundreds of Kampfgruppen are documented to have taken part in operations and they left a significant impact in popular culture and the picture of the Second World War.;;;;;;;;;;;;;x
recon_unit_type;Recon;;Recon;;;;;;;;;;;x
recon_unit_type_desc;Recon units scout ahead, guard the flanks and perform the role of tactical eyes and ears for their formations;;Recon;;;;;;;;;;;x
mobile_unit_type;Mobile;;Mobile;;;;;;;;;;;x
mobile_unit_type_desc;Fast moving units which are often combined with tank formations to create lethal mobile units;;Mobile;;;;;;;;;;;x
special_forces_unit_type;Special Forces;;Special Forces;;;;;;;;;;;x
special_forces_unit_type_desc;Special Forces are highly trained specialised units able to operate effectively in difficult terrain or climates;;Special Forces;;;;;;;;;;;x
armor_unit_type;Armored;;Gepanzert;;;;;;;;;;;x
armor_unit_type_desc;Armored units add punch, mobility, and protection to a division. With the Combined Arms technology, these units offer the greatest boost to combat efficiency.;;Gepanzerte Einheiten gewähren Kraft, Mobilität und Schutz für die Einheit. Mit der Gefecht der verbundenen Waffen-Technologie bieten diese Geräte den größten Vorteil zur Kampfeffizienz.;;;;;;;;;;;x
infantry_unit_type;Infantry;;Infanterie;;;;;;;;;;;x
infantry_unit_type_desc;Infantry is the basis for combined arms. Combine them with other arms for a combat bonus.;;Die Infanterie ist die Grundlage für kombinierte Waffen. Kombiniere sie mit anderen Waffen für einen Kampfbonus.;;;;;;;;;;;x
direct_fire_unit_type;Direct Fire;;Direkter Beschuss;;;;;;;;;;;x
direct_fire_unit_type_desc;Direct Fire units are specialised units which engage targets within their line of sight.;;Direkte Beschuss-Einheiten sind spezialisierte Einheiten, die Ziele innerhalb ihrer Sichtlinie angreifen.;;;;;;;;;;;x
support_unit_type;Support;;Unterstützung ;;;;;;;;;;;x
support_unit_type_desc;Support units can add general utility, or certain special abilities, to a division to make it useful in different roles.;;Unterstützungs-Einheiten können für eine Einheit von allgemeinem Nutzen sein oder bestimmte besondere Fähigkeiten gewähren, um sie in einer anderen Funktion  nützlich zu machen.;;;;;;;;;;;x
artillery_unit_type_desc;Artillery units can fire over other units or intervening objects to rain destruction on the enemy from a distance.;;Artillerie-Einheiten können über andere Einheiten oder angreifende Objekten schießen, um den Feind aus der Ferne zu zerstören.;;;;;;;;;;;x
artillery_unit_type;Artillery;;Artillerie;;;;;;;;;;;x
transport_unit_type;Transport;;;;;;;;;;;;;x
transport_unit_type_desc;Transport units allow fast and efficient movement of entire units, their supplies, ammunition and fuel. ;;;;;;;;;;;;;x
motorized_transport_unit_type;Motorized Transport;;;;;;;;;;;;;x
motorized_transport_unit_type_desc;Motorized Transport units allow even faster and more efficient movement of our armies. ;;;;;;;;;;;;;x
antiair_unit_type; Anti Air;;;;;;;;;;;;;x
antiair_unit_type_desc;Anti Air artillery provides necessary on modern battlefield protection against enemy planes. ;;;;;;;;;;;;;x
auxiliary_unit_type;Auxiliary Units;;;;;;;;;;;;;x
auxiliary_unit_type_desc;This category covers all units that wouldn't be considered front line units like garrisons, military police etc.;;;;;;;;;;;;;x
mot_HQ_unit_type;Mot HQ;;;;;;;;;;;;;x
mot_HQ_unit_type_desc;Mot HQ;;;;;;;;;;;;;x
mech_HQ_unit_type;Mech HQ;;;;;;;;;;;;;x
mech_HQ_unit_type_desc;Mech HQ;;;;;;;;;;;;;x
armor_HQ_unit_type;Arm HQ;;;;;;;;;;;;;x
armor_HQ_unit_type_desc;Arm HQ;;;;;;;;;;;;;x
mtn_HQ_unit_type;Mtn HQ;;;;;;;;;;;;;x
mtn_HQ_unit_type_desc;Mtn HQ;;;;;;;;;;;;;x
marine_HQ_unit_type;Marn HQ;;;;;;;;;;;;;x
marine_HQ_unit_type_desc;Marn HQ;;;;;;;;;;;;;x
para_HQ_unit_type;Airb/Para HQ;;;;;;;;;;;;;x
para_HQ_unit_type_desc;Airb/Para HQ;;;;;;;;;;;;;x
ss_HQ_unit_type;SS HQ;;;;;;;;;;;;;x
ss_HQ_unit_type_desc;SS HQ;;;;;;;;;;;;;x
shock_HQ_unit_type;Shock HQ;;;;;;;;;;;;;x
shock_HQ_unit_type_desc;Shock HQ;;;;;;;;;;;;;x
division_HQ_unit_type;Division HQ;;;;;;;;;;;;;x
division_HQ_unit_type_desc;The standard Division HQ unit provides centralized command and control to other units in the division, thereby unlocking the potential for combined arms (CA) bonuses.;;;;;;;;;;;;;x
veteran_division_HQ_unit_type;Veteran Division HQ;;;;;;;;;;;;;x
veteran_division_HQ_unit_type_desc;The Veteran Division HQ unit is similar to the standard Division HQ, but provides an additional combined arms (CA) bonus.;;;;;;;;;;;;;x
elite_division_HQ_unit_type;Elite Division HQ;;;;;;;;;;;;;x
elite_division_HQ_unit_type_desc;The Elite Division HQ unit is similar to the Veteran Division HQ, but provides an additional combined arms (CA) bonus.;;;;;;;;;;;;;x
###############;;;;;;;;;;;x
INTEL_PRODUCTION;Production;;Erzeugung;;;;;;;;;;;x
BP_TOOL_ICON_PARADROP;Paratrooper icon;;Fallschirmtruppen-Symbol;;;;;;;;;;;x
BP_TOOL_ICON_CARRIER;Carrier icon;;Flugzeugträger-Symbol;;;;;;;;;;;x
BP_TOOL_ICON_BATTLESHIP;Battleship icon;;Kriegsschiff-Symbol;;;;;;;;;;;x
BP_TOOL_ICON_SUB;Submarine icon;;U-Boot-Symbol;;;;;;;;;;;x
BP_TOOL_ICON_LANDING;Landing icon;;Landung-Symbol;;;;;;;;;;;x
ARMOR_VALUE;Armor;;Panzer;;;;;;;;;;;x
AP_ATTACK;Piercing Attack;;Durchdringender Angriff;;;;;;;;;;;x
BUILD_PIERCING_IRO;Piercing Attack;;Durchdringender Angriff;;;;;;;;;;;x
BUILD_PIERCING_DRO;How well this brigade can penetrate armor.;;Wie gut diese Brigade den Panzer durchdringen kann.;;;;;;;;;;;x
BUILD_ARMOR_IRO;Armor;;Panzer;;;;;;;;;;;x
BUILD_ARMOR_DRO;How well this brigade can resist armor piercing attacks.;;Wie gut diese Brigade panzerdurchdringende Angriffe widerstehen kann.;;;;;;;;;;;x
BM_ARMOR_ADVANTAGE;Armor Advantage;;Panzervorteil;;;;;;;;;;;x
BM_ARMOR_ADVANTAGE_desc;Units with stronger armor than their enemy can penetrate will take reduced damage from their attacks, and do increased Organizational damage to them in return.;;Einheiten, die stärkere Panzer als ihr Feind haben, können größeren organisierten Schaden verursachen und erhalten weniger Schaden von deren Angriffen.;;;;;;;;;;;x
SCW_Axis_1;Control Sevilla;;Sevilla kontrollieren;;;;;;;;;;x
SCW_Axis_2;Control Madrid;;Madrid kontrollieren;;;;;;;;;;x
SCW_Axis_3;Control Barcelona;;Barcelona kontrollieren;;;;;;;;;;x
SCW_Axis_4;Control Valencia;;Valencia kontrollieren;;;;;;;;;;x
SCW_Allies_1;Control Madrid;;Madrid kontrollieren;;;;;;;;;;x
SCW_Allies_2;Control Sevilla;;Sevilla kontrollieren;;;;;;;;;;x
SCW_Allies_3;Control La Coruña;;La Coruña kontrollieren;;;;;;;;;;x
SCW_Allies_4;Control Huelva;;Huelva kontrollieren;;;;;;;;;;x
ENDGAMEHEADER_SCW_SPA_WIN;Victory!;;Sieg!;;;;;;;;;;x
ENDGAMEHEADER_SCW_SPA_LOSS;Disaster!;;Desaster!;;;;;;;;;;x
ENDGAMEHEADER_SCW_SPR_WIN;Victory!;;Sieg!;;;;;;;;;;x
ENDGAMEHEADER_SCW_SPR_LOSS;Disaster!;;Desaster!;;;;;;;;;;x
ENDGAMEBODY_SCW_SPA_WIN;With our victory here our nation need no longer suffer under the corrupt rule of the Communists, Democrats, or Anarchists. We will grow strong under the able rule of General Franco!;;Mit unserem hiesigen Sieg wird unsere Nation nicht mehr unter der korrupten Herrschaft der Kommunisten, Demokraten oder Anarchisten leiden müssen. Wir werden unter der fähigen Herrschaft des Generals Franco stark!";;;;;;;;;;x
ENDGAMEBODY_SCW_SPA_LOSS;Our defeat here condemns our nation to the misrule of Communists and Anarchists. The unified state of Spain and the Church are doomed.;;Unsere hiesige Niederlage verurteilt unsere Nation zu einer Missherrschaft der Kommunisten und Anarchisten. Der Einheitsstaat Spanien und die Kirche sind zum Scheitern verurteilt.;;;;;;;;;;x
ENDGAMEBODY_SCW_SPR_WIN;Our victory over the Fascist forces of Franco ensures that the Spanish Republic will live on as a free and democratic state.;;Unser Sieg über die faschistischen Kräfte von Franco macht es der spanischen Republik möglich, in einem freien und demokratischen Staat zu leben.;;;;;;;;;;x
ENDGAMEBODY_SCW_SPR_LOSS;Our defeat here means a Fascist victory. Doubtlessly, Franco will join the rising powers of Italy and Germany, leading Spain into a doomed war against the remaining powers in Europe.;;Unsere hiesige Niederlage bedeutet einen faschistischen Sieg. Zweifellos wird Franco den aufstrebenden Mächte in Italien und Deutschland beitreten, was Spanien in einen aussichtslosen Krieg gegen die übrigen Mächte Europas führen wird.;;;;;;;;;;x
WW_Axis_1;Control Viipuri until 1.5.1940;;Viipuri bis zum 1.5.1940 kontrollieren;;;;;;;;;;x
WW_Axis_2;Control Leningrad;;Leningrad kontrollieren;;;;;;;;;;x
WW_Axis_3;Leningrad is worth two victory points;;Leningrad ist zwei Siegpunkte wert;;;;;;;;;;x
WW_comintern_1;Control Viipuri;;Viipuri kontrollieren;;;;;;;;;;x
WW_comintern_2;Control Kakisalmi;;Kakisalmi kontrollieren;;;;;;;;;;x
WW_comintern_3;Control Sortavala;;Sortavala kontrollieren;;;;;;;;;;x
ENDGAMEHEADER_winter_war_SOV_WIN;Victory!;;Sieg!;;;;;;;;;;x
ENDGAMEHEADER_winter_war_SOV_LOSS;Disaster!;;Desaster!;;;;;;;;;;x
ENDGAMEHEADER_winter_war_FIN_WIN;Victory!;;Sieg!;;;;;;;;;;x
ENDGAMEHEADER_winter_war_FIN_LOSS;Disaster!;;Desaster!;;;;;;;;;;x
ENDGAMEBODY_winter_war_SOV_WIN;This great victory will ensure the security of Leningrad for all time!;;Dieser große Sieg wird die Sicherheit von Leningrad für alle Zeiten gewährleisten!;;;;;;;;;;x
ENDGAMEBODY_winter_war_SOV_LOSS;Our defeat here leaves Leningrad open to attack via Finland. No doubt even now the counter-revolutionaries plot against us!;;Unsere hiesige Niederlage macht Leningrad über Finnland angreifbar. Zweifellos verschwören sich die Gegenrevolutionäre auch jetzt gegen uns!;;;;;;;;;;x
ENDGAMEBODY_winter_war_FIN_WIN;Our victory over the Russian forces has once again defeated their imperialist advances towards our fair nation!;;Unser Sieg über die russischen Truppen hat ihren imperialistischen Appetit auf unsere große Nation erneut besiegt!;;;;;;;;;;x
ENDGAMEBODY_winter_war_FIN_LOSS;Our defeat has forced us to give up our border fortifications, it may prove that we must ally with anyone who has the strength and the willpower to fight the Soviet union if we ever hope to recover them.;;Unsere Niederlage hat uns gezwungen, unsere Grenzbefestigungen aufzugeben, aber es kann sein, dass wir uns mit jedem verbünden müssen, der die Stärke und die Willenskraft hat, die Sowjetunion zu bekämpfen und die Befestigungen zurückzuerobern.;;;;;;;;;;x
EVTNAME520;There's no point in fighting anymore;;Es macht keinen Sinn, weiter zu kämpfen.;;;;;;;;;;x
EVTDESC520;Our defeat at the hands of Japan leaves us no choice but to cede our entire coastline to them. Perhaps one day we can recover it, but for now we must rebuild.;;Unsere Niederlage gegen Japan lässt uns keine andere Wahl als unsere gesamte Küste an sie abzutreten. Vielleicht werden wir sie eines Tages erobern, aber jetzt müssen wir erst einmal Kräfte sammeln.;;;;;;;;;;x
EVTOPTA520;We will rise again!;;Wir werden wieder aufsteigen!;;;;;;;;;;x
china_war_goal;Seize the Chinese coast;;Die chinesische Küste angreifen;;;;;;;;;;x
china_war_goal_setup;The coastal area of China contains the majority of their industry and resources. With it in our hands there is no real need to occupy the entire country or waste further time fighting the Chinese and their feuding warlord states.;;Die Küste von China enthält den Großteil ihrer Industrie und Ressourcen. Wenn wir sie erobern, wird es wirklich nicht notwendig sein, das ganze Land zu besetzen oder mehr Zeit in den Kampf gegen die Chinesen und ihre sich befehdenden Kriegsherr-Staaten zu;;;;;;;;;;x
AGGRESSION_ON;Tactics control is on. Use the slider to control how aggressive you want your divisions' tactics to be.;;Die Taktik-Kontrolle ist aktiviert. Verwende den Regler, um die Aggressivität deiner Einheiten-Taktik zu steuern.;;;;;;;;;;x
AGGRESSION_OFF;Tactics control is off. Settings are taken from HQs above us or default to neutral.;;Die Taktik-Kontrolle ist deaktiviert. Die Einstellungen werden von der Zentrale über uns übernommen oder standardmäßig auf neutral gesetzt.;;;;;;;;;;x
AGGRESSION_AGGRESSIVE;Aggressive;;Aggressiv;;;;;;;;;;x
AGGRESSION_DEFENSIVE;Defensive;;Defensiv;;;;;;;;;;x
AGGRESSION_NEUTRAL;Neutral;;Neutral;;;;;;;;;;x
AGGRESSION_LEVEL;The level advises your leaders of what type of tactics they should use in battle. The more aggressive, the quicker battles will go, but they will also be more risky.\n Current status: §Y$STATUS$§!;;Das Level berät deine Anführern, welche Art von Taktik sie im Kampf einsetzen sollen. Je aggressiver, desto schneller wird gekämpft, aber die Kämpfe werden auch riskanter.\n Aktueller Status: §Y$STATUS$§!;;;;;;;;;;x
REQLENDTITLE;Request Lend-lease;;Leih-Pacht-Vertrag anfordern;;;;;;;;;;x
CANCELLENDTITLE;Cancel Lend-lease;;Leih-Pacht-Vertrag absagen;;;;;;;;;;x
BP_TOOL_ICON_INFANTRY;Infantry icon;;;;;;;;;;;;x
BP_TOOL_ICON_COMBAT;Combat icon;;;;;;;;;;;;x
SWM_STRATEGIC_WARFARE_OVERVIEW;Strategic Warfare Overview;;;;;;;;;;;;x